seed,scenario,policy,day,requested,executed,fallback_reason,time_s,peak_ram_mb,n_revealed_update,drift_score,concept_score,auprc_evaluable,reward,reward_reveal_day
42,clean,dqn,1,0,0,,1.61700006628962e-06,0.0,0,0.02456832490861416,,True,0.0,3
42,clean,dqn,2,0,0,,1.5050000001792796e-06,0.0,2400,0.003675650805234909,,True,0.0,4
42,clean,dqn,3,0,0,,2.0969999923181604e-06,0.0,4800,0.005718452390283346,0.07142857142857144,True,0.0,5
42,clean,dqn,4,0,0,,1.5599999869664316e-06,0.0,7200,0.005834675393998623,0.18518518518518515,True,0.0,6
42,clean,dqn,5,0,0,,1.3269999499243568e-06,0.0,9600,0.007861101999878883,0.38157894736842124,True,0.0,7
42,clean,dqn,6,0,0,,1.6120000054797856e-06,0.0,12000,0.004281061701476574,0.13513513513513511,True,0.0,8
42,clean,dqn,7,0,0,,1.510000060989114e-06,0.0,14400,0.004069674760103226,0.37037037037037046,True,0.0,9
42,clean,dqn,8,0,0,,1.5940000821501599e-06,0.0,16800,0.0020100490655750036,0.32558139534883723,True,0.0,10
42,clean,dqn,9,0,0,,2.0809999341508956e-06,0.0,19200,0.0040264250710606575,0.06666666666666668,True,0.0,11
42,clean,dqn,10,0,0,,1.9679999923027935e-06,0.0,21600,0.004071052186191082,0.4000000000000001,True,0.0,12
42,clean,dqn,11,0,0,,1.4780000583414221e-06,0.0,24000,0.004305379465222359,0.13333333333333336,True,0.0,13
42,clean,dqn,12,0,0,,1.5029999076432432e-06,0.0,26400,0.006263813003897667,0.6333333333333333,True,0.0,14
42,clean,dqn,13,0,0,,1.390000079481979e-06,0.0,28800,0.004233053885400295,1.9666666666666668,True,0.0,15
42,clean,dqn,14,0,0,,1.4810000266152201e-06,0.0,31200,0.0033666191156953573,0.09999999999999995,True,0.0,16
42,clean,dqn,15,0,0,,1.5770000345582957e-06,0.0,33600,0.0049521601758897305,0.1999999999999999,True,0.0,17
42,clean,dqn,16,0,0,,1.5279999843187397e-06,0.0,36000,0.0031797359697520733,0.4000000000000001,True,0.0,18
42,clean,dqn,17,0,0,,1.5649999340894283e-06,0.0,38400,0.003675302257761359,0.2333333333333333,True,0.0,19
42,clean,dqn,18,0,0,,1.4280000186772668e-06,0.0,40800,0.004585664719343185,0.03333333333333327,True,0.0,20
42,clean,dqn,19,0,0,,1.4099999816608033e-06,0.0,43200,0.004053839482367039,0.4333333333333334,True,0.0,21
42,clean,dqn,20,0,0,,1.8670000372367213e-06,0.0,45600,0.002844799542799592,0.2333333333333333,True,0.0,22
42,clean,a1,1,0,0,,1.7049999314622255e-06,0.0,0,0.02456832490861416,,True,0.0,3
42,clean,a1,2,0,0,,2.1259999130052165e-06,0.0,2400,0.003675650805234909,,True,0.0,4
42,clean,a1,3,0,0,,1.505999989603879e-06,0.0,4800,0.005718452390283346,0.07142857142857144,True,0.0,5
42,clean,a1,4,0,0,,2.319000032002805e-06,0.0,7200,0.005834675393998623,0.18518518518518515,True,0.0,6
42,clean,a1,5,0,0,,1.5329999314417364e-06,0.0,9600,0.007861101999878883,0.38157894736842124,True,0.0,7
42,clean,a1,6,0,0,,1.2689999948634068e-06,0.0,12000,0.004281061701476574,0.13513513513513511,True,0.0,8
42,clean,a1,7,0,0,,1.7580000530870166e-06,0.0,14400,0.004069674760103226,0.37037037037037046,True,0.0,9
42,clean,a1,8,0,0,,1.51599999753671e-06,0.0,16800,0.0020100490655750036,0.32558139534883723,True,0.0,10
42,clean,a1,9,0,0,,1.6180000557142193e-06,0.0,19200,0.0040264250710606575,0.06666666666666668,True,0.0,11
42,clean,a1,10,0,0,,1.9580000980568e-06,0.0,21600,0.004071052186191082,0.4000000000000001,True,0.0,12
42,clean,a1,11,0,0,,1.4629999895987567e-06,0.0,24000,0.004305379465222359,0.13333333333333336,True,0.0,13
42,clean,a1,12,0,0,,1.991999965866853e-06,0.0,26400,0.006263813003897667,0.6333333333333333,True,0.0,14
42,clean,a1,13,0,0,,1.3359999684325885e-06,0.0,28800,0.004233053885400295,1.9666666666666668,True,0.0,15
42,clean,a1,14,0,0,,1.497000084782485e-06,0.0,31200,0.0033666191156953573,0.09999999999999995,True,0.0,16
42,clean,a1,15,0,0,,1.5399999711007695e-06,0.0,33600,0.0049521601758897305,0.1999999999999999,True,0.0,17
42,clean,a1,16,0,0,,1.9200000451746746e-06,0.0,36000,0.0031797359697520733,0.4000000000000001,True,0.0,18
42,clean,a1,17,0,0,,1.5930000927255605e-06,0.0,38400,0.003675302257761359,0.2333333333333333,True,0.0,19
42,clean,a1,18,0,0,,1.8960000716106151e-06,0.0,40800,0.004585664719343185,0.03333333333333327,True,0.0,20
42,clean,a1,19,0,0,,1.8700000055105193e-06,0.0,43200,0.004053839482367039,0.4333333333333334,True,0.0,21
42,clean,a1,20,0,0,,1.5859999393796897e-06,0.0,45600,0.002844799542799592,0.2333333333333333,True,0.0,22
42,clean,a4,1,3,0,insufficient_revealed_classes,1.6280000636470504e-06,0.0,0,0.02456832490861416,,True,0.0,3
42,clean,a4,2,3,3,,0.25582087399993725,1.2503061294555664,2400,0.003675650805234909,,True,-0.2531024427685326,4
42,clean,a4,3,3,3,,0.2563218960000313,2.379018783569336,4800,0.005718452390283346,0.07142857142857144,True,-0.23961095182917422,5
42,clean,a4,4,3,3,,0.29655201200000647,3.50762939453125,7200,0.005834675393998623,0.18518518518518515,True,-0.2983216465876046,6
42,clean,a4,5,3,3,,0.2764077050001106,4.63602352142334,9600,0.007861101999878883,0.38157894736842124,True,-0.2751685144597564,7
42,clean,a4,6,3,3,,0.29352389400003176,5.764368057250977,12000,0.004281061701476574,0.13513513513513511,True,-0.2500675163697809,8
42,clean,a4,7,3,3,,0.31197913200003313,6.8923540115356445,14400,0.004069674760103226,0.37037037037037046,True,-0.24732451806027633,9
42,clean,a4,8,3,3,,0.3181150489999709,8.020833969116211,16800,0.0020100490655750036,0.32558139534883723,True,-0.24951090870446996,10
42,clean,a4,9,3,3,,0.3213850079999929,9.149238586425781,19200,0.0040264250710606575,0.06666666666666668,True,-0.24582227522397593,11
42,clean,a4,10,3,3,,0.33241994899992733,10.27803897857666,21600,0.004071052186191082,0.4000000000000001,True,-0.25032833138208443,12
42,clean,a4,11,3,3,,0.34171295500004817,11.406167984008789,24000,0.004305379465222359,0.13333333333333336,True,-0.25312200739956064,13
42,clean,a4,12,3,3,,0.3566046500000084,12.534406661987305,26400,0.006263813003897667,0.6333333333333333,True,-0.24828256310705044,14
42,clean,a4,13,3,3,,0.36154540600000473,13.662442207336426,28800,0.004233053885400295,1.9666666666666668,True,-0.25202261914841956,15
42,clean,a4,14,3,3,,0.3770640689999709,14.79104995727539,31200,0.0033666191156953573,0.09999999999999995,True,-0.2450299641507684,16
42,clean,a4,15,3,3,,0.38703356799999256,15.919259071350098,33600,0.0049521601758897305,0.1999999999999999,True,-0.24899698492842504,17
42,clean,a4,16,3,3,,0.3935998289999816,17.048550605773926,36000,0.0031797359697520733,0.4000000000000001,True,-0.26005011016837465,18
42,clean,a4,17,3,3,,0.40540697599999476,18.17644214630127,38400,0.003675302257761359,0.2333333333333333,True,-0.28942207121344277,19
42,clean,a4,18,3,3,,0.41824249799992685,19.30469036102295,40800,0.004585664719343185,0.03333333333333327,True,-0.25307868369655595,20
42,clean,a4,19,3,3,,0.42930007799998293,20.432783126831055,43200,0.004053839482367039,0.4333333333333334,True,-0.2350303556413251,21
42,clean,a4,20,3,3,,0.4485105680000743,21.561490058898926,45600,0.002844799542799592,0.2333333333333333,True,-0.2531808880084951,22
42,clean,random,1,0,0,,2.0950000134689617e-06,0.0,0,0.02456832490861416,,True,0.0,3
42,clean,random,2,3,3,,0.25329668099993796,1.2512493133544922,2400,0.003675650805234909,,True,-0.2531024427685326,4
42,clean,random,3,2,2,,0.20608026800005064,1.3299846649169922,4800,0.005718452390283346,0.07142857142857144,True,-0.13858301419278268,5
42,clean,random,4,1,1,,0.12672008800007006,11.892891883850098,7200,0.005834675393998623,0.18518518518518515,True,0.005200269824806543,6
42,clean,random,5,1,1,,0.1284603670000024,11.90871524810791,9600,0.007861101999878883,0.38157894736842124,True,-0.025840305469601754,7
42,clean,random,6,3,3,,0.29485233200000494,5.764328956604004,12000,0.004281061701476574,0.13513513513513511,True,-0.2521660896442843,8
42,clean,random,7,0,0,,1.7120000848080963e-06,0.0,14400,0.004069674760103226,0.37037037037037046,True,0.0,9
42,clean,random,8,2,2,,0.2245171690000234,4.626865386962891,16800,0.0020100490655750036,0.32558139534883723,True,-0.16926401986833178,10
42,clean,random,9,0,0,,1.5180000900727464e-06,0.0,19200,0.0040264250710606575,0.06666666666666668,True,0.0,11
42,clean,random,10,0,0,,1.6479999658258748e-06,0.0,21600,0.004071052186191082,0.4000000000000001,True,0.0,12
42,clean,random,11,2,2,,0.23715547100005097,6.607610702514648,24000,0.004305379465222359,0.13333333333333336,True,-0.14971465558533079,13
42,clean,random,12,3,3,,0.356391363000057,12.534378051757812,26400,0.006263813003897667,0.6333333333333333,True,-0.24419917482562686,14
42,clean,random,13,2,2,,0.2454730079999763,7.924917221069336,28800,0.004233053885400295,1.9666666666666668,True,-0.15590646458550417,15
42,clean,random,14,3,3,,0.3781371239999771,14.790928840637207,31200,0.0033666191156953573,0.09999999999999995,True,-0.24448660281435752,16
42,clean,random,15,2,2,,0.2661334540000553,9.243185043334961,33600,0.0049521601758897305,0.1999999999999999,True,-0.14818738980444845,17
42,clean,random,16,3,3,,0.40284995999991224,17.04779815673828,36000,0.0031797359697520733,0.4000000000000001,True,-0.25452833808939995,18
42,clean,random,17,2,2,,0.2765859510000155,10.559677124023438,38400,0.003675302257761359,0.2333333333333333,True,-0.18931788977073996,19
42,clean,random,18,0,0,,1.6390000610044808e-06,0.0,40800,0.004585664719343185,0.03333333333333327,True,0.0,20
42,clean,random,19,3,3,,0.4360556670000051,20.43282413482666,43200,0.004053839482367039,0.4333333333333334,True,-0.30862386628437466,21
42,clean,random,20,1,1,,0.14436456400005682,12.142224311828613,45600,0.002844799542799592,0.2333333333333333,True,-0.032424776336892364,22
42,clean,threshold,1,0,0,,1.5919999896141235e-06,0.0,0,0.02456832490861416,,True,0.0,3
42,clean,threshold,2,0,0,,2.1690000266971765e-06,0.0,2400,0.003675650805234909,,True,0.0,4
42,clean,threshold,3,0,0,,1.6599999526079046e-06,0.0,4800,0.005718452390283346,0.07142857142857144,True,0.0,5
42,clean,threshold,4,0,0,,1.6490000689373119e-06,0.0,7200,0.005834675393998623,0.18518518518518515,True,0.0,6
42,clean,threshold,5,0,0,,1.707000023998262e-06,0.0,9600,0.007861101999878883,0.38157894736842124,True,0.0,7
42,clean,threshold,6,0,0,,1.7050000451490632e-06,0.0,12000,0.004281061701476574,0.13513513513513511,True,0.0,8
42,clean,threshold,7,0,0,,2.2299999500319245e-06,0.0,14400,0.004069674760103226,0.37037037037037046,True,0.0,9
42,clean,threshold,8,0,0,,1.6239999922618154e-06,0.0,16800,0.0020100490655750036,0.32558139534883723,True,0.0,10
42,clean,threshold,9,0,0,,1.6049999658207525e-06,0.0,19200,0.0040264250710606575,0.06666666666666668,True,0.0,11
42,clean,threshold,10,0,0,,1.5800000028320937e-06,0.0,21600,0.004071052186191082,0.4000000000000001,True,0.0,12
42,clean,threshold,11,0,0,,1.4729999975315877e-06,0.0,24000,0.004305379465222359,0.13333333333333336,True,0.0,13
42,clean,threshold,12,0,0,,2.5990000267483993e-06,0.0,26400,0.006263813003897667,0.6333333333333333,True,0.0,14
42,clean,threshold,13,0,0,,1.693999934104795e-06,0.0,28800,0.004233053885400295,1.9666666666666668,True,0.0,15
42,clean,threshold,14,0,0,,1.6479999658258748e-06,0.0,31200,0.0033666191156953573,0.09999999999999995,True,0.0,16
42,clean,threshold,15,0,0,,1.4679999367217533e-06,0.0,33600,0.0049521601758897305,0.1999999999999999,True,0.0,17
42,clean,threshold,16,0,0,,1.5480000001844019e-06,0.0,36000,0.0031797359697520733,0.4000000000000001,True,0.0,18
42,clean,threshold,17,0,0,,1.5279999843187397e-06,0.0,38400,0.003675302257761359,0.2333333333333333,True,0.0,19
42,clean,threshold,18,0,0,,1.6660000028423383e-06,0.0,40800,0.004585664719343185,0.03333333333333327,True,0.0,20
42,clean,threshold,19,0,0,,2.0710000399049022e-06,0.0,43200,0.004053839482367039,0.4333333333333334,True,0.0,21
42,clean,threshold,20,0,0,,1.6430000187028782e-06,0.0,45600,0.002844799542799592,0.2333333333333333,True,0.0,22
42,measurement,dqn,1,0,0,,2.1079999896755908e-06,0.0,0,0.02456832490861416,,True,0.0,3
42,measurement,dqn,2,0,0,,1.8440000530972611e-06,0.0,2400,0.003675650805234909,,True,0.0,4
42,measurement,dqn,3,0,0,,1.4350000583362998e-06,0.0,4800,0.005718452390283346,0.07142857142857144,True,0.0,5
42,measurement,dqn,4,0,0,,1.583999960530491e-06,0.0,7200,0.005834675393998623,0.18518518518518515,True,0.0,6
42,measurement,dqn,5,0,0,,2.4770000663920655e-06,0.0,9600,0.007861101999878883,0.38157894736842124,True,0.0,7
42,measurement,dqn,6,0,0,,1.5539999367319979e-06,0.0,12000,0.004281061701476574,0.13513513513513511,True,0.0,8
42,measurement,dqn,7,0,0,,1.453999971090525e-06,0.0,14400,0.004069674760103226,0.37037037037037046,True,0.0,9
42,measurement,dqn,8,0,0,,1.6540000160603086e-06,0.0,16800,0.004338105209171772,0.32558139534883723,True,0.0,10
42,measurement,dqn,9,0,0,,1.919999931487837e-06,0.0,19200,0.006679054349660873,0.06666666666666668,True,0.0,11
42,measurement,dqn,10,0,0,,1.4629999895987567e-06,0.0,21600,0.011967078782618046,0.4000000000000001,True,0.0,12
42,measurement,dqn,11,0,0,,1.9579999843699625e-06,0.0,24000,0.01763802021741867,0.13333333333333336,True,0.0,13
42,measurement,dqn,12,0,0,,2.399999971203215e-06,0.0,26400,0.02785089798271656,0.6333333333333333,True,0.0,14
42,measurement,dqn,13,0,0,,1.8279999949299963e-06,0.0,28800,0.030137555673718452,1.9666666666666668,True,0.0,15
42,measurement,dqn,14,0,0,,2.067000082206505e-06,0.0,31200,0.03325476497411728,0.09999999999999995,True,0.0,16
42,measurement,dqn,15,0,0,,1.9430000293141347e-06,0.0,33600,0.03263745456933975,0.1999999999999999,True,0.0,17
42,measurement,dqn,16,0,0,,1.5950000715747592e-06,0.0,36000,0.03303243964910507,0.4000000000000001,True,0.0,18
42,measurement,dqn,17,0,0,,1.4999999393694452e-06,0.0,38400,0.03323408216238022,0.2333333333333333,True,0.0,19
42,measurement,dqn,18,0,0,,2.2499999658975867e-06,0.0,40800,0.029731500893831253,0.03333333333333327,True,0.0,20
42,measurement,dqn,19,0,0,,1.5309999525925377e-06,0.0,43200,0.028903640806674957,0.4333333333333334,True,0.0,21
42,measurement,dqn,20,0,0,,1.5729999631730607e-06,0.0,45600,0.030690165236592293,0.2333333333333333,True,0.0,22
42,measurement,a1,1,0,0,,1.958999973794562e-06,0.0,0,0.02456832490861416,,True,0.0,3
42,measurement,a1,2,0,0,,1.6569999843341066e-06,0.0,2400,0.003675650805234909,,True,0.0,4
42,measurement,a1,3,0,0,,1.5919999896141235e-06,0.0,4800,0.005718452390283346,0.07142857142857144,True,0.0,5
42,measurement,a1,4,0,0,,1.4700000292577897e-06,0.0,7200,0.005834675393998623,0.18518518518518515,True,0.0,6
42,measurement,a1,5,0,0,,1.6479999658258748e-06,0.0,9600,0.007861101999878883,0.38157894736842124,True,0.0,7
42,measurement,a1,6,0,0,,1.4859999737382168e-06,0.0,12000,0.004281061701476574,0.13513513513513511,True,0.0,8
42,measurement,a1,7,0,0,,1.8740000768957543e-06,0.0,14400,0.004069674760103226,0.37037037037037046,True,0.0,9
42,measurement,a1,8,0,0,,2.156999926228309e-06,0.0,16800,0.004338105209171772,0.32558139534883723,True,0.0,10
42,measurement,a1,9,0,0,,2.0300000187489786e-06,0.0,19200,0.006679054349660873,0.06666666666666668,True,0.0,11
42,measurement,a1,10,0,0,,1.9100000372418435e-06,0.0,21600,0.011967078782618046,0.4000000000000001,True,0.0,12
42,measurement,a1,11,0,0,,1.6340000001946464e-06,0.0,24000,0.01763802021741867,0.13333333333333336,True,0.0,13
42,measurement,a1,12,0,0,,2.6650000108929817e-06,0.0,26400,0.02785089798271656,0.6333333333333333,True,0.0,14
42,measurement,a1,13,0,0,,1.5949999578879215e-06,0.0,28800,0.030137555673718452,1.9666666666666668,True,0.0,15
42,measurement,a1,14,0,0,,1.6180000557142193e-06,0.0,31200,0.03325476497411728,0.09999999999999995,True,0.0,16
42,measurement,a1,15,0,0,,1.623000002837216e-06,0.0,33600,0.03263745456933975,0.1999999999999999,True,0.0,17
42,measurement,a1,16,0,0,,1.787999963198672e-06,0.0,36000,0.03303243964910507,0.4000000000000001,True,0.0,18
42,measurement,a1,17,0,0,,1.6139999843289843e-06,0.0,38400,0.03323408216238022,0.2333333333333333,True,0.0,19
42,measurement,a1,18,0,0,,1.6680000953783747e-06,0.0,40800,0.029731500893831253,0.03333333333333327,True,0.0,20
42,measurement,a1,19,0,0,,2.0980000954295974e-06,0.0,43200,0.028903640806674957,0.4333333333333334,True,0.0,21
42,measurement,a1,20,0,0,,1.7599999182493775e-06,0.0,45600,0.030690165236592293,0.2333333333333333,True,0.0,22
42,measurement,a4,1,3,0,insufficient_revealed_classes,1.3700000636163168e-06,0.0,0,0.02456832490861416,,True,0.0,3
42,measurement,a4,2,3,3,,0.25713323200000104,1.252457618713379,2400,0.003675650805234909,,True,-0.2531024427685326,4
42,measurement,a4,3,3,3,,0.26033717500001785,2.3812808990478516,4800,0.005718452390283346,0.07142857142857144,True,-0.23961095182917422,5
42,measurement,a4,4,3,3,,0.2830395570000519,3.510110855102539,7200,0.005834675393998623,0.18518518518518515,True,-0.2983216465876046,6
42,measurement,a4,5,3,3,,0.3141580580000891,4.6379241943359375,9600,0.007861101999878883,0.38157894736842124,True,-0.2751685144597564,7
42,measurement,a4,6,3,3,,0.3000535009999794,5.766129493713379,12000,0.004281061701476574,0.13513513513513511,True,-0.2500675163697809,8
42,measurement,a4,7,3,3,,0.3141507880000063,6.89451789855957,14400,0.004069674760103226,0.37037037037037046,True,-0.24717780788941568,9
42,measurement,a4,8,3,3,,0.31806924700003947,8.02304458618164,16800,0.004338105209171772,0.32558139534883723,True,-0.24123546790771888,10
42,measurement,a4,9,3,3,,0.33275109600003816,9.151222229003906,19200,0.006679054349660873,0.06666666666666668,True,-0.24910421685094739,11
42,measurement,a4,10,3,3,,0.33886776800000007,10.280295372009277,21600,0.011967078782618046,0.4000000000000001,True,-0.2509879529063954,12
42,measurement,a4,11,3,3,,0.3522523929999579,11.407814025878906,24000,0.01763802021741867,0.13333333333333336,True,-0.2453443605044176,13
42,measurement,a4,12,3,3,,0.36671627499993065,12.536784172058105,26400,0.02785089798271656,0.6333333333333333,True,-0.2570823533089399,14
42,measurement,a4,13,3,3,,0.3735226489999377,13.664965629577637,28800,0.030137555673718452,1.9666666666666668,True,-0.23588241371294869,15
42,measurement,a4,14,3,3,,0.38609218900000997,14.792952537536621,31200,0.03325476497411728,0.09999999999999995,True,-0.24809834754907512,16
42,measurement,a4,15,3,3,,0.40105631799997354,15.921348571777344,33600,0.03263745456933975,0.1999999999999999,True,-0.25199279308239547,17
42,measurement,a4,16,3,3,,0.3985798659999773,17.050735473632812,36000,0.03303243964910507,0.4000000000000001,True,-0.2569408636689396,18
42,measurement,a4,17,3,3,,0.40639631299995926,18.178478240966797,38400,0.03323408216238022,0.2333333333333333,True,-0.2500718924709299,19
42,measurement,a4,18,3,3,,0.4123029920000363,19.307510375976562,40800,0.029731500893831253,0.03333333333333327,True,-0.2510439216532146,20
42,measurement,a4,19,3,3,,0.4252679280000393,20.435233116149902,43200,0.028903640806674957,0.4333333333333334,True,-0.2506346132284516,21
42,measurement,a4,20,3,3,,0.4438576950000197,21.563559532165527,45600,0.030690165236592293,0.2333333333333333,True,-0.2536449196739953,22
42,measurement,random,1,0,0,,1.6269999605356134e-06,0.0,0,0.02456832490861416,,True,0.0,3
42,measurement,random,2,3,3,,0.2581565559999035,1.2531156539916992,2400,0.003675650805234909,,True,-0.2531024427685326,4
42,measurement,random,3,2,2,,0.2021749790000058,1.3330020904541016,4800,0.005718452390283346,0.07142857142857144,True,-0.13858301419278268,5
42,measurement,random,4,1,1,,0.12725740199994107,11.892952919006348,7200,0.005834675393998623,0.18518518518518515,True,0.005200269824806543,6
42,measurement,random,5,1,1,,0.12560207499996068,11.908818244934082,9600,0.007861101999878883,0.38157894736842124,True,-0.025840305469601754,7
42,measurement,random,6,3,3,,0.2970873010000332,5.765811920166016,12000,0.004281061701476574,0.13513513513513511,True,-0.2521660896442843,8
42,measurement,random,7,0,0,,1.3920000583311776e-06,0.0,14400,0.004069674760103226,0.37037037037037046,True,0.0,9
42,measurement,random,8,2,2,,0.22514841700001398,4.62983512878418,16800,0.004338105209171772,0.32558139534883723,True,-0.142059827699497,10
42,measurement,random,9,0,0,,1.6239999922618154e-06,0.0,19200,0.006679054349660873,0.06666666666666668,True,0.0,11
42,measurement,random,10,0,0,,1.319000034527562e-06,0.0,21600,0.011967078782618046,0.4000000000000001,True,0.0,12
42,measurement,random,11,2,2,,0.24297841700001754,6.610439300537109,24000,0.01763802021741867,0.13333333333333336,True,-0.1432504765875134,13
42,measurement,random,12,3,3,,0.3580134649999991,12.536359786987305,26400,0.02785089798271656,0.6333333333333333,True,-0.25686961966972616,14
42,measurement,random,13,2,2,,0.24301433300001918,7.927701950073242,28800,0.030137555673718452,1.9666666666666668,True,-0.1375153228829411,15
42,measurement,random,14,3,3,,0.37527332000001934,14.792929649353027,31200,0.03325476497411728,0.09999999999999995,True,-0.24710862507382145,16
42,measurement,random,15,2,2,,0.258120372999997,9.246042251586914,33600,0.03263745456933975,0.1999999999999999,True,-0.15142702863231475,17
42,measurement,random,16,3,3,,0.40312837500005116,17.050292015075684,36000,0.03303243964910507,0.4000000000000001,True,-0.2535263732431836,18
42,measurement,random,17,2,2,,0.28070022099996095,10.562599182128906,38400,0.03323408216238022,0.2333333333333333,True,-0.1501804961968291,19
42,measurement,random,18,0,0,,1.578000023982895e-06,0.0,40800,0.029731500893831253,0.03333333333333327,True,0.0,20
42,measurement,random,19,3,3,,0.4396139369999901,20.435172080993652,43200,0.028903640806674957,0.4333333333333334,True,-0.2660194529657285,21
42,measurement,random,20,1,1,,0.1384386560000621,12.142285346984863,45600,0.030690165236592293,0.2333333333333333,True,-0.027577821465516336,22
42,measurement,threshold,1,0,0,,2.1939999896858353e-06,0.0,0,0.02456832490861416,,True,0.0,3
42,measurement,threshold,2,0,0,,1.954000026671565e-06,0.0,2400,0.003675650805234909,,True,0.0,4
42,measurement,threshold,3,0,0,,1.4529999816659256e-06,0.0,4800,0.005718452390283346,0.07142857142857144,True,0.0,5
42,measurement,threshold,4,0,0,,2.1559999368037097e-06,0.0,7200,0.005834675393998623,0.18518518518518515,True,0.0,6
42,measurement,threshold,5,0,0,,1.889000031951582e-06,0.0,9600,0.007861101999878883,0.38157894736842124,True,0.0,7
42,measurement,threshold,6,0,0,,1.5409999605253688e-06,0.0,12000,0.004281061701476574,0.13513513513513511,True,0.0,8
42,measurement,threshold,7,0,0,,1.7119999711212586e-06,0.0,14400,0.004069674760103226,0.37037037037037046,True,0.0,9
42,measurement,threshold,8,0,0,,1.4010000768394093e-06,0.0,16800,0.004338105209171772,0.32558139534883723,True,0.0,10
42,measurement,threshold,9,0,0,,1.966000013453595e-06,0.0,19200,0.006679054349660873,0.06666666666666668,True,0.0,11
42,measurement,threshold,10,0,0,,1.9029999975828105e-06,0.0,21600,0.011967078782618046,0.4000000000000001,True,0.0,12
42,measurement,threshold,11,0,0,,2.322999989701202e-06,0.0,24000,0.01763802021741867,0.13333333333333336,True,0.0,13
42,measurement,threshold,12,0,0,,2.367999968555523e-06,0.0,26400,0.02785089798271656,0.6333333333333333,True,0.0,14
42,measurement,threshold,13,0,0,,1.7830000160756754e-06,0.0,28800,0.030137555673718452,1.9666666666666668,True,0.0,15
42,measurement,threshold,14,0,0,,1.4870000768496539e-06,0.0,31200,0.03325476497411728,0.09999999999999995,True,0.0,16
42,measurement,threshold,15,0,0,,1.628999939384812e-06,0.0,33600,0.03263745456933975,0.1999999999999999,True,0.0,17
42,measurement,threshold,16,0,0,,2.185999960602203e-06,0.0,36000,0.03303243964910507,0.4000000000000001,True,0.0,18
42,measurement,threshold,17,0,0,,1.8869999394155457e-06,0.0,38400,0.03323408216238022,0.2333333333333333,True,0.0,19
42,measurement,threshold,18,0,0,,2.0360000689834123e-06,0.0,40800,0.029731500893831253,0.03333333333333327,True,0.0,20
42,measurement,threshold,19,0,0,,1.424999936716631e-06,0.0,43200,0.028903640806674957,0.4333333333333334,True,0.0,21
42,measurement,threshold,20,0,0,,1.562000079502468e-06,0.0,45600,0.030690165236592293,0.2333333333333333,True,0.0,22
42,label,dqn,1,0,0,,1.366999981655681e-06,0.0,0,0.02456832490861416,,True,0.0,3
42,label,dqn,2,0,0,,1.7150000530818943e-06,0.0,2400,0.003675650805234909,,True,0.0,4
42,label,dqn,3,0,0,,1.6859999050211627e-06,0.0,4800,0.005718452390283346,0.07142857142857144,True,0.0,5
42,label,dqn,4,0,0,,1.7670000033831457e-05,0.0,7200,0.005834675393998623,0.18518518518518515,True,0.0,6
42,label,dqn,5,0,0,,1.7900000557347084e-06,0.0,9600,0.007861101999878883,0.38157894736842124,True,0.0,7
42,label,dqn,6,0,0,,1.5729999631730607e-06,0.0,12000,0.004281061701476574,0.13513513513513511,True,0.0,8
42,label,dqn,7,0,0,,1.3360000821194262e-06,0.0,14400,0.004069674760103226,0.37037037037037046,True,0.0,9
42,label,dqn,8,0,0,,1.3970000054541742e-06,0.0,16800,0.0020100490655750036,0.32558139534883723,True,0.0,10
42,label,dqn,9,0,0,,2.0749999976032996e-06,0.0,19200,0.0040264250710606575,0.06666666666666668,True,0.0,11
42,label,dqn,10,0,0,,1.5509999684581999e-06,0.0,21600,0.004071052186191082,0.5333333333333331,True,0.0,12
42,label,dqn,11,0,0,,1.4909999208612135e-06,0.0,24000,0.004305379465222359,0.06666666666666668,True,0.0,13
42,label,dqn,12,0,0,,1.9650000240289955e-06,0.0,26400,0.006263813003897667,0.4666666666666667,True,0.0,14
42,label,dqn,13,0,0,,2.179999910367769e-06,0.0,28800,0.004233053885400295,2.833333333333333,True,0.0,15
42,label,dqn,14,0,0,,1.628999939384812e-06,0.0,31200,0.0033666191156953573,0.9333333333333332,True,0.0,16
42,label,dqn,15,0,0,,1.4830000054644188e-06,0.0,33600,0.0049521601758897305,0.5333333333333331,True,0.0,17
42,label,dqn,16,0,0,,1.976000021386426e-06,0.0,36000,0.0031797359697520733,0.03333333333333341,True,0.0,18
42,label,dqn,17,0,0,,2.132000076926488e-06,0.0,38400,0.003675302257761359,1.2333333333333332,True,0.0,19
42,label,dqn,18,0,0,,1.824000037231599e-06,0.0,40800,0.004585664719343185,0.33333333333333326,True,0.0,20
42,label,dqn,19,0,0,,1.503000021330081e-06,0.0,43200,0.004053839482367039,0.06666666666666668,True,0.0,21
42,label,dqn,20,0,0,,2.1820000029038056e-06,0.0,45600,0.002844799542799592,0.7000000000000001,True,0.0,22
42,label,a1,1,0,0,,1.4659999578725547e-06,0.0,0,0.02456832490861416,,True,0.0,3
42,label,a1,2,0,0,,1.6889999869817984e-06,0.0,2400,0.003675650805234909,,True,0.0,4
42,label,a1,3,0,0,,1.6039999763961532e-06,0.0,4800,0.005718452390283346,0.07142857142857144,True,0.0,5
42,label,a1,4,0,0,,1.8200000795332016e-06,0.0,7200,0.005834675393998623,0.18518518518518515,True,0.0,6
42,label,a1,5,0,0,,1.4660000715593924e-06,0.0,9600,0.007861101999878883,0.38157894736842124,True,0.0,7
42,label,a1,6,0,0,,1.6370000821552821e-06,0.0,12000,0.004281061701476574,0.13513513513513511,True,0.0,8
42,label,a1,7,0,0,,1.712999960545858e-06,0.0,14400,0.004069674760103226,0.37037037037037046,True,0.0,9
42,label,a1,8,0,0,,1.8260000160807976e-06,0.0,16800,0.0020100490655750036,0.32558139534883723,True,0.0,10
42,label,a1,9,0,0,,1.5459999076483655e-06,0.0,19200,0.0040264250710606575,0.06666666666666668,True,0.0,11
42,label,a1,10,0,0,,2.098999971167359e-06,0.0,21600,0.004071052186191082,0.5333333333333331,True,0.0,12
42,label,a1,11,0,0,,1.4930000133972499e-06,0.0,24000,0.004305379465222359,0.06666666666666668,True,0.0,13
42,label,a1,12,0,0,,1.5599999869664316e-06,0.0,26400,0.006263813003897667,0.4666666666666667,True,0.0,14
42,label,a1,13,0,0,,1.4919999102858128e-06,0.0,28800,0.004233053885400295,2.833333333333333,True,0.0,15
42,label,a1,14,0,0,,1.6210000239880173e-06,0.0,31200,0.0033666191156953573,0.9333333333333332,True,0.0,16
42,label,a1,15,0,0,,1.784999994924874e-06,0.0,33600,0.0049521601758897305,0.5333333333333331,True,0.0,17
42,label,a1,16,0,0,,1.672000053076772e-06,0.0,36000,0.0031797359697520733,0.03333333333333341,True,0.0,18
42,label,a1,17,0,0,,1.5280000980055775e-06,0.0,38400,0.003675302257761359,1.2333333333333332,True,0.0,19
42,label,a1,18,0,0,,1.4700000292577897e-06,0.0,40800,0.004585664719343185,0.33333333333333326,True,0.0,20
42,label,a1,19,0,0,,1.734000079522957e-06,0.0,43200,0.004053839482367039,0.06666666666666668,True,0.0,21
42,label,a1,20,0,0,,2.4429999712083372e-06,0.0,45600,0.002844799542799592,0.7000000000000001,True,0.0,22
42,label,a4,1,3,0,insufficient_revealed_classes,1.5959999473125208e-06,0.0,0,0.02456832490861416,,True,0.0,3
42,label,a4,2,3,3,,0.2485995480000156,1.250412940979004,2400,0.003675650805234909,,True,-0.2531024427685326,4
42,label,a4,3,3,3,,0.2598124569999527,2.378718376159668,4800,0.005718452390283346,0.07142857142857144,True,-0.23961095182917422,5
42,label,a4,4,3,3,,0.27200262500002736,3.508077621459961,7200,0.005834675393998623,0.18518518518518515,True,-0.2983216465876046,6
42,label,a4,5,3,3,,0.31079482600000574,4.635882377624512,9600,0.007861101999878883,0.38157894736842124,True,-0.2751685144597564,7
42,label,a4,6,3,3,,0.29662545700000464,5.764277458190918,12000,0.004281061701476574,0.13513513513513511,True,-0.2500675163697809,8
42,label,a4,7,3,3,,0.3067776820000745,6.892107009887695,14400,0.004069674760103226,0.37037037037037046,True,-0.24732451806027633,9
42,label,a4,8,3,3,,0.3110671419999562,8.020686149597168,16800,0.0020100490655750036,0.32558139534883723,True,-0.24889254422843432,10
42,label,a4,9,3,3,,0.3354055719998996,9.149022102355957,19200,0.0040264250710606575,0.06666666666666668,True,-0.24679794256370152,11
42,label,a4,10,3,3,,0.337385233999953,10.278268814086914,21600,0.004071052186191082,0.5333333333333331,True,-0.25113561939727264,12
42,label,a4,11,3,3,,0.33880691499996374,11.40583324432373,24000,0.004305379465222359,0.06666666666666668,True,-0.2546370813823202,13
42,label,a4,12,3,3,,0.3491554480000332,12.534368515014648,26400,0.006263813003897667,0.4666666666666667,True,-0.23753413179438929,14
42,label,a4,13,3,3,,0.35569046399996296,13.662796974182129,28800,0.004233053885400295,2.833333333333333,True,-0.2550699466040407,15
42,label,a4,14,3,3,,0.36770372600005885,14.791142463684082,31200,0.0033666191156953573,0.9333333333333332,True,-0.24376326203653476,16
42,label,a4,15,3,3,,0.3796257129999958,15.919121742248535,33600,0.0049521601758897305,0.5333333333333331,True,-0.2490809147229513,17
42,label,a4,16,3,3,,0.3926946259999795,17.048649787902832,36000,0.0031797359697520733,0.03333333333333341,True,-0.25834247544306727,18
42,label,a4,17,3,3,,0.39603132800004914,18.176390647888184,38400,0.003675302257761359,1.2333333333333332,True,-0.25604380455917436,19
42,label,a4,18,3,3,,0.4099379809999846,19.304563522338867,40800,0.004585664719343185,0.33333333333333326,True,-0.25044384420747967,20
42,label,a4,19,3,3,,0.42413078399999904,20.43284511566162,43200,0.004053839482367039,0.06666666666666668,True,-0.25428321664004944,21
42,label,a4,20,3,3,,0.42947532200003025,21.56120014190674,45600,0.002844799542799592,0.7000000000000001,True,-0.2500438564680618,22
42,label,random,1,0,0,,2.2489999764729873e-06,0.0,0,0.02456832490861416,,True,0.0,3
42,label,random,2,3,3,,0.2521697460000496,1.2501583099365234,2400,0.003675650805234909,,True,-0.2531024427685326,4
42,label,random,3,2,2,,0.19589247900000828,1.3299369812011719,4800,0.005718452390283346,0.07142857142857144,True,-0.13858301419278268,5
42,label,random,4,1,1,,0.12758637000001727,11.89293384552002,7200,0.005834675393998623,0.18518518518518515,True,0.005200269824806543,6
42,label,random,5,1,1,,0.14258331199994245,11.908757209777832,9600,0.007861101999878883,0.38157894736842124,True,-0.025840305469601754,7
42,label,random,6,3,3,,0.2927854130000469,5.763994216918945,12000,0.004281061701476574,0.13513513513513511,True,-0.2521660896442843,8
42,label,random,7,0,0,,1.6059999552453519e-06,0.0,14400,0.004069674760103226,0.37037037037037046,True,0.0,9
42,label,random,8,2,2,,0.22551150000003872,4.62681770324707,16800,0.0020100490655750036,0.32558139534883723,True,-0.16768864178412882,10
42,label,random,9,0,0,,1.6819999473227654e-06,0.0,19200,0.0040264250710606575,0.06666666666666668,True,0.0,11
42,label,random,10,0,0,,1.9490000795485685e-06,0.0,21600,0.004071052186191082,0.5333333333333331,True,0.0,12
42,label,random,11,2,2,,0.23558786900002815,6.607515335083008,24000,0.004305379465222359,0.06666666666666668,True,-0.1506629690816545,13
42,label,random,12,3,3,,0.36063149800008887,12.534126281738281,26400,0.006263813003897667,0.4666666666666667,True,-0.2358126187469144,14
42,label,random,13,2,2,,0.24557207300006212,7.924821853637695,28800,0.004233053885400295,2.833333333333333,True,-0.1558435186978625,15
42,label,random,14,3,3,,0.36191958899996735,14.790849685668945,31200,0.0033666191156953573,0.9333333333333332,True,-0.24203336093425878,16
42,label,random,15,2,2,,0.26805326900000637,9.24308967590332,33600,0.0049521601758897305,0.5333333333333331,True,-0.14866254005925816,17
42,label,random,16,3,3,,0.4030685729999277,17.048039436340332,36000,0.0031797359697520733,0.03333333333333341,True,-0.2510428289035811,18
42,label,random,17,2,2,,0.2906556980000232,10.559677124023438,38400,0.003675302257761359,1.2333333333333332,True,-0.149979868877372,19
42,label,random,18,0,0,,1.8439999394104234e-06,0.0,40800,0.004585664719343185,0.33333333333333326,True,0.0,20
42,label,random,19,3,3,,0.4362654219999058,20.43272113800049,43200,0.004053839482367039,0.06666666666666668,True,-0.27254979863614304,21
42,label,random,20,1,1,,0.1397101410000232,12.142224311828613,45600,0.002844799542799592,0.7000000000000001,True,-0.021669269963503365,22
42,label,threshold,1,0,0,,1.4649999684479553e-06,0.0,0,0.02456832490861416,,True,0.0,3
42,label,threshold,2,0,0,,1.837000013438228e-06,0.0,2400,0.003675650805234909,,True,0.0,4
42,label,threshold,3,0,0,,1.8605000036586716e-05,0.0,4800,0.005718452390283346,0.07142857142857144,True,0.0,5
42,label,threshold,4,0,0,,1.4570000530511606e-06,0.0,7200,0.005834675393998623,0.18518518518518515,True,0.0,6
42,label,threshold,5,0,0,,1.565000047776266e-06,0.0,9600,0.007861101999878883,0.38157894736842124,True,0.0,7
42,label,threshold,6,0,0,,1.523000037195743e-06,0.0,12000,0.004281061701476574,0.13513513513513511,True,0.0,8
42,label,threshold,7,0,0,,1.6549998917980702e-06,0.0,14400,0.004069674760103226,0.37037037037037046,True,0.0,9
42,label,threshold,8,0,0,,1.6640000239931396e-06,0.0,16800,0.0020100490655750036,0.32558139534883723,True,0.0,10
42,label,threshold,9,0,0,,1.497000084782485e-06,0.0,19200,0.0040264250710606575,0.06666666666666668,True,0.0,11
42,label,threshold,10,0,0,,1.4649999684479553e-06,0.0,21600,0.004071052186191082,0.5333333333333331,True,0.0,12
42,label,threshold,11,0,0,,1.6789999790489674e-06,0.0,24000,0.004305379465222359,0.06666666666666668,True,0.0,13
42,label,threshold,12,0,0,,1.5150000081121107e-06,0.0,26400,0.006263813003897667,0.4666666666666667,True,0.0,14
42,label,threshold,13,0,0,,1.6459999869766762e-06,0.0,28800,0.004233053885400295,2.833333333333333,True,0.0,15
42,label,threshold,14,0,0,,1.9359999896551017e-06,0.0,31200,0.0033666191156953573,0.9333333333333332,True,0.0,16
42,label,threshold,15,0,0,,1.7719999050314073e-06,0.0,33600,0.0049521601758897305,0.5333333333333331,True,0.0,17
42,label,threshold,16,0,0,,1.5250000160449417e-06,0.0,36000,0.0031797359697520733,0.03333333333333341,True,0.0,18
42,label,threshold,17,0,0,,1.5619999658156303e-06,0.0,38400,0.003675302257761359,1.2333333333333332,True,0.0,19
42,label,threshold,18,0,0,,1.7029999526130268e-06,0.0,40800,0.004585664719343185,0.33333333333333326,True,0.0,20
42,label,threshold,19,0,0,,1.5850000636419281e-06,0.0,43200,0.004053839482367039,0.06666666666666668,True,0.0,21
42,label,threshold,20,0,0,,2.2919999764781096e-06,0.0,45600,0.002844799542799592,0.7000000000000001,True,0.0,22
42,combined,dqn,1,0,0,,1.6440000081274775e-06,0.0,0,0.02456832490861416,,True,0.0,3
42,combined,dqn,2,0,0,,1.576999920871458e-06,0.0,2400,0.003675650805234909,,True,0.0,4
42,combined,dqn,3,0,0,,1.5330000451285741e-06,0.0,4800,0.005718452390283346,0.07142857142857144,True,0.0,5
42,combined,dqn,4,0,0,,1.5770000345582957e-06,0.0,7200,0.005834675393998623,0.18518518518518515,True,0.0,6
42,combined,dqn,5,0,0,,1.5359998997155344e-06,0.0,9600,0.007861101999878883,0.38157894736842124,True,0.0,7
42,combined,dqn,6,0,0,,1.8929999896499794e-06,0.0,12000,0.004281061701476574,0.13513513513513511,True,0.0,8
42,combined,dqn,7,0,0,,1.6059999552453519e-06,0.0,14400,0.004069674760103226,0.37037037037037046,True,0.0,9
42,combined,dqn,8,0,0,,1.6740000319259707e-06,0.0,16800,0.004338105209171772,0.32558139534883723,True,0.0,10
42,combined,dqn,9,0,0,,1.7559999605509802e-06,0.0,19200,0.006679054349660873,0.06666666666666668,True,0.0,11
42,combined,dqn,10,0,0,,1.6519999235242722e-06,0.0,21600,0.011967078782618046,0.5333333333333331,True,0.0,12
42,combined,dqn,11,0,0,,1.4629999895987567e-06,0.0,24000,0.01763802021741867,0.06666666666666668,True,0.0,13
42,combined,dqn,12,0,0,,1.4949999922464485e-06,0.0,26400,0.02785089798271656,0.4666666666666667,True,0.0,14
42,combined,dqn,13,0,0,,2.0040000663357205e-06,0.0,28800,0.030137555673718452,2.833333333333333,True,0.0,15
42,combined,dqn,14,0,0,,1.4900000451234519e-06,0.0,31200,0.03325476497411728,0.9333333333333332,True,0.0,16
42,combined,dqn,15,0,0,,1.5690000054746633e-06,0.0,33600,0.03263745456933975,0.5333333333333331,True,0.0,17
42,combined,dqn,16,0,0,,1.8750000663203537e-06,0.0,36000,0.03303243964910507,0.03333333333333341,True,0.0,18
42,combined,dqn,17,0,0,,1.956999994945363e-06,0.0,38400,0.03323408216238022,1.2333333333333332,True,0.0,19
42,combined,dqn,18,0,0,,2.1199999764576205e-06,0.0,40800,0.029731500893831253,0.33333333333333326,True,0.0,20
42,combined,dqn,19,0,0,,1.4129999499346013e-06,0.0,43200,0.028903640806674957,0.06666666666666668,True,0.0,21
42,combined,dqn,20,0,0,,1.8450000425218605e-06,0.0,45600,0.030690165236592293,0.7000000000000001,True,0.0,22
42,combined,a1,1,0,0,,1.604000090082991e-06,0.0,0,0.02456832490861416,,True,0.0,3
42,combined,a1,2,0,0,,1.70999999227206e-06,0.0,2400,0.003675650805234909,,True,0.0,4
42,combined,a1,3,0,0,,1.4629999895987567e-06,0.0,4800,0.005718452390283346,0.07142857142857144,True,0.0,5
42,combined,a1,4,0,0,,2.362000032007927e-06,0.0,7200,0.005834675393998623,0.18518518518518515,True,0.0,6
42,combined,a1,5,0,0,,1.8150000187233672e-06,0.0,9600,0.007861101999878883,0.38157894736842124,True,0.0,7
42,combined,a1,6,0,0,,1.764999979059212e-06,0.0,12000,0.004281061701476574,0.13513513513513511,True,0.0,8
42,combined,a1,7,0,0,,1.4899999314366141e-06,0.0,14400,0.004069674760103226,0.37037037037037046,True,0.0,9
42,combined,a1,8,0,0,,1.6440000081274775e-06,0.0,16800,0.004338105209171772,0.32558139534883723,True,0.0,10
42,combined,a1,9,0,0,,1.5549999261565972e-06,0.0,19200,0.006679054349660873,0.06666666666666668,True,0.0,11
42,combined,a1,10,0,0,,1.956999994945363e-06,0.0,21600,0.011967078782618046,0.5333333333333331,True,0.0,12
42,combined,a1,11,0,0,,1.8030000319413375e-06,0.0,24000,0.01763802021741867,0.06666666666666668,True,0.0,13
42,combined,a1,12,0,0,,1.5279999843187397e-06,0.0,26400,0.02785089798271656,0.4666666666666667,True,0.0,14
42,combined,a1,13,0,0,,1.3359999684325885e-06,0.0,28800,0.030137555673718452,2.833333333333333,True,0.0,15
42,combined,a1,14,0,0,,1.5279999843187397e-06,0.0,31200,0.03325476497411728,0.9333333333333332,True,0.0,16
42,combined,a1,15,0,0,,1.5389999816761701e-06,0.0,33600,0.03263745456933975,0.5333333333333331,True,0.0,17
42,combined,a1,16,0,0,,1.874999952633516e-06,0.0,36000,0.03303243964910507,0.03333333333333341,True,0.0,18
42,combined,a1,17,0,0,,1.4980000742070843e-06,0.0,38400,0.03323408216238022,1.2333333333333332,True,0.0,19
42,combined,a1,18,0,0,,1.4940000028218492e-06,0.0,40800,0.029731500893831253,0.33333333333333326,True,0.0,20
42,combined,a1,19,0,0,,1.4369999234986608e-06,0.0,43200,0.028903640806674957,0.06666666666666668,True,0.0,21
42,combined,a1,20,0,0,,1.8020000425167382e-06,0.0,45600,0.030690165236592293,0.7000000000000001,True,0.0,22
42,combined,a4,1,3,0,insufficient_revealed_classes,1.3950000266049756e-06,0.0,0,0.02456832490861416,,True,0.0,3
42,combined,a4,2,3,3,,0.2519581649999054,1.2529096603393555,2400,0.003675650805234909,,True,-0.2531024427685326,4
42,combined,a4,3,3,3,,0.2549542809999821,2.3809919357299805,4800,0.005718452390283346,0.07142857142857144,True,-0.23961095182917422,5
42,combined,a4,4,3,3,,0.2712569139999914,3.5098161697387695,7200,0.005834675393998623,0.18518518518518515,True,-0.2983216465876046,6
42,combined,a4,5,3,3,,0.2899639219999699,4.63737678527832,9600,0.007861101999878883,0.38157894736842124,True,-0.2751685144597564,7
42,combined,a4,6,3,3,,0.3257080880000558,5.766077041625977,12000,0.004281061701476574,0.13513513513513511,True,-0.2500675163697809,8
42,combined,a4,7,3,3,,0.30058494500008237,6.894139289855957,14400,0.004069674760103226,0.37037037037037046,True,-0.24717780788941568,9
42,combined,a4,8,3,3,,0.3133411049999495,8.02264404296875,16800,0.004338105209171772,0.32558139534883723,True,-0.24049911351536055,10
42,combined,a4,9,3,3,,0.32240178600000036,9.15114688873291,19200,0.006679054349660873,0.06666666666666668,True,-0.24946393054322333,11
42,combined,a4,10,3,3,,0.32987358699995184,10.280240058898926,21600,0.011967078782618046,0.5333333333333331,True,-0.2505841898256679,12
42,combined,a4,11,3,3,,0.347798745000091,11.407920837402344,24000,0.01763802021741867,0.06666666666666668,True,-0.24439170770352556,13
42,combined,a4,12,3,3,,0.382812371,12.536407470703125,26400,0.02785089798271656,0.4666666666666667,True,-0.24149807311997878,14
42,combined,a4,13,3,3,,0.36382569399995646,13.664915084838867,28800,0.030137555673718452,2.833333333333333,True,-0.23972250101958364,15
42,combined,a4,14,3,3,,0.3724929790000715,14.79333782196045,31200,0.03325476497411728,0.9333333333333332,True,-0.24851994108273637,16
42,combined,a4,15,3,3,,0.3843464070000664,15.92168140411377,33600,0.03263745456933975,0.5333333333333331,True,-0.2510927479304665,17
42,combined,a4,16,3,3,,0.4051389520000157,17.050640106201172,36000,0.03303243964910507,0.03333333333333341,True,-0.2592577052338739,18
42,combined,a4,17,3,3,,0.4210267449999492,18.178119659423828,38400,0.03323408216238022,1.2333333333333332,True,-0.25184874783982414,19
42,combined,a4,18,3,3,,0.4350944370000889,19.30647087097168,40800,0.029731500893831253,0.33333333333333326,True,-0.2518706175055524,20
42,combined,a4,19,3,3,,0.4384899400000677,20.435035705566406,43200,0.028903640806674957,0.06666666666666668,True,-0.2411068718313325,21
42,combined,a4,20,3,3,,0.4483895680000387,21.56350803375244,45600,0.030690165236592293,0.7000000000000001,True,-0.2546411168219234,22
42,combined,random,1,0,0,,1.5539999367319979e-06,0.0,0,0.02456832490861416,,True,0.0,3
42,combined,random,2,3,3,,0.2396764659999917,1.2527275085449219,2400,0.003675650805234909,,True,-0.2531024427685326,4
42,combined,random,3,2,2,,0.19467455300002712,1.3330078125,4800,0.005718452390283346,0.07142857142857144,True,-0.13858301419278268,5
42,combined,random,4,1,1,,0.1347269550000192,11.89299488067627,7200,0.005834675393998623,0.18518518518518515,True,0.005200269824806543,6
42,combined,random,5,1,1,,0.12962661799997477,11.908818244934082,9600,0.007861101999878883,0.38157894736842124,True,-0.025840305469601754,7
42,combined,random,6,3,3,,0.2955867619999708,5.766025543212891,12000,0.004281061701476574,0.13513513513513511,True,-0.2521660896442843,8
42,combined,random,7,0,0,,1.5890000213403255e-06,0.0,14400,0.004069674760103226,0.37037037037037046,True,0.0,9
42,combined,random,8,2,2,,0.22559632700006205,4.62983512878418,16800,0.004338105209171772,0.32558139534883723,True,-0.14205554932823455,10
42,combined,random,9,0,0,,2.002000087486522e-06,0.0,19200,0.006679054349660873,0.06666666666666668,True,0.0,11
42,combined,random,10,0,0,,2.0070000346095185e-06,0.0,21600,0.011967078782618046,0.5333333333333331,True,0.0,12
42,combined,random,11,2,2,,0.2460258909999311,6.610546112060547,24000,0.01763802021741867,0.06666666666666668,True,-0.14024109908398,13
42,combined,random,12,3,3,,0.36094713299996783,12.536187171936035,26400,0.02785089798271656,0.4666666666666667,True,-0.23846672967333243,14
42,combined,random,13,2,2,,0.25405998500002624,7.927755355834961,28800,0.030137555673718452,2.833333333333333,True,-0.14019013742494957,15
42,combined,random,14,3,3,,0.38258922099998927,14.793452262878418,31200,0.03325476497411728,0.9333333333333332,True,-0.245998928202733,16
42,combined,random,15,2,2,,0.2655363830000397,9.246047973632812,33600,0.03263745456933975,0.5333333333333331,True,-0.1507835498327544,17
42,combined,random,16,3,3,,0.3987021299999469,17.04959011077881,36000,0.03303243964910507,0.03333333333333341,True,-0.249592898686126,18
42,combined,random,17,2,2,,0.2796610039999905,10.562795639038086,38400,0.03323408216238022,1.2333333333333332,True,-0.15180610459712673,19
42,combined,random,18,0,0,,1.956999994945363e-06,0.0,40800,0.029731500893831253,0.33333333333333326,True,0.0,20
42,combined,random,19,3,3,,0.438825487000031,20.434675216674805,43200,0.028903640806674957,0.06666666666666668,True,-0.2587829591168824,21
42,combined,random,20,1,1,,0.1369246539999267,12.142243385314941,45600,0.030690165236592293,0.7000000000000001,True,-0.025641380204103073,22
42,combined,threshold,1,0,0,,1.7000000980260666e-06,0.0,0,0.02456832490861416,,True,0.0,3
42,combined,threshold,2,0,0,,1.8729999737843173e-06,0.0,2400,0.003675650805234909,,True,0.0,4
42,combined,threshold,3,0,0,,2.1460000425577164e-06,0.0,4800,0.005718452390283346,0.07142857142857144,True,0.0,5
42,combined,threshold,4,0,0,,1.7559999605509802e-06,0.0,7200,0.005834675393998623,0.18518518518518515,True,0.0,6
42,combined,threshold,5,0,0,,1.5670000266254647e-06,0.0,9600,0.007861101999878883,0.38157894736842124,True,0.0,7
42,combined,threshold,6,0,0,,1.6509999340996728e-06,0.0,12000,0.004281061701476574,0.13513513513513511,True,0.0,8
42,combined,threshold,7,0,0,,1.9850000398946577e-06,0.0,14400,0.004069674760103226,0.37037037037037046,True,0.0,9
42,combined,threshold,8,0,0,,1.6279999499602127e-06,0.0,16800,0.004338105209171772,0.32558139534883723,True,0.0,10
42,combined,threshold,9,0,0,,1.8030000319413375e-06,0.0,19200,0.006679054349660873,0.06666666666666668,True,0.0,11
42,combined,threshold,10,0,0,,1.6139999843289843e-06,0.0,21600,0.011967078782618046,0.5333333333333331,True,0.0,12
42,combined,threshold,11,0,0,,1.5529999473073985e-06,0.0,24000,0.01763802021741867,0.06666666666666668,True,0.0,13
42,combined,threshold,12,0,0,,1.503000021330081e-06,0.0,26400,0.02785089798271656,0.4666666666666667,True,0.0,14
42,combined,threshold,13,0,0,,2.376999987063755e-06,0.0,28800,0.030137555673718452,2.833333333333333,True,0.0,15
42,combined,threshold,14,0,0,,1.6740000319259707e-06,0.0,31200,0.03325476497411728,0.9333333333333332,True,0.0,16
42,combined,threshold,15,0,0,,1.6660000028423383e-06,0.0,33600,0.03263745456933975,0.5333333333333331,True,0.0,17
42,combined,threshold,16,0,0,,2.635999976519088e-06,0.0,36000,0.03303243964910507,0.03333333333333341,True,0.0,18
42,combined,threshold,17,0,0,,1.6489999552504742e-06,0.0,38400,0.03323408216238022,1.2333333333333332,True,0.0,19
42,combined,threshold,18,0,0,,1.4869999631628161e-06,0.0,40800,0.029731500893831253,0.33333333333333326,True,0.0,20
42,combined,threshold,19,0,0,,2.2039999976186664e-06,0.0,43200,0.028903640806674957,0.06666666666666668,True,0.0,21
42,combined,threshold,20,0,0,,1.558000008117233e-06,0.0,45600,0.030690165236592293,0.7000000000000001,True,0.0,22
43,clean,dqn,1,0,0,,1.4519999922413263e-06,0.0,0,0.01886592246592045,,True,0.0,3
43,clean,dqn,2,0,0,,1.7360000583721558e-06,0.0,2400,0.003127326024696231,,True,0.0,4
43,clean,dqn,3,0,0,,2.038000047832611e-06,0.0,4800,0.004759009927511215,0.2894736842105264,True,0.0,5
43,clean,dqn,4,0,0,,1.6559999949095072e-06,0.0,7200,0.0011217300780117512,0.6923076923076924,True,0.0,6
43,clean,dqn,5,0,0,,1.8569999156170525e-06,0.0,9600,0.006559934467077255,0.039999999999999925,True,0.0,7
43,clean,dqn,6,0,0,,1.5570000186926336e-06,0.0,12000,0.006239851005375385,1.7070707070707067,True,0.0,8
43,clean,dqn,7,0,0,,1.7769999658412416e-06,0.0,14400,0.004806682467460632,0.6385542168674698,True,0.0,9
43,clean,dqn,8,0,0,,1.3750000107393134e-06,0.0,16800,0.004974393639713526,0.5505617977528087,True,0.0,10
43,clean,dqn,9,0,0,,1.7150000530818943e-06,0.0,19200,0.006697533652186394,0.625,True,0.0,11
43,clean,dqn,10,0,0,,1.4439999631576939e-06,0.0,21600,0.002107354812324047,0.2812500000000001,True,0.0,12
43,clean,dqn,11,0,0,,1.6800000821604044e-06,0.0,24000,0.005452331155538559,0.43750000000000006,True,0.0,13
43,clean,dqn,12,0,0,,1.5890000213403255e-06,0.0,26400,0.005635006818920374,0.37500000000000006,True,0.0,14
43,clean,dqn,13,0,0,,1.877999920907314e-06,0.0,28800,0.002072530100122094,0.5,True,0.0,15
43,clean,dqn,14,0,0,,1.610000026630587e-06,0.0,31200,0.0033592518884688616,0.06250000000000001,True,0.0,16
43,clean,dqn,15,0,0,,1.4560000636265613e-06,0.0,33600,0.0036308541893959045,0.18750000000000003,True,0.0,17
43,clean,dqn,16,0,0,,1.4990000636316836e-06,0.0,36000,0.0034480057656764984,0.06250000000000001,True,0.0,18
43,clean,dqn,17,0,0,,1.4720000081069884e-06,0.0,38400,0.004778308793902397,0.03125000000000007,True,0.0,19
43,clean,dqn,18,0,0,,1.742999984344351e-06,0.0,40800,0.006238768342882395,0.4374999999999998,True,0.0,20
43,clean,dqn,19,0,0,,2.239000082226994e-06,0.0,43200,0.003648384939879179,0.12499999999999989,True,0.0,21
43,clean,dqn,20,0,0,,1.707000023998262e-06,0.0,45600,0.005876307841390371,0.34375,True,0.0,22
43,clean,a1,1,0,0,,1.73299997641152e-06,0.0,0,0.01886592246592045,,True,0.0,3
43,clean,a1,2,0,0,,1.4260000398280681e-06,0.0,2400,0.003127326024696231,,True,0.0,4
43,clean,a1,3,0,0,,1.3805999969918048e-05,0.0,4800,0.004759009927511215,0.2894736842105264,True,0.0,5
43,clean,a1,4,0,0,,1.7959999922823044e-06,0.0,7200,0.0011217300780117512,0.6923076923076924,True,0.0,6
43,clean,a1,5,0,0,,1.4299999975264654e-06,0.0,9600,0.006559934467077255,0.039999999999999925,True,0.0,7
43,clean,a1,6,0,0,,1.6150000874404213e-06,0.0,12000,0.006239851005375385,1.7070707070707067,True,0.0,8
43,clean,a1,7,0,0,,1.6660000028423383e-06,0.0,14400,0.004806682467460632,0.6385542168674698,True,0.0,9
43,clean,a1,8,0,0,,1.6600000662947423e-06,0.0,16800,0.004974393639713526,0.5505617977528087,True,0.0,10
43,clean,a1,9,0,0,,1.981999957934022e-06,0.0,19200,0.006697533652186394,0.625,True,0.0,11
43,clean,a1,10,0,0,,2.12099996588222e-06,0.0,21600,0.002107354812324047,0.2812500000000001,True,0.0,12
43,clean,a1,11,0,0,,1.7480000451541855e-06,0.0,24000,0.005452331155538559,0.43750000000000006,True,0.0,13
43,clean,a1,12,0,0,,1.4900000451234519e-06,0.0,26400,0.005635006818920374,0.37500000000000006,True,0.0,14
43,clean,a1,13,0,0,,1.7780000689526787e-06,0.0,28800,0.002072530100122094,0.5,True,0.0,15
43,clean,a1,14,0,0,,2.096000002893561e-06,0.0,31200,0.0033592518884688616,0.06250000000000001,True,0.0,16
43,clean,a1,15,0,0,,1.7080000134228612e-06,0.0,33600,0.0036308541893959045,0.18750000000000003,True,0.0,17
43,clean,a1,16,0,0,,1.4790000477660215e-06,0.0,36000,0.0034480057656764984,0.06250000000000001,True,0.0,18
43,clean,a1,17,0,0,,1.7609999076739768e-06,0.0,38400,0.004778308793902397,0.03125000000000007,True,0.0,19
43,clean,a1,18,0,0,,2.091999931508326e-06,0.0,40800,0.006238768342882395,0.4374999999999998,True,0.0,20
43,clean,a1,19,0,0,,1.6489999552504742e-06,0.0,43200,0.003648384939879179,0.12499999999999989,True,0.0,21
43,clean,a1,20,0,0,,1.6039999763961532e-06,0.0,45600,0.005876307841390371,0.34375,True,0.0,22
43,clean,a4,1,3,0,insufficient_revealed_classes,1.565000047776266e-06,0.0,0,0.01886592246592045,,True,0.0,3
43,clean,a4,2,3,3,,0.25203460800003086,1.252955436706543,2400,0.003127326024696231,,True,-0.2492282267139439,4
43,clean,a4,3,3,3,,0.2650284310000188,2.3810958862304688,4800,0.004759009927511215,0.2894736842105264,True,-0.24923587555904855,5
43,clean,a4,4,3,3,,0.27486638199991376,3.509976387023926,7200,0.0011217300780117512,0.6923076923076924,True,-0.2587470770661028,6
43,clean,a4,5,3,3,,0.2915244040000289,4.637895584106445,9600,0.006559934467077255,0.039999999999999925,True,-0.24901895127790782,7
43,clean,a4,6,3,3,,0.2899155789999668,5.766973495483398,12000,0.006239851005375385,1.7070707070707067,True,-0.23542536842670286,8
43,clean,a4,7,3,3,,0.3008708419999948,6.895185470581055,14400,0.004806682467460632,0.6385542168674698,True,-0.20752970158547512,9
43,clean,a4,8,3,3,,0.30899994000003517,8.023085594177246,16800,0.004974393639713526,0.5505617977528087,True,-0.2500871275927522,10
43,clean,a4,9,3,3,,0.32921739799996885,9.150938034057617,19200,0.006697533652186394,0.625,True,-0.2574515963824038,11
43,clean,a4,10,3,3,,0.3430446339999662,10.279650688171387,21600,0.002107354812324047,0.2812500000000001,True,-0.2514373548910738,12
43,clean,a4,11,3,3,,0.3499424230000159,11.407325744628906,24000,0.005452331155538559,0.43750000000000006,True,-0.24465454791949473,13
43,clean,a4,12,3,3,,0.3587362140000323,12.535844802856445,26400,0.005635006818920374,0.37500000000000006,True,-0.24679063109388816,14
43,clean,a4,13,3,3,,0.3746832080000786,13.662760734558105,28800,0.002072530100122094,0.5,True,-0.24266096166900497,15
43,clean,a4,14,3,3,,0.3730235980000316,14.790777206420898,31200,0.0033592518884688616,0.06250000000000001,True,-0.2503556362355736,16
43,clean,a4,15,3,3,,0.38429834900000515,15.919716835021973,33600,0.0036308541893959045,0.18750000000000003,True,-0.24884143683935517,17
43,clean,a4,16,3,3,,0.39480510600003527,17.04863739013672,36000,0.0034480057656764984,0.06250000000000001,True,-0.24614963061127237,18
43,clean,a4,17,3,3,,0.4046269759999177,18.176493644714355,38400,0.004778308793902397,0.03125000000000007,True,-0.24468911518619813,19
43,clean,a4,18,3,3,,0.41005330799998774,19.304749488830566,40800,0.006238768342882395,0.4374999999999998,True,-0.2623603690118036,20
43,clean,a4,19,3,3,,0.4401140080000232,20.432924270629883,43200,0.003648384939879179,0.12499999999999989,True,-0.2349483178543463,21
43,clean,a4,20,3,3,,0.43342180800004826,21.561386108398438,45600,0.005876307841390371,0.34375,True,-0.2513884786117805,22
43,clean,random,1,2,0,insufficient_revealed_classes,1.3390000503932242e-06,0.0,0,0.01886592246592045,,True,0.0,3
43,clean,random,2,2,2,,0.17558000799999718,0.6761722564697266,2400,0.003127326024696231,,True,-0.14927296354303418,4
43,clean,random,3,1,1,,0.12198986600003536,11.877285957336426,4800,0.004759009927511215,0.2894736842105264,True,-0.01886971702301983,5
43,clean,random,4,0,0,,1.672000053076772e-06,0.0,7200,0.0011217300780117512,0.6923076923076924,True,0.0,6
43,clean,random,5,2,2,,0.21836552700005996,2.6516246795654297,9600,0.006559934467077255,0.039999999999999925,True,-0.14585916751657302,7
43,clean,random,6,0,0,,2.322999989701202e-06,0.0,12000,0.006239851005375385,1.7070707070707067,True,0.0,8
43,clean,random,7,1,1,,0.12570224300009158,11.939393043518066,14400,0.004806682467460632,0.6385542168674698,True,-0.024964997569437215,9
43,clean,random,8,3,3,,0.3109850710000046,8.020776748657227,16800,0.004974393639713526,0.5505617977528087,True,-0.2532161311543893,10
43,clean,random,9,1,1,,0.1330031450000888,11.971203804016113,19200,0.006697533652186394,0.625,True,-0.02927061227912899,11
43,clean,random,10,2,2,,0.2433792630000653,5.947050094604492,21600,0.002107354812324047,0.2812500000000001,True,-0.1547275445283351,12
43,clean,random,11,3,3,,0.3555091480000101,11.406055450439453,24000,0.005452331155538559,0.43750000000000006,True,-0.24505306825292794,13
43,clean,random,12,0,0,,2.2489999764729873e-06,0.0,26400,0.005635006818920374,0.37500000000000006,True,0.0,14
43,clean,random,13,3,3,,0.3737566099999867,13.662395477294922,28800,0.002072530100122094,0.5,True,-0.2368321895947286,15
43,clean,random,14,3,3,,0.38620467099997313,14.791060447692871,31200,0.0033592518884688616,0.06250000000000001,True,-0.2503556362355736,16
43,clean,random,15,1,1,,0.129937434999988,12.06395435333252,33600,0.0036308541893959045,0.18750000000000003,True,-0.02944317001636767,17
43,clean,random,16,1,1,,0.13744632800001,12.079541206359863,36000,0.0034480057656764984,0.06250000000000001,True,-0.024329789520754347,18
43,clean,random,17,1,1,,0.13403849099995568,12.095288276672363,38400,0.004778308793902397,0.03125000000000007,True,-0.024067005420510976,19
43,clean,random,18,1,1,,0.13411386100005984,12.11089038848877,40800,0.006238768342882395,0.4374999999999998,True,-0.024379025433746922,20
43,clean,random,19,2,2,,0.2996205160000045,11.876815795898438,43200,0.003648384939879179,0.12499999999999989,True,-0.21809804865413152,21
43,clean,random,20,1,1,,0.13664958499998647,12.142579078674316,45600,0.005876307841390371,0.34375,True,-0.02581176493187793,22
43,clean,threshold,1,0,0,,1.5050000001792796e-06,0.0,0,0.01886592246592045,,True,0.0,3
43,clean,threshold,2,0,0,,1.5779999102960574e-06,0.0,2400,0.003127326024696231,,True,0.0,4
43,clean,threshold,3,0,0,,1.7710000292936456e-06,0.0,4800,0.004759009927511215,0.2894736842105264,True,0.0,5
43,clean,threshold,4,0,0,,1.4080000028116046e-06,0.0,7200,0.0011217300780117512,0.6923076923076924,True,0.0,6
43,clean,threshold,5,0,0,,1.6439998944406398e-06,0.0,9600,0.006559934467077255,0.039999999999999925,True,0.0,7
43,clean,threshold,6,0,0,,2.0740000081787002e-06,0.0,12000,0.006239851005375385,1.7070707070707067,True,0.0,8
43,clean,threshold,7,0,0,,1.5790000134074944e-06,0.0,14400,0.004806682467460632,0.6385542168674698,True,0.0,9
43,clean,threshold,8,0,0,,1.5800000028320937e-06,0.0,16800,0.004974393639713526,0.5505617977528087,True,0.0,10
43,clean,threshold,9,0,0,,1.7480000451541855e-06,0.0,19200,0.006697533652186394,0.625,True,0.0,11
43,clean,threshold,10,0,0,,1.4410001085707336e-06,0.0,21600,0.002107354812324047,0.2812500000000001,True,0.0,12
43,clean,threshold,11,0,0,,1.5350000239777728e-06,0.0,24000,0.005452331155538559,0.43750000000000006,True,0.0,13
43,clean,threshold,12,0,0,,1.8740000768957543e-06,0.0,26400,0.005635006818920374,0.37500000000000006,True,0.0,14
43,clean,threshold,13,0,0,,1.628999939384812e-06,0.0,28800,0.002072530100122094,0.5,True,0.0,15
43,clean,threshold,14,0,0,,1.7040000557244639e-06,0.0,31200,0.0033592518884688616,0.06250000000000001,True,0.0,16
43,clean,threshold,15,0,0,,1.6989999949146295e-06,0.0,33600,0.0036308541893959045,0.18750000000000003,True,0.0,17
43,clean,threshold,16,0,0,,2.093000034619763e-06,0.0,36000,0.0034480057656764984,0.06250000000000001,True,0.0,18
43,clean,threshold,17,0,0,,1.730000008137722e-06,0.0,38400,0.004778308793902397,0.03125000000000007,True,0.0,19
43,clean,threshold,18,0,0,,1.6080000477813883e-06,0.0,40800,0.006238768342882395,0.4374999999999998,True,0.0,20
43,clean,threshold,19,0,0,,1.6689999711161363e-06,0.0,43200,0.003648384939879179,0.12499999999999989,True,0.0,21
43,clean,threshold,20,0,0,,1.6459999869766762e-06,0.0,45600,0.005876307841390371,0.34375,True,0.0,22
43,measurement,dqn,1,0,0,,1.5939999684633221e-06,0.0,0,0.01886592246592045,,True,0.0,3
43,measurement,dqn,2,0,0,,1.686999894445762e-06,0.0,2400,0.003127326024696231,,True,0.0,4
43,measurement,dqn,3,0,0,,1.707000023998262e-06,0.0,4800,0.004759009927511215,0.2894736842105264,True,0.0,5
43,measurement,dqn,4,0,0,,1.8439999394104234e-06,0.0,7200,0.0011217300780117512,0.6923076923076924,True,0.0,6
43,measurement,dqn,5,0,0,,1.8590000081530889e-06,0.0,9600,0.006559934467077255,0.039999999999999925,True,0.0,7
43,measurement,dqn,6,0,0,,1.5990000292731565e-06,0.0,12000,0.006239851005375385,1.7070707070707067,True,0.0,8
43,measurement,dqn,7,0,0,,1.5829999711058917e-06,0.0,14400,0.004806682467460632,0.6385542168674698,True,0.0,9
43,measurement,dqn,8,0,0,,2.1510001033675508e-06,0.0,16800,0.005663684103637934,0.5505617977528087,True,0.0,10
43,measurement,dqn,9,0,0,,1.6520000372111099e-06,0.0,19200,0.01112995482981205,0.625,True,0.0,11
43,measurement,dqn,10,0,0,,1.5629999552402296e-06,0.0,21600,0.014961483888328075,0.2812500000000001,True,0.0,12
43,measurement,dqn,11,0,0,,1.9320000319567043e-06,0.0,24000,0.01969105191528797,0.43750000000000006,True,0.0,13
43,measurement,dqn,12,0,0,,1.4969999710956472e-06,0.0,26400,0.02274303510785103,0.37500000000000006,True,0.0,14
43,measurement,dqn,13,0,0,,1.5700001085861004e-06,0.0,28800,0.02592412941157818,0.5,True,0.0,15
43,measurement,dqn,14,0,0,,1.343999997516221e-06,0.0,31200,0.03095550648868084,0.06250000000000001,True,0.0,16
43,measurement,dqn,15,0,0,,1.7979999711315031e-06,0.0,33600,0.02827114798128605,0.18750000000000003,True,0.0,17
43,measurement,dqn,16,0,0,,1.5560000292680343e-06,0.0,36000,0.032540250569581985,0.06250000000000001,True,0.0,18
43,measurement,dqn,17,0,0,,1.6480000795127125e-06,0.0,38400,0.028677456080913544,0.03125000000000007,True,0.0,19
43,measurement,dqn,18,0,0,,2.116000018759223e-06,0.0,40800,0.032609134912490845,0.4374999999999998,True,0.0,20
43,measurement,dqn,19,0,0,,1.5269999948941404e-06,0.0,43200,0.03188708424568176,0.12499999999999989,True,0.0,21
43,measurement,dqn,20,0,0,,1.7500000240033842e-06,0.0,45600,0.030054325237870216,0.34375,True,0.0,22
43,measurement,a1,1,0,0,,1.5400000847876072e-06,0.0,0,0.01886592246592045,,True,0.0,3
43,measurement,a1,2,0,0,,1.8629999658514862e-06,0.0,2400,0.003127326024696231,,True,0.0,4
43,measurement,a1,3,0,0,,1.369999949929479e-06,0.0,4800,0.004759009927511215,0.2894736842105264,True,0.0,5
43,measurement,a1,4,0,0,,1.5040000107546803e-06,0.0,7200,0.0011217300780117512,0.6923076923076924,True,0.0,6
43,measurement,a1,5,0,0,,1.5179999763859087e-06,0.0,9600,0.006559934467077255,0.039999999999999925,True,0.0,7
43,measurement,a1,6,0,0,,1.6019999975469545e-06,0.0,12000,0.006239851005375385,1.7070707070707067,True,0.0,8
43,measurement,a1,7,0,0,,1.7739999975674436e-06,0.0,14400,0.004806682467460632,0.6385542168674698,True,0.0,9
43,measurement,a1,8,0,0,,1.5549999261565972e-06,0.0,16800,0.005663684103637934,0.5505617977528087,True,0.0,10
43,measurement,a1,9,0,0,,2.3950000240802183e-06,0.0,19200,0.01112995482981205,0.625,True,0.0,11
43,measurement,a1,10,0,0,,1.7320001006737584e-06,0.0,21600,0.014961483888328075,0.2812500000000001,True,0.0,12
43,measurement,a1,11,0,0,,1.9980000161012867e-06,0.0,24000,0.01969105191528797,0.43750000000000006,True,0.0,13
43,measurement,a1,12,0,0,,1.8679999129744829e-06,0.0,26400,0.02274303510785103,0.37500000000000006,True,0.0,14
43,measurement,a1,13,0,0,,1.508999957877677e-06,0.0,28800,0.02592412941157818,0.5,True,0.0,15
43,measurement,a1,14,0,0,,1.615999963178183e-06,0.0,31200,0.03095550648868084,0.06250000000000001,True,0.0,16
43,measurement,a1,15,0,0,,2.1360000346248853e-06,0.0,33600,0.02827114798128605,0.18750000000000003,True,0.0,17
43,measurement,a1,16,0,0,,1.8440000530972611e-06,0.0,36000,0.032540250569581985,0.06250000000000001,True,0.0,18
43,measurement,a1,17,0,0,,1.7009999737638282e-06,0.0,38400,0.028677456080913544,0.03125000000000007,True,0.0,19
43,measurement,a1,18,0,0,,2.0200000108161476e-06,0.0,40800,0.032609134912490845,0.4374999999999998,True,0.0,20
43,measurement,a1,19,0,0,,1.6080000477813883e-06,0.0,43200,0.03188708424568176,0.12499999999999989,True,0.0,21
43,measurement,a1,20,0,0,,1.9420000398895354e-06,0.0,45600,0.030054325237870216,0.34375,True,0.0,22
43,measurement,a4,1,3,0,insufficient_revealed_classes,1.8060000002151355e-06,0.0,0,0.01886592246592045,,True,0.0,3
43,measurement,a4,2,3,3,,0.25685806499996033,1.2524442672729492,2400,0.003127326024696231,,True,-0.2492282267139439,4
43,measurement,a4,3,3,3,,0.26818378399991616,2.3812036514282227,4800,0.004759009927511215,0.2894736842105264,True,-0.24923587555904855,5
43,measurement,a4,4,3,3,,0.27864519299998847,3.510043144226074,7200,0.0011217300780117512,0.6923076923076924,True,-0.2587470770661028,6
43,measurement,a4,5,3,3,,0.28446159399993576,4.637476921081543,9600,0.006559934467077255,0.039999999999999925,True,-0.24901895127790782,7
43,measurement,a4,6,3,3,,0.2982382029999826,5.766230583190918,12000,0.006239851005375385,1.7070707070707067,True,-0.23542536842670286,8
43,measurement,a4,7,3,3,,0.3238860270000714,6.894222259521484,14400,0.004806682467460632,0.6385542168674698,True,-0.19234639991488744,9
43,measurement,a4,8,3,3,,0.31345828799999254,8.023028373718262,16800,0.005663684103637934,0.5505617977528087,True,-0.2505848869881918,10
43,measurement,a4,9,3,3,,0.32546509500002685,9.151017189025879,19200,0.01112995482981205,0.625,True,-0.2482822667400567,11
43,measurement,a4,10,3,3,,0.3348400390000279,10.280467987060547,21600,0.014961483888328075,0.2812500000000001,True,-0.25256171420469986,12
43,measurement,a4,11,3,3,,0.34806889499998306,11.407977104187012,24000,0.01969105191528797,0.43750000000000006,True,-0.24503747445720733,13
43,measurement,a4,12,3,3,,0.35994792700000744,12.536188125610352,26400,0.02274303510785103,0.37500000000000006,True,-0.24902909513125154,14
43,measurement,a4,13,3,3,,0.3980933110000251,13.664773941040039,28800,0.02592412941157818,0.5,True,-0.2577602807699886,15
43,measurement,a4,14,3,3,,0.4045548939999435,14.793232917785645,31200,0.03095550648868084,0.06250000000000001,True,-0.2509087063542632,16
43,measurement,a4,15,3,3,,0.39870791900000313,15.92143440246582,33600,0.02827114798128605,0.18750000000000003,True,-0.24814493650604663,17
43,measurement,a4,16,3,3,,0.4172769629999493,17.050345420837402,36000,0.032540250569581985,0.06250000000000001,True,-0.24029746286004872,18
43,measurement,a4,17,3,3,,0.42706402199996774,18.178221702575684,38400,0.028677456080913544,0.03125000000000007,True,-0.25121565480395713,19
43,measurement,a4,18,3,3,,0.43783608800004004,19.306879997253418,40800,0.032609134912490845,0.4374999999999998,True,-0.3368731846104057,20
43,measurement,a4,19,3,3,,0.4454954310000403,20.434792518615723,43200,0.03188708424568176,0.12499999999999989,True,-0.2501329981913704,21
43,measurement,a4,20,3,3,,0.46320974599996134,21.56378746032715,45600,0.030054325237870216,0.34375,True,-0.24932504521565205,22
43,measurement,random,1,2,0,insufficient_revealed_classes,1.5629999552402296e-06,0.0,0,0.01886592246592045,,True,0.0,3
43,measurement,random,2,2,2,,0.18630626699996355,0.6789493560791016,2400,0.003127326024696231,,True,-0.14927296354303418,4
43,measurement,random,3,1,1,,0.13383795000004284,11.877346992492676,4800,0.004759009927511215,0.2894736842105264,True,-0.01886971702301983,5
43,measurement,random,4,0,0,,1.5870000424911268e-06,0.0,7200,0.0011217300780117512,0.6923076923076924,True,0.0,6
43,measurement,random,5,2,2,,0.21929089799994017,2.654146194458008,9600,0.006559934467077255,0.039999999999999925,True,-0.14585916751657302,7
43,measurement,random,6,0,0,,1.9130000055156415e-06,0.0,12000,0.006239851005375385,1.7070707070707067,True,0.0,8
43,measurement,random,7,1,1,,0.12558578000005127,11.939454078674316,14400,0.004806682467460632,0.6385542168674698,True,-0.030034555968423353,9
43,measurement,random,8,3,3,,0.31678714699989996,8.022652626037598,16800,0.005663684103637934,0.5505617977528087,True,-0.2530667954844107,10
43,measurement,random,9,1,1,,0.13040084700003263,11.971222877502441,19200,0.01112995482981205,0.625,True,-0.04158203626902189,11
43,measurement,random,10,2,2,,0.24775953099992876,5.949369430541992,21600,0.014961483888328075,0.2812500000000001,True,-0.15066149569259862,12
43,measurement,random,11,3,3,,0.35522854099997403,11.408087730407715,24000,0.01969105191528797,0.43750000000000006,True,-0.24342078880920642,13
43,measurement,random,12,0,0,,1.5009999287940445e-06,0.0,26400,0.02274303510785103,0.37500000000000006,True,0.0,14
43,measurement,random,13,3,3,,0.37064534499995716,13.664854049682617,28800,0.02592412941157818,0.5,True,-0.2520698824909778,15
43,measurement,random,14,3,3,,0.3811349690000725,14.79317855834961,31200,0.03095550648868084,0.06250000000000001,True,-0.2509087063542632,16
43,measurement,random,15,1,1,,0.1305631430000176,12.06401538848877,33600,0.02827114798128605,0.18750000000000003,True,-0.016570640251321427,17
43,measurement,random,16,1,1,,0.13105135099999643,12.079602241516113,36000,0.032540250569581985,0.06250000000000001,True,-0.02399652711648751,18
43,measurement,random,17,1,1,,0.13351078000005145,12.095349311828613,38400,0.028677456080913544,0.03125000000000007,True,-0.025856372728974175,19
43,measurement,random,18,1,1,,0.13373827999998866,12.11095142364502,40800,0.032609134912490845,0.4374999999999998,True,-0.025200662231832864,20
43,measurement,random,19,2,2,,0.2899055309999312,11.879316329956055,43200,0.03188708424568176,0.12499999999999989,True,-0.17952595587376052,21
43,measurement,random,20,1,1,,0.13393621399995936,12.142682075500488,45600,0.030054325237870216,0.34375,True,-0.024859713159883716,22
43,measurement,threshold,1,0,0,,1.7610000213608146e-06,0.0,0,0.01886592246592045,,True,0.0,3
43,measurement,threshold,2,0,0,,1.8079999790643342e-06,0.0,2400,0.003127326024696231,,True,0.0,4
43,measurement,threshold,3,0,0,,1.4419999843084952e-06,0.0,4800,0.004759009927511215,0.2894736842105264,True,0.0,5
43,measurement,threshold,4,0,0,,1.4409999948838959e-06,0.0,7200,0.0011217300780117512,0.6923076923076924,True,0.0,6
43,measurement,threshold,5,0,0,,1.5790000134074944e-06,0.0,9600,0.006559934467077255,0.039999999999999925,True,0.0,7
43,measurement,threshold,6,0,0,,2.2760000319976825e-06,0.0,12000,0.006239851005375385,1.7070707070707067,True,0.0,8
43,measurement,threshold,7,0,0,,1.5470000107598025e-06,0.0,14400,0.004806682467460632,0.6385542168674698,True,0.0,9
43,measurement,threshold,8,0,0,,1.9059999658566085e-06,0.0,16800,0.005663684103637934,0.5505617977528087,True,0.0,10
43,measurement,threshold,9,0,0,,1.8839999711417477e-06,0.0,19200,0.01112995482981205,0.625,True,0.0,11
43,measurement,threshold,10,0,0,,1.6469999764012755e-06,0.0,21600,0.014961483888328075,0.2812500000000001,True,0.0,12
43,measurement,threshold,11,0,0,,1.6999999843392288e-06,0.0,24000,0.01969105191528797,0.43750000000000006,True,0.0,13
43,measurement,threshold,12,0,0,,1.7390000266459538e-06,0.0,26400,0.02274303510785103,0.37500000000000006,True,0.0,14
43,measurement,threshold,13,0,0,,1.5519999578827992e-06,0.0,28800,0.02592412941157818,0.5,True,0.0,15
43,measurement,threshold,14,0,0,,2.008000024034118e-06,0.0,31200,0.03095550648868084,0.06250000000000001,True,0.0,16
43,measurement,threshold,15,0,0,,1.51599999753671e-06,0.0,33600,0.02827114798128605,0.18750000000000003,True,0.0,17
43,measurement,threshold,16,0,0,,2.0029999632242834e-06,0.0,36000,0.032540250569581985,0.06250000000000001,True,0.0,18
43,measurement,threshold,17,0,0,,1.5859999393796897e-06,0.0,38400,0.028677456080913544,0.03125000000000007,True,0.0,19
43,measurement,threshold,18,0,0,,2.382000047873589e-06,0.0,40800,0.032609134912490845,0.4374999999999998,True,0.0,20
43,measurement,threshold,19,0,0,,1.4810000266152201e-06,0.0,43200,0.03188708424568176,0.12499999999999989,True,0.0,21
43,measurement,threshold,20,0,0,,1.8360000240136287e-06,0.0,45600,0.030054325237870216,0.34375,True,0.0,22
43,label,dqn,1,0,0,,1.5970000504239579e-06,0.0,0,0.01886592246592045,,True,0.0,3
43,label,dqn,2,0,0,,1.6699999605407356e-06,0.0,2400,0.003127326024696231,,True,0.0,4
43,label,dqn,3,0,0,,1.9709999605765915e-06,0.0,4800,0.004759009927511215,0.2894736842105264,True,0.0,5
43,label,dqn,4,0,0,,1.2739999419864034e-06,0.0,7200,0.0011217300780117512,0.6923076923076924,True,0.0,6
43,label,dqn,5,0,0,,1.5419999499499681e-06,0.0,9600,0.006559934467077255,0.039999999999999925,True,0.0,7
43,label,dqn,6,0,0,,2.1330000663510873e-06,0.0,12000,0.006239851005375385,1.7070707070707067,True,0.0,8
43,label,dqn,7,0,0,,1.628999939384812e-06,0.0,14400,0.004806682467460632,0.6385542168674698,True,0.0,9
43,label,dqn,8,0,0,,1.6500000583619112e-06,0.0,16800,0.004974393639713526,0.5505617977528087,True,0.0,10
43,label,dqn,9,0,0,,1.8490000002202578e-06,0.0,19200,0.006697533652186394,0.625,True,0.0,11
43,label,dqn,10,0,0,,2.0159999394309125e-06,0.0,21600,0.002107354812324047,0.21875000000000008,True,0.0,12
43,label,dqn,11,0,0,,1.7570000636624172e-06,0.0,24000,0.005452331155538559,0.31250000000000006,True,0.0,13
43,label,dqn,12,0,0,,1.6299999288094114e-06,0.0,26400,0.005635006818920374,0.18750000000000003,True,0.0,14
43,label,dqn,13,0,0,,1.874999952633516e-06,0.0,28800,0.002072530100122094,0.46875000000000006,True,0.0,15
43,label,dqn,14,0,0,,2.1880000531382393e-06,0.0,31200,0.0033592518884688616,0.28124999999999983,True,0.0,16
43,label,dqn,15,0,0,,1.8859999499909463e-06,0.0,33600,0.0036308541893959045,0.37499999999999994,True,0.0,17
43,label,dqn,16,0,0,,1.6849999155965634e-06,0.0,36000,0.0034480057656764984,0.06250000000000001,True,0.0,18
43,label,dqn,17,0,0,,1.7759999764166423e-06,0.0,38400,0.004778308793902397,0.75,True,0.0,19
43,label,dqn,18,0,0,,2.0300000187489786e-06,0.0,40800,0.006238768342882395,1.4062499999999996,True,0.0,20
43,label,dqn,19,0,0,,1.5549999261565972e-06,0.0,43200,0.003648384939879179,1.0624999999999998,True,0.0,21
43,label,dqn,20,0,0,,1.915000098051678e-06,0.0,45600,0.005876307841390371,0.46875,True,0.0,22
43,label,a1,1,0,0,,1.8339999314775923e-06,0.0,0,0.01886592246592045,,True,0.0,3
43,label,a1,2,0,0,,1.9890001112798927e-06,0.0,2400,0.003127326024696231,,True,0.0,4
43,label,a1,3,0,0,,1.500000053056283e-06,0.0,4800,0.004759009927511215,0.2894736842105264,True,0.0,5
43,label,a1,4,0,0,,1.6830000504342024e-06,0.0,7200,0.0011217300780117512,0.6923076923076924,True,0.0,6
43,label,a1,5,0,0,,1.9980000161012867e-06,0.0,9600,0.006559934467077255,0.039999999999999925,True,0.0,7
43,label,a1,6,0,0,,1.9059999658566085e-06,0.0,12000,0.006239851005375385,1.7070707070707067,True,0.0,8
43,label,a1,7,0,0,,1.479999923503783e-06,0.0,14400,0.004806682467460632,0.6385542168674698,True,0.0,9
43,label,a1,8,0,0,,1.5399999711007695e-06,0.0,16800,0.004974393639713526,0.5505617977528087,True,0.0,10
43,label,a1,9,0,0,,1.7130000742326956e-06,0.0,19200,0.006697533652186394,0.625,True,0.0,11
43,label,a1,10,0,0,,1.912000016091042e-06,0.0,21600,0.002107354812324047,0.21875000000000008,True,0.0,12
43,label,a1,11,0,0,,1.874999952633516e-06,0.0,24000,0.005452331155538559,0.31250000000000006,True,0.0,13
43,label,a1,12,0,0,,1.451000002816727e-06,0.0,26400,0.005635006818920374,0.18750000000000003,True,0.0,14
43,label,a1,13,0,0,,1.5090000715645147e-06,0.0,28800,0.002072530100122094,0.46875000000000006,True,0.0,15
43,label,a1,14,0,0,,1.7569999499755795e-06,0.0,31200,0.0033592518884688616,0.28124999999999983,True,0.0,16
43,label,a1,15,0,0,,1.6190000451388187e-06,0.0,33600,0.0036308541893959045,0.37499999999999994,True,0.0,17
43,label,a1,16,0,0,,1.5280000980055775e-06,0.0,36000,0.0034480057656764984,0.06250000000000001,True,0.0,18
43,label,a1,17,0,0,,1.3779999790131114e-06,0.0,38400,0.004778308793902397,0.75,True,0.0,19
43,label,a1,18,0,0,,1.570999984323862e-06,0.0,40800,0.006238768342882395,1.4062499999999996,True,0.0,20
43,label,a1,19,0,0,,1.714000063657295e-06,0.0,43200,0.003648384939879179,1.0624999999999998,True,0.0,21
43,label,a1,20,0,0,,1.837000013438228e-06,0.0,45600,0.005876307841390371,0.46875,True,0.0,22
43,label,a4,1,3,0,insufficient_revealed_classes,1.5990000292731565e-06,0.0,0,0.01886592246592045,,True,0.0,3
43,label,a4,2,3,3,,0.2600535100000343,1.2502336502075195,2400,0.003127326024696231,,True,-0.2492282267139439,4
43,label,a4,3,3,3,,0.2720833439999524,2.3788366317749023,4800,0.004759009927511215,0.2894736842105264,True,-0.24923587555904855,5
43,label,a4,4,3,3,,0.28182073699997545,3.5077943801879883,7200,0.0011217300780117512,0.6923076923076924,True,-0.2587470770661028,6
43,label,a4,5,3,3,,0.2883828409999296,4.635618209838867,9600,0.006559934467077255,0.039999999999999925,True,-0.24901895127790782,7
43,label,a4,6,3,3,,0.2977494880000222,5.763914108276367,12000,0.006239851005375385,1.7070707070707067,True,-0.23542536842670286,8
43,label,a4,7,3,3,,0.31863533099999586,6.892185211181641,14400,0.004806682467460632,0.6385542168674698,True,-0.20752970158547512,9
43,label,a4,8,3,3,,0.3202508580000085,8.020968437194824,16800,0.004974393639713526,0.5505617977528087,True,-0.2502281826040301,10
43,label,a4,9,3,3,,0.3356395099999645,9.148975372314453,19200,0.006697533652186394,0.625,True,-0.25543888618455324,11
43,label,a4,10,3,3,,0.36238966899998104,10.278325080871582,21600,0.002107354812324047,0.21875000000000008,True,-0.25179349732795825,12
43,label,a4,11,3,3,,0.3760382090000576,11.406423568725586,24000,0.005452331155538559,0.31250000000000006,True,-0.2464746730394902,13
43,label,a4,12,3,3,,0.38367777899998146,12.534185409545898,26400,0.005635006818920374,0.18750000000000003,True,-0.24640590089458483,14
43,label,a4,13,3,3,,0.3881466340000088,13.662787437438965,28800,0.002072530100122094,0.46875000000000006,True,-0.2471961492519844,15
43,label,a4,14,3,3,,0.41771360300003835,14.791043281555176,31200,0.0033592518884688616,0.28124999999999983,True,-0.24984200448939298,16
43,label,a4,15,3,3,,0.4087482950000094,15.919930458068848,33600,0.0036308541893959045,0.37499999999999994,True,-0.24688754773159183,17
43,label,a4,16,3,3,,0.4326112630000125,17.04866123199463,36000,0.0034480057656764984,0.06250000000000001,True,-0.25130803753829645,18
43,label,a4,17,3,3,,0.44828495399997337,18.176240921020508,38400,0.004778308793902397,0.75,True,-0.2512320515607102,19
43,label,a4,18,3,3,,0.45713301799992223,19.30451011657715,40800,0.006238768342882395,1.4062499999999996,True,-0.25202486967740145,20
43,label,a4,19,3,3,,0.4572193410000409,20.43288803100586,43200,0.003648384939879179,1.0624999999999998,True,-0.2674900707418382,21
43,label,a4,20,3,3,,0.46194965400002275,21.56136989593506,45600,0.005876307841390371,0.46875,True,-0.251060791329491,22
43,label,random,1,2,0,insufficient_revealed_classes,1.3999999737279722e-06,0.0,0,0.01886592246592045,,True,0.0,3
43,label,random,2,2,2,,0.19142028900000696,0.6763763427734375,2400,0.003127326024696231,,True,-0.14927296354303418,4
43,label,random,3,1,1,,0.12483612500000163,11.877285957336426,4800,0.004759009927511215,0.2894736842105264,True,-0.01886971702301983,5
43,label,random,4,0,0,,1.6760000107751694e-06,0.0,7200,0.0011217300780117512,0.6923076923076924,True,0.0,6
43,label,random,5,2,2,,0.2182764760000282,2.6517200469970703,9600,0.006559934467077255,0.039999999999999925,True,-0.14585916751657302,7
43,label,random,6,0,0,,1.7319999869869207e-06,0.0,12000,0.006239851005375385,1.7070707070707067,True,0.0,8
43,label,random,7,1,1,,0.12941832599994996,11.939393043518066,14400,0.004806682467460632,0.6385542168674698,True,-0.024964997569437215,9
43,label,random,8,3,3,,0.3195752789999915,8.020771026611328,16800,0.004974393639713526,0.5505617977528087,True,-0.2531032485841136,10
43,label,random,9,1,1,,0.13886519400000452,11.971203804016113,19200,0.006697533652186394,0.625,True,-0.02852462235384373,11
43,label,random,10,2,2,,0.247437495999975,5.947050094604492,21600,0.002107354812324047,0.21875000000000008,True,-0.1642323612025326,12
43,label,random,11,3,3,,0.35211302000004707,11.406166076660156,24000,0.005452331155538559,0.31250000000000006,True,-0.2455953949746315,13
43,label,random,12,0,0,,1.5240000266203424e-06,0.0,26400,0.005635006818920374,0.18750000000000003,True,0.0,14
43,label,random,13,3,3,,0.36606813100002,13.662313461303711,28800,0.002072530100122094,0.46875000000000006,True,-0.24051421710624066,15
43,label,random,14,3,3,,0.3792114220000258,14.791336059570312,31200,0.0033592518884688616,0.28124999999999983,True,-0.24984200448939298,16
43,label,random,15,1,1,,0.13061120999998366,12.06395435333252,33600,0.0036308541893959045,0.37499999999999994,True,-0.02563920570174503,17
43,label,random,16,1,1,,0.13399433600000066,12.079541206359863,36000,0.0034480057656764984,0.06250000000000001,True,-0.024205170851787416,18
43,label,random,17,1,1,,0.13812843699997757,12.095288276672363,38400,0.004778308793902397,0.75,True,-0.024926089899595674,19
43,label,random,18,1,1,,0.1326508649999596,12.11089038848877,40800,0.006238768342882395,1.4062499999999996,True,-0.024588017177051422,20
43,label,random,19,2,2,,0.29589363999991747,11.876768112182617,43200,0.003648384939879179,1.0624999999999998,True,-0.20090054884186334,21
43,label,random,20,1,1,,0.1387898130000167,12.142621040344238,45600,0.005876307841390371,0.46875,True,-0.025458888573198918,22
43,label,threshold,1,0,0,,1.3720000424655154e-06,0.0,0,0.01886592246592045,,True,0.0,3
43,label,threshold,2,0,0,,2.284000061081315e-06,0.0,2400,0.003127326024696231,,True,0.0,4
43,label,threshold,3,0,0,,1.5880000319157261e-06,0.0,4800,0.004759009927511215,0.2894736842105264,True,0.0,5
43,label,threshold,4,0,0,,1.4230000715542701e-06,0.0,7200,0.0011217300780117512,0.6923076923076924,True,0.0,6
43,label,threshold,5,0,0,,1.8700000055105193e-06,0.0,9600,0.006559934467077255,0.039999999999999925,True,0.0,7
43,label,threshold,6,0,0,,1.7680000610198476e-06,0.0,12000,0.006239851005375385,1.7070707070707067,True,0.0,8
43,label,threshold,7,0,0,,1.5790000134074944e-06,0.0,14400,0.004806682467460632,0.6385542168674698,True,0.0,9
43,label,threshold,8,0,0,,8.607000040683488e-06,0.0,16800,0.004974393639713526,0.5505617977528087,True,0.0,10
43,label,threshold,9,0,0,,1.5890000213403255e-06,0.0,19200,0.006697533652186394,0.625,True,0.0,11
43,label,threshold,10,0,0,,1.5110000504137133e-06,0.0,21600,0.002107354812324047,0.21875000000000008,True,0.0,12
43,label,threshold,11,0,0,,1.5560000292680343e-06,0.0,24000,0.005452331155538559,0.31250000000000006,True,0.0,13
43,label,threshold,12,0,0,,1.5500000927204383e-06,0.0,26400,0.005635006818920374,0.18750000000000003,True,0.0,14
43,label,threshold,13,0,0,,1.3519999129130156e-06,0.0,28800,0.002072530100122094,0.46875000000000006,True,0.0,15
43,label,threshold,14,0,0,,1.5900000107649248e-06,0.0,31200,0.0033592518884688616,0.28124999999999983,True,0.0,16
43,label,threshold,15,0,0,,1.7109999816966592e-06,0.0,33600,0.0036308541893959045,0.37499999999999994,True,0.0,17
43,label,threshold,16,0,0,,2.091999931508326e-06,0.0,36000,0.0034480057656764984,0.06250000000000001,True,0.0,18
43,label,threshold,17,0,0,,1.4459999420068925e-06,0.0,38400,0.004778308793902397,0.75,True,0.0,19
43,label,threshold,18,0,0,,1.7739999975674436e-06,0.0,40800,0.006238768342882395,1.4062499999999996,True,0.0,20
43,label,threshold,19,0,0,,1.5099999473022763e-06,0.0,43200,0.003648384939879179,1.0624999999999998,True,0.0,21
43,label,threshold,20,0,0,,1.6190000451388187e-06,0.0,45600,0.005876307841390371,0.46875,True,0.0,22
43,combined,dqn,1,0,0,,1.8850000742531847e-06,0.0,0,0.01886592246592045,,True,0.0,3
43,combined,dqn,2,0,0,,2.6200000320386607e-06,0.0,2400,0.003127326024696231,,True,0.0,4
43,combined,dqn,3,0,0,,1.8380000028628274e-06,0.0,4800,0.004759009927511215,0.2894736842105264,True,0.0,5
43,combined,dqn,4,0,0,,1.5949999578879215e-06,0.0,7200,0.0011217300780117512,0.6923076923076924,True,0.0,6
43,combined,dqn,5,0,0,,2.2429999262385536e-06,0.0,9600,0.006559934467077255,0.039999999999999925,True,0.0,7
43,combined,dqn,6,0,0,,1.6959999129539938e-06,0.0,12000,0.006239851005375385,1.7070707070707067,True,0.0,8
43,combined,dqn,7,0,0,,2.2169999738252955e-06,0.0,14400,0.004806682467460632,0.6385542168674698,True,0.0,9
43,combined,dqn,8,0,0,,2.574999939497502e-06,0.0,16800,0.005663684103637934,0.5505617977528087,True,0.0,10
43,combined,dqn,9,0,0,,1.73299997641152e-06,0.0,19200,0.01112995482981205,0.625,True,0.0,11
43,combined,dqn,10,0,0,,1.8929999896499794e-06,0.0,21600,0.014961483888328075,0.21875000000000008,True,0.0,12
43,combined,dqn,11,0,0,,2.0589999394360348e-06,0.0,24000,0.01969105191528797,0.31250000000000006,True,0.0,13
43,combined,dqn,12,0,0,,2.0979999817427597e-06,0.0,26400,0.02274303510785103,0.18750000000000003,True,0.0,14
43,combined,dqn,13,0,0,,1.9200000451746746e-06,0.0,28800,0.02592412941157818,0.46875000000000006,True,0.0,15
43,combined,dqn,14,0,0,,1.6589999631833052e-06,0.0,31200,0.03095550648868084,0.28124999999999983,True,0.0,16
43,combined,dqn,15,0,0,,1.8599999975776882e-06,0.0,33600,0.02827114798128605,0.37499999999999994,True,0.0,17
43,combined,dqn,16,0,0,,1.7610000213608146e-06,0.0,36000,0.032540250569581985,0.06250000000000001,True,0.0,18
43,combined,dqn,17,0,0,,2.548999987084244e-06,0.0,38400,0.028677456080913544,0.75,True,0.0,19
43,combined,dqn,18,0,0,,1.67500002135057e-06,0.0,40800,0.032609134912490845,1.4062499999999996,True,0.0,20
43,combined,dqn,19,0,0,,1.988999997593055e-06,0.0,43200,0.03188708424568176,1.0624999999999998,True,0.0,21
43,combined,dqn,20,0,0,,2.0440000980670447e-06,0.0,45600,0.030054325237870216,0.46875,True,0.0,22
43,combined,a1,1,0,0,,2.0649999896704685e-06,0.0,0,0.01886592246592045,,True,0.0,3
43,combined,a1,2,0,0,,2.1600000081889448e-06,0.0,2400,0.003127326024696231,,True,0.0,4
43,combined,a1,3,0,0,,1.86900001608592e-06,0.0,4800,0.004759009927511215,0.2894736842105264,True,0.0,5
43,combined,a1,4,0,0,,1.7810000372264767e-06,0.0,7200,0.0011217300780117512,0.6923076923076924,True,0.0,6
43,combined,a1,5,0,0,,2.3060000557961757e-06,0.0,9600,0.006559934467077255,0.039999999999999925,True,0.0,7
43,combined,a1,6,0,0,,2.3719999262539204e-06,0.0,12000,0.006239851005375385,1.7070707070707067,True,0.0,8
43,combined,a1,7,0,0,,1.8150000187233672e-06,0.0,14400,0.004806682467460632,0.6385542168674698,True,0.0,9
43,combined,a1,8,0,0,,2.1399999923232826e-06,0.0,16800,0.005663684103637934,0.5505617977528087,True,0.0,10
43,combined,a1,9,0,0,,2.359000063734129e-06,0.0,19200,0.01112995482981205,0.625,True,0.0,11
43,combined,a1,10,0,0,,1.6710000636521727e-06,0.0,21600,0.014961483888328075,0.21875000000000008,True,0.0,12
43,combined,a1,11,0,0,,2.5279999817939824e-06,0.0,24000,0.01969105191528797,0.31250000000000006,True,0.0,13
43,combined,a1,12,0,0,,2.266999899802613e-06,0.0,26400,0.02274303510785103,0.18750000000000003,True,0.0,14
43,combined,a1,13,0,0,,1.6579999737587059e-06,0.0,28800,0.02592412941157818,0.46875000000000006,True,0.0,15
43,combined,a1,14,0,0,,1.5560000292680343e-06,0.0,31200,0.03095550648868084,0.28124999999999983,True,0.0,16
43,combined,a1,15,0,0,,1.756000074237818e-06,0.0,33600,0.02827114798128605,0.37499999999999994,True,0.0,17
43,combined,a1,16,0,0,,1.5790000134074944e-06,0.0,36000,0.032540250569581985,0.06250000000000001,True,0.0,18
43,combined,a1,17,0,0,,2.260999963255017e-06,0.0,38400,0.028677456080913544,0.75,True,0.0,19
43,combined,a1,18,0,0,,1.614000098015822e-06,0.0,40800,0.032609134912490845,1.4062499999999996,True,0.0,20
43,combined,a1,19,0,0,,1.8840000848285854e-06,0.0,43200,0.03188708424568176,1.0624999999999998,True,0.0,21
43,combined,a1,20,0,0,,2.106000010826392e-06,0.0,45600,0.030054325237870216,0.46875,True,0.0,22
43,combined,a4,1,3,0,insufficient_revealed_classes,2.691999952730839e-06,0.0,0,0.01886592246592045,,True,0.0,3
43,combined,a4,2,3,3,,0.2729643899999701,1.2526435852050781,2400,0.003127326024696231,,True,-0.2492282267139439,4
43,combined,a4,3,3,3,,0.28328347000001486,2.381058692932129,4800,0.004759009927511215,0.2894736842105264,True,-0.24923587555904855,5
43,combined,a4,4,3,3,,0.29657936900002824,3.5100812911987305,7200,0.0011217300780117512,0.6923076923076924,True,-0.2587470770661028,6
43,combined,a4,5,3,3,,0.31162536900001214,4.637517929077148,9600,0.006559934467077255,0.039999999999999925,True,-0.24901895127790782,7
43,combined,a4,6,3,3,,0.30910792600002424,5.765815734863281,12000,0.006239851005375385,1.7070707070707067,True,-0.23542536842670286,8
43,combined,a4,7,3,3,,0.31728570600000694,6.894721031188965,14400,0.004806682467460632,0.6385542168674698,True,-0.19234639991488744,9
43,combined,a4,8,3,3,,0.3267493700000159,8.022809028625488,16800,0.005663684103637934,0.5505617977528087,True,-0.25083579414653195,10
43,combined,a4,9,3,3,,0.3567271540000547,9.15111255645752,19200,0.01112995482981205,0.625,True,-0.2475799761199949,11
43,combined,a4,10,3,3,,0.36224301599997943,10.27993392944336,21600,0.014961483888328075,0.21875000000000008,True,-0.25670806774294525,12
43,combined,a4,11,3,3,,0.3624742279999964,11.407888412475586,24000,0.01969105191528797,0.31250000000000006,True,-0.24488982630732534,13
43,combined,a4,12,3,3,,0.37468529299997044,12.536417007446289,26400,0.02274303510785103,0.18750000000000003,True,-0.25102788101653184,14
43,combined,a4,13,3,3,,0.39755286699994485,13.664538383483887,28800,0.02592412941157818,0.46875000000000006,True,-0.25057360189793076,15
43,combined,a4,14,3,3,,0.4211678550000215,14.793325424194336,31200,0.03095550648868084,0.28124999999999983,True,-0.250078851879875,16
43,combined,a4,15,3,3,,0.42800062000003436,15.921915054321289,33600,0.02827114798128605,0.37499999999999994,True,-0.24476570426300565,17
43,combined,a4,16,3,3,,0.41294889999994666,17.050477981567383,36000,0.032540250569581985,0.06250000000000001,True,-0.25540899224213265,18
43,combined,a4,17,3,3,,0.4139716040000394,18.17835521697998,38400,0.028677456080913544,0.75,True,-0.25305917515868537,19
43,combined,a4,18,3,3,,0.42943536500001755,19.307061195373535,40800,0.032609134912490845,1.4062499999999996,True,-0.31251047049432157,20
43,combined,a4,19,3,3,,0.4447397189999265,20.435482025146484,43200,0.03188708424568176,1.0624999999999998,True,-0.39146418070609845,21
43,combined,a4,20,3,3,,0.4586265519999415,21.564045906066895,45600,0.030054325237870216,0.46875,True,-0.24858360277505237,22
43,combined,random,1,2,0,insufficient_revealed_classes,1.5370000028269715e-06,0.0,0,0.01886592246592045,,True,0.0,3
43,combined,random,2,2,2,,0.19559655000000475,0.6793060302734375,2400,0.003127326024696231,,True,-0.14927296354303418,4
43,combined,random,3,1,1,,0.1296698999999535,11.877346992492676,4800,0.004759009927511215,0.2894736842105264,True,-0.01886971702301983,5
43,combined,random,4,0,0,,1.5069999790284783e-06,0.0,7200,0.0011217300780117512,0.6923076923076924,True,0.0,6
43,combined,random,5,2,2,,0.21945643800006565,2.6539554595947266,9600,0.006559934467077255,0.039999999999999925,True,-0.14585916751657302,7
43,combined,random,6,0,0,,1.9780000002356246e-06,0.0,12000,0.006239851005375385,1.7070707070707067,True,0.0,8
43,combined,random,7,1,1,,0.13520166599994354,11.939496040344238,14400,0.004806682467460632,0.6385542168674698,True,-0.030034555968423353,9
43,combined,random,8,3,3,,0.3224168049999889,8.022917747497559,16800,0.005663684103637934,0.5505617977528087,True,-0.25296109797116345,10
43,combined,random,9,1,1,,0.13686932000007346,11.97118091583252,19200,0.01112995482981205,0.625,True,-0.038571332664579266,11
43,combined,random,10,2,2,,0.2503763390000131,5.949274063110352,21600,0.014961483888328075,0.21875000000000008,True,-0.1528987252454787,12
43,combined,random,11,3,3,,0.3615546419999873,11.407898902893066,24000,0.01969105191528797,0.31250000000000006,True,-0.2441059984842143,13
43,combined,random,12,0,0,,1.659000076870143e-06,0.0,26400,0.02274303510785103,0.18750000000000003,True,0.0,14
43,combined,random,13,3,3,,0.37885716999994656,13.66468334197998,28800,0.02592412941157818,0.46875000000000006,True,-0.24845011058114694,15
43,combined,random,14,3,3,,0.3948913739999398,14.792999267578125,31200,0.03095550648868084,0.28124999999999983,True,-0.250078851879875,16
43,combined,random,15,1,1,,0.1364819919999718,12.063973426818848,33600,0.02827114798128605,0.37499999999999994,True,-0.013275520848089778,17
43,combined,random,16,1,1,,0.14380774800008567,12.079602241516113,36000,0.032540250569581985,0.06250000000000001,True,-0.023847410216822844,18
43,combined,random,17,1,1,,0.1387632199999871,12.095307350158691,38400,0.028677456080913544,0.75,True,-0.023802011781811717,19
43,combined,random,18,1,1,,0.1421680749999723,12.110909461975098,40800,0.032609134912490845,1.4062499999999996,True,-0.025043794270536136,20
43,combined,random,19,2,2,,0.307279096000002,11.879220962524414,43200,0.03188708424568176,1.0624999999999998,True,-0.16409631401109853,21
43,combined,random,20,1,1,,0.1387766869999041,12.142640113830566,45600,0.030054325237870216,0.46875,True,-0.024918120056327916,22
43,combined,threshold,1,0,0,,1.6279999499602127e-06,0.0,0,0.01886592246592045,,True,0.0,3
43,combined,threshold,2,0,0,,2.041000016106409e-06,0.0,2400,0.003127326024696231,,True,0.0,4
43,combined,threshold,3,0,0,,2.295999934176507e-06,0.0,4800,0.004759009927511215,0.2894736842105264,True,0.0,5
43,combined,threshold,4,0,0,,1.816999997572566e-06,0.0,7200,0.0011217300780117512,0.6923076923076924,True,0.0,6
43,combined,threshold,5,0,0,,1.51599999753671e-06,0.0,9600,0.006559934467077255,0.039999999999999925,True,0.0,7
43,combined,threshold,6,0,0,,2.014999950006313e-06,0.0,12000,0.006239851005375385,1.7070707070707067,True,0.0,8
43,combined,threshold,7,0,0,,1.5810001059435308e-06,0.0,14400,0.004806682467460632,0.6385542168674698,True,0.0,9
43,combined,threshold,8,0,0,,2.16699993416114e-06,0.0,16800,0.005663684103637934,0.5505617977528087,True,0.0,10
43,combined,threshold,9,0,0,,1.4729999975315877e-06,0.0,19200,0.01112995482981205,0.625,True,0.0,11
43,combined,threshold,10,0,0,,1.8969999473483767e-06,0.0,21600,0.014961483888328075,0.21875000000000008,True,0.0,12
43,combined,threshold,11,0,0,,1.4849999843136175e-06,0.0,24000,0.01969105191528797,0.31250000000000006,True,0.0,13
43,combined,threshold,12,0,0,,1.6899999764063978e-06,0.0,26400,0.02274303510785103,0.18750000000000003,True,0.0,14
43,combined,threshold,13,0,0,,2.0519998997770017e-06,0.0,28800,0.02592412941157818,0.46875000000000006,True,0.0,15
43,combined,threshold,14,0,0,,2.2489999764729873e-06,0.0,31200,0.03095550648868084,0.28124999999999983,True,0.0,16
43,combined,threshold,15,0,0,,2.0029999632242834e-06,0.0,33600,0.02827114798128605,0.37499999999999994,True,0.0,17
43,combined,threshold,16,0,0,,1.981999957934022e-06,0.0,36000,0.032540250569581985,0.06250000000000001,True,0.0,18
43,combined,threshold,17,0,0,,1.6440000081274775e-06,0.0,38400,0.028677456080913544,0.75,True,0.0,19
43,combined,threshold,18,0,0,,1.5559999155811965e-06,0.0,40800,0.032609134912490845,1.4062499999999996,True,0.0,20
43,combined,threshold,19,0,0,,1.469999915570952e-06,0.0,43200,0.03188708424568176,1.0624999999999998,True,0.0,21
43,combined,threshold,20,0,0,,1.9710000742634293e-06,0.0,45600,0.030054325237870216,0.46875,True,0.0,22
44,clean,dqn,1,0,0,,1.9020000081582111e-06,0.0,0,0.024339472874999046,,True,0.0,3
44,clean,dqn,2,0,0,,1.6999999843392288e-06,0.0,2400,0.003472814103588462,,True,0.0,4
44,clean,dqn,3,0,0,,1.6619999314571032e-06,0.0,4800,0.004438196308910847,1.5416666666666665,True,0.0,5
44,clean,dqn,4,0,0,,2.571999971223704e-06,0.0,7200,0.005066641140729189,0.639344262295082,True,0.0,6
44,clean,dqn,5,0,0,,2.077000090139336e-06,0.0,9600,0.005011584609746933,0.625,True,0.0,7
44,clean,dqn,6,0,0,,1.944000018738734e-06,0.0,12000,0.004528471734374762,0.36458333333333326,True,0.0,8
44,clean,dqn,7,0,0,,2.035000079558813e-06,0.0,14400,0.00334047619253397,1.1666666666666665,True,0.0,9
44,clean,dqn,8,0,0,,1.958999973794562e-06,0.0,16800,0.0055606551468372345,0.5750000000000001,True,0.0,10
44,clean,dqn,9,0,0,,1.8999999156221747e-06,0.0,19200,0.005952764302492142,0.16831683168316827,True,0.0,11
44,clean,dqn,10,0,0,,1.7769999658412416e-06,0.0,21600,0.003157011466100812,1.217821782178218,True,0.0,12
44,clean,dqn,11,0,0,,1.866000047812122e-06,0.0,24000,0.006030170246958733,0.5841584158415841,True,0.0,13
44,clean,dqn,12,0,0,,1.8480000107956585e-06,0.0,26400,0.003932751715183258,0.24752475247524752,True,0.0,14
44,clean,dqn,13,0,0,,2.039999912994972e-06,0.0,28800,0.004533439874649048,0.45544554455445563,True,0.0,15
44,clean,dqn,14,0,0,,2.2469999976237887e-06,0.0,31200,0.0044346279464662075,0.5594059405940593,True,0.0,16
44,clean,dqn,15,0,0,,1.8010000530921388e-06,0.0,33600,0.0027849399484694004,0.594059405940594,True,0.0,17
44,clean,dqn,16,0,0,,1.8700000055105193e-06,0.0,36000,0.001852857181802392,0.039603960396039695,True,0.0,18
44,clean,dqn,17,0,0,,1.946999987012532e-06,0.0,38400,0.0017182918963953853,0.039603960396039695,True,0.0,19
44,clean,dqn,18,0,0,,1.7700000398690463e-06,0.0,40800,0.002547669457271695,1.183168316831683,True,0.0,20
44,clean,dqn,19,0,0,,2.0290000293243793e-06,0.0,43200,0.004511790815740824,0.9059405940594059,True,0.0,21
44,clean,dqn,20,0,0,,1.6610000557193416e-06,0.0,45600,0.003986459691077471,0.9059405940594059,True,0.0,22
44,clean,a1,1,0,0,,2.5699999923745054e-06,0.0,0,0.024339472874999046,,True,0.0,3
44,clean,a1,2,0,0,,1.7050000451490632e-06,0.0,2400,0.003472814103588462,,True,0.0,4
44,clean,a1,3,0,0,,1.887999928840145e-06,0.0,4800,0.004438196308910847,1.5416666666666665,True,0.0,5
44,clean,a1,4,0,0,,2.0440000980670447e-06,0.0,7200,0.005066641140729189,0.639344262295082,True,0.0,6
44,clean,a1,5,0,0,,1.7549999711263808e-06,0.0,9600,0.005011584609746933,0.625,True,0.0,7
44,clean,a1,6,0,0,,1.8900000213761814e-06,0.0,12000,0.004528471734374762,0.36458333333333326,True,0.0,8
44,clean,a1,7,0,0,,2.146999918295478e-06,0.0,14400,0.00334047619253397,1.1666666666666665,True,0.0,9
44,clean,a1,8,0,0,,1.86900001608592e-06,0.0,16800,0.0055606551468372345,0.5750000000000001,True,0.0,10
44,clean,a1,9,0,0,,1.8189999764217646e-06,0.0,19200,0.005952764302492142,0.16831683168316827,True,0.0,11
44,clean,a1,10,0,0,,2.1460000425577164e-06,0.0,21600,0.003157011466100812,1.217821782178218,True,0.0,12
44,clean,a1,11,0,0,,2.5699999923745054e-06,0.0,24000,0.006030170246958733,0.5841584158415841,True,0.0,13
44,clean,a1,12,0,0,,2.5279999817939824e-06,0.0,26400,0.003932751715183258,0.24752475247524752,True,0.0,14
44,clean,a1,13,0,0,,2.1319999632396502e-06,0.0,28800,0.004533439874649048,0.45544554455445563,True,0.0,15
44,clean,a1,14,0,0,,2.0259999473637436e-06,0.0,31200,0.0044346279464662075,0.5594059405940593,True,0.0,16
44,clean,a1,15,0,0,,1.8800000134433503e-06,0.0,33600,0.0027849399484694004,0.594059405940594,True,0.0,17
44,clean,a1,16,0,0,,2.5349999077661778e-06,0.0,36000,0.001852857181802392,0.039603960396039695,True,0.0,18
44,clean,a1,17,0,0,,1.89200000022538e-06,0.0,38400,0.0017182918963953853,0.039603960396039695,True,0.0,19
44,clean,a1,18,0,0,,2.0530000028884388e-06,0.0,40800,0.002547669457271695,1.183168316831683,True,0.0,20
44,clean,a1,19,0,0,,2.218999952674494e-06,0.0,43200,0.004511790815740824,0.9059405940594059,True,0.0,21
44,clean,a1,20,0,0,,2.6940000452668755e-06,0.0,45600,0.003986459691077471,0.9059405940594059,True,0.0,22
44,clean,a4,1,3,0,insufficient_revealed_classes,2.1660000584233785e-06,0.0,0,0.024339472874999046,,True,0.0,3
44,clean,a4,2,3,3,,0.2892536330000439,1.250732421875,2400,0.003472814103588462,,True,-0.25216278191644,4
44,clean,a4,3,3,3,,0.31020309899997756,2.378772735595703,4800,0.004438196308910847,1.5416666666666665,True,-0.250856929550784,5
44,clean,a4,4,3,3,,0.28970346899996,3.507431983947754,7200,0.005066641140729189,0.639344262295082,True,-0.2523650518146348,6
44,clean,a4,5,3,3,,0.2974642289999565,4.6356916427612305,9600,0.005011584609746933,0.625,True,-0.23965904434887966,7
44,clean,a4,6,3,3,,0.3088553600000523,5.764225959777832,12000,0.004528471734374762,0.36458333333333326,True,-0.25344089275296733,8
44,clean,a4,7,3,3,,0.312135689999991,6.892335891723633,14400,0.00334047619253397,1.1666666666666665,True,-0.25132925498554615,9
44,clean,a4,8,3,3,,0.31793424199997844,8.021003723144531,16800,0.0055606551468372345,0.5750000000000001,True,-0.24775587597519655,10
44,clean,a4,9,3,3,,0.33824523299995235,9.149028778076172,19200,0.005952764302492142,0.16831683168316827,True,-0.24931904454685286,11
44,clean,a4,10,3,3,,0.35626143800004684,10.278138160705566,21600,0.003157011466100812,1.217821782178218,True,-0.24455942745609402,12
44,clean,a4,11,3,3,,0.3652191329999823,11.405841827392578,24000,0.006030170246958733,0.5841584158415841,True,-0.24645900548594715,13
44,clean,a4,12,3,3,,0.3914303709999558,12.534335136413574,26400,0.003932751715183258,0.24752475247524752,True,-0.2070279839593177,14
44,clean,a4,13,3,3,,0.3910325009999269,13.662674903869629,28800,0.004533439874649048,0.45544554455445563,True,-0.2458502528038032,15
44,clean,a4,14,3,3,,0.40850299900000664,14.790824890136719,31200,0.0044346279464662075,0.5594059405940593,True,-0.24869887160046836,16
44,clean,a4,15,3,3,,0.40678298599993923,15.919301986694336,33600,0.0027849399484694004,0.594059405940594,True,-0.25289853335768203,17
44,clean,a4,16,3,3,,0.42911390100005065,17.04862117767334,36000,0.001852857181802392,0.039603960396039695,True,-0.2603175475222921,18
44,clean,a4,17,3,3,,0.4435085950000257,18.176453590393066,38400,0.0017182918963953853,0.039603960396039695,True,-0.25271192487943134,19
44,clean,a4,18,3,3,,0.4661108450000029,19.304617881774902,40800,0.002547669457271695,1.183168316831683,True,-0.25070232941181586,20
44,clean,a4,19,3,3,,0.45430727199993726,20.432851791381836,43200,0.004511790815740824,0.9059405940594059,True,-0.25568423969931436,21
44,clean,a4,20,3,3,,0.45945464100009303,21.561484336853027,45600,0.003986459691077471,0.9059405940594059,True,-0.24931646891879858,22
44,clean,random,1,2,0,insufficient_revealed_classes,1.5439999287991668e-06,0.0,0,0.024339472874999046,,True,0.0,3
44,clean,random,2,0,0,,1.7319999869869207e-06,0.0,2400,0.003472814103588462,,True,0.0,4
44,clean,random,3,3,3,,0.2746420640000906,2.378629684448242,4800,0.004438196308910847,1.5416666666666665,True,-0.2511322088222907,5
44,clean,random,4,1,1,,0.13033228199992664,11.891648292541504,7200,0.005066641140729189,0.639344262295082,True,-0.019237144553145617,6
44,clean,random,5,2,2,,0.21622564100005093,2.6503448486328125,9600,0.005011584609746933,0.625,True,-0.11786742780230228,7
44,clean,random,6,1,1,,0.14108159199997772,11.923649787902832,12000,0.004528471734374762,0.36458333333333326,True,-0.025564531104239927,8
44,clean,random,7,0,0,,1.9100000372418435e-06,0.0,14400,0.00334047619253397,1.1666666666666665,True,0.0,9
44,clean,random,8,3,3,,0.33608088599999064,8.020519256591797,16800,0.0055606551468372345,0.5750000000000001,True,-0.26888337416335256,10
44,clean,random,9,2,2,,0.24504077400001734,5.286491394042969,19200,0.005952764302492142,0.16831683168316827,True,-0.14931234617103115,11
44,clean,random,10,0,0,,2.391000066381821e-06,0.0,21600,0.003157011466100812,1.217821782178218,True,0.0,12
44,clean,random,11,3,3,,0.3687918929999796,11.405982971191406,24000,0.006030170246958733,0.5841584158415841,True,-0.2562064080355468,13
44,clean,random,12,3,3,,0.3793811689999984,12.534502029418945,26400,0.003932751715183258,0.24752475247524752,True,-0.2070279839593177,14
44,clean,random,13,0,0,,1.8439999394104234e-06,0.0,28800,0.004533439874649048,0.45544554455445563,True,0.0,15
44,clean,random,14,0,0,,2.1600000081889448e-06,0.0,31200,0.0044346279464662075,0.5594059405940593,True,0.0,16
44,clean,random,15,0,0,,1.784999994924874e-06,0.0,33600,0.0027849399484694004,0.594059405940594,True,0.0,17
44,clean,random,16,1,1,,0.15249266800003625,12.080750465393066,36000,0.001852857181802392,0.039603960396039695,True,-0.009156142559692361,18
44,clean,random,17,1,1,,0.15607409599999755,12.095799446105957,38400,0.0017182918963953853,0.039603960396039695,True,-0.027352670095510352,19
44,clean,random,18,2,2,,0.30059287899996434,11.22007942199707,40800,0.002547669457271695,1.183168316831683,True,-0.15883557947310806,20
44,clean,random,19,2,2,,0.2998317770000085,11.879789352416992,43200,0.004511790815740824,0.9059405940594059,True,-0.15349247047870207,21
44,clean,random,20,2,2,,0.2981381470000315,12.540842056274414,45600,0.003986459691077471,0.9059405940594059,True,-0.14957092624903667,22
44,clean,threshold,1,0,0,,2.6270000716976938e-06,0.0,0,0.024339472874999046,,True,0.0,3
44,clean,threshold,2,0,0,,2.004999942073482e-06,0.0,2400,0.003472814103588462,,True,0.0,4
44,clean,threshold,3,0,0,,1.6999999843392288e-06,0.0,4800,0.004438196308910847,1.5416666666666665,True,0.0,5
44,clean,threshold,4,0,0,,2.1780000452054082e-06,0.0,7200,0.005066641140729189,0.639344262295082,True,0.0,6
44,clean,threshold,5,0,0,,1.7020000768752652e-06,0.0,9600,0.005011584609746933,0.625,True,0.0,7
44,clean,threshold,6,0,0,,1.8529999579186551e-06,0.0,12000,0.004528471734374762,0.36458333333333326,True,0.0,8
44,clean,threshold,7,0,0,,1.928000074258307e-06,0.0,14400,0.00334047619253397,1.1666666666666665,True,0.0,9
44,clean,threshold,8,0,0,,2.05100002403924e-06,0.0,16800,0.0055606551468372345,0.5750000000000001,True,0.0,10
44,clean,threshold,9,0,0,,2.043999984380207e-06,0.0,19200,0.005952764302492142,0.16831683168316827,True,0.0,11
44,clean,threshold,10,0,0,,1.6689999711161363e-06,0.0,21600,0.003157011466100812,1.217821782178218,True,0.0,12
44,clean,threshold,11,0,0,,2.093000034619763e-06,0.0,24000,0.006030170246958733,0.5841584158415841,True,0.0,13
44,clean,threshold,12,0,0,,1.5900000107649248e-06,0.0,26400,0.003932751715183258,0.24752475247524752,True,0.0,14
44,clean,threshold,13,0,0,,1.8680000266613206e-06,0.0,28800,0.004533439874649048,0.45544554455445563,True,0.0,15
44,clean,threshold,14,0,0,,1.9379999685043003e-06,0.0,31200,0.0044346279464662075,0.5594059405940593,True,0.0,16
44,clean,threshold,15,0,0,,1.991999965866853e-06,0.0,33600,0.0027849399484694004,0.594059405940594,True,0.0,17
44,clean,threshold,16,0,0,,2.0950000134689617e-06,0.0,36000,0.001852857181802392,0.039603960396039695,True,0.0,18
44,clean,threshold,17,0,0,,1.958999973794562e-06,0.0,38400,0.0017182918963953853,0.039603960396039695,True,0.0,19
44,clean,threshold,18,0,0,,1.8109999473381322e-06,0.0,40800,0.002547669457271695,1.183168316831683,True,0.0,20
44,clean,threshold,19,0,0,,1.8800000134433503e-06,0.0,43200,0.004511790815740824,0.9059405940594059,True,0.0,21
44,clean,threshold,20,0,0,,1.8539999473432545e-06,0.0,45600,0.003986459691077471,0.9059405940594059,True,0.0,22
44,measurement,dqn,1,0,0,,2.6540000135355513e-06,0.0,0,0.024339472874999046,,True,0.0,3
44,measurement,dqn,2,0,0,,2.117999997608422e-06,0.0,2400,0.003472814103588462,,True,0.0,4
44,measurement,dqn,3,0,0,,1.909999923555006e-06,0.0,4800,0.004438196308910847,1.5416666666666665,True,0.0,5
44,measurement,dqn,4,0,0,,1.9130000055156415e-06,0.0,7200,0.005066641140729189,0.639344262295082,True,0.0,6
44,measurement,dqn,5,0,0,,1.4720000081069884e-06,0.0,9600,0.005011584609746933,0.625,True,0.0,7
44,measurement,dqn,6,0,0,,1.8480000107956585e-06,0.0,12000,0.004528471734374762,0.36458333333333326,True,0.0,8
44,measurement,dqn,7,0,0,,1.6410000398536795e-06,0.0,14400,0.00334047619253397,1.1666666666666665,True,0.0,9
44,measurement,dqn,8,0,0,,2.318999918315967e-06,0.0,16800,0.0037964091170579195,0.5750000000000001,True,0.0,10
44,measurement,dqn,9,0,0,,2.267000013489451e-06,0.0,19200,0.010007455945014954,0.16831683168316827,True,0.0,11
44,measurement,dqn,10,0,0,,1.8879999970522476e-05,0.0,21600,0.014535325579345226,1.217821782178218,True,0.0,12
44,measurement,dqn,11,0,0,,2.1359999209380476e-06,0.0,24000,0.022507844492793083,0.5841584158415841,True,0.0,13
44,measurement,dqn,12,0,0,,1.960000076905999e-06,0.0,26400,0.02524094469845295,0.24752475247524752,True,0.0,14
44,measurement,dqn,13,0,0,,1.7190000107802916e-06,0.0,28800,0.02751982770860195,0.45544554455445563,True,0.0,15
44,measurement,dqn,14,0,0,,1.9620000557551975e-06,0.0,31200,0.031330663710832596,0.5594059405940593,True,0.0,16
44,measurement,dqn,15,0,0,,1.9539999129847274e-06,0.0,33600,0.03287104144692421,0.594059405940594,True,0.0,17
44,measurement,dqn,16,0,0,,1.8339999314775923e-06,0.0,36000,0.03254089131951332,0.039603960396039695,True,0.0,18
44,measurement,dqn,17,0,0,,1.4889999420120148e-06,0.0,38400,0.031692251563072205,0.039603960396039695,True,0.0,19
44,measurement,dqn,18,0,0,,1.6960000266408315e-06,0.0,40800,0.03017527051270008,1.183168316831683,True,0.0,20
44,measurement,dqn,19,0,0,,1.6019999975469545e-06,0.0,43200,0.03225359693169594,0.9059405940594059,True,0.0,21
44,measurement,dqn,20,0,0,,1.570999984323862e-06,0.0,45600,0.03134245425462723,0.9059405940594059,True,0.0,22
44,measurement,a1,1,0,0,,2.1270000161166536e-06,0.0,0,0.024339472874999046,,True,0.0,3
44,measurement,a1,2,0,0,,1.8060000002151355e-06,0.0,2400,0.003472814103588462,,True,0.0,4
44,measurement,a1,3,0,0,,2.5379999897268135e-06,0.0,4800,0.004438196308910847,1.5416666666666665,True,0.0,5
44,measurement,a1,4,0,0,,2.168000037272577e-06,0.0,7200,0.005066641140729189,0.639344262295082,True,0.0,6
44,measurement,a1,5,0,0,,1.934000010805903e-06,0.0,9600,0.005011584609746933,0.625,True,0.0,7
44,measurement,a1,6,0,0,,1.8460000319464598e-06,0.0,12000,0.004528471734374762,0.36458333333333326,True,0.0,8
44,measurement,a1,7,0,0,,1.659000076870143e-06,0.0,14400,0.00334047619253397,1.1666666666666665,True,0.0,9
44,measurement,a1,8,0,0,,1.829999973779195e-06,0.0,16800,0.0037964091170579195,0.5750000000000001,True,0.0,10
44,measurement,a1,9,0,0,,1.8230000478069996e-06,0.0,19200,0.010007455945014954,0.16831683168316827,True,0.0,11
44,measurement,a1,10,0,0,,2.227999971182726e-06,0.0,21600,0.014535325579345226,1.217821782178218,True,0.0,12
44,measurement,a1,11,0,0,,2.0309998944867402e-06,0.0,24000,0.022507844492793083,0.5841584158415841,True,0.0,13
44,measurement,a1,12,0,0,,2.0029999632242834e-06,0.0,26400,0.02524094469845295,0.24752475247524752,True,0.0,14
44,measurement,a1,13,0,0,,1.6190000451388187e-06,0.0,28800,0.02751982770860195,0.45544554455445563,True,0.0,15
44,measurement,a1,14,0,0,,2.6799999659488094e-06,0.0,31200,0.031330663710832596,0.5594059405940593,True,0.0,16
44,measurement,a1,15,0,0,,2.185999960602203e-06,0.0,33600,0.03287104144692421,0.594059405940594,True,0.0,17
44,measurement,a1,16,0,0,,1.7419999949197518e-06,0.0,36000,0.03254089131951332,0.039603960396039695,True,0.0,18
44,measurement,a1,17,0,0,,1.4309999869510648e-06,0.0,38400,0.031692251563072205,0.039603960396039695,True,0.0,19
44,measurement,a1,18,0,0,,1.560999976391031e-06,0.0,40800,0.03017527051270008,1.183168316831683,True,0.0,20
44,measurement,a1,19,0,0,,1.9420000398895354e-06,0.0,43200,0.03225359693169594,0.9059405940594059,True,0.0,21
44,measurement,a1,20,0,0,,1.964000034604396e-06,0.0,45600,0.03134245425462723,0.9059405940594059,True,0.0,22
44,measurement,a4,1,3,0,insufficient_revealed_classes,1.9430000293141347e-06,0.0,0,0.024339472874999046,,True,0.0,3
44,measurement,a4,2,3,3,,0.3110463120000304,1.252685546875,2400,0.003472814103588462,,True,-0.25216278191644,4
44,measurement,a4,3,3,3,,0.2651924890000146,2.381145477294922,4800,0.004438196308910847,1.5416666666666665,True,-0.250856929550784,5
44,measurement,a4,4,3,3,,0.2854215160000422,3.5097951889038086,7200,0.005066641140729189,0.639344262295082,True,-0.2523650518146348,6
44,measurement,a4,5,3,3,,0.29655225900000914,4.637550354003906,9600,0.005011584609746933,0.625,True,-0.23965904434887966,7
44,measurement,a4,6,3,3,,0.298017662999996,5.766207695007324,12000,0.004528471734374762,0.36458333333333326,True,-0.25344089275296733,8
44,measurement,a4,7,3,3,,0.3149394030000394,6.894911766052246,14400,0.00334047619253397,1.1666666666666665,True,-0.2514697420696499,9
44,measurement,a4,8,3,3,,0.3438460000000987,8.0227632522583,16800,0.0037964091170579195,0.5750000000000001,True,-0.23877956995858698,10
44,measurement,a4,9,3,3,,0.3482708190000494,9.150992393493652,19200,0.010007455945014954,0.16831683168316827,True,-0.24699425092823077,11
44,measurement,a4,10,3,3,,0.34917658500000925,10.280523300170898,21600,0.014535325579345226,1.217821782178218,True,-0.23541052716249186,12
44,measurement,a4,11,3,3,,0.3562963240000272,11.407923698425293,24000,0.022507844492793083,0.5841584158415841,True,-0.2457032800878809,13
44,measurement,a4,12,3,3,,0.37819750999994994,12.536706924438477,26400,0.02524094469845295,0.24752475247524752,True,-0.2510148799416588,14
44,measurement,a4,13,3,3,,0.3945368449999478,13.664840698242188,28800,0.02751982770860195,0.45544554455445563,True,-0.24558783515718874,15
44,measurement,a4,14,3,3,,0.42726914900003976,14.793396949768066,31200,0.031330663710832596,0.5594059405940593,True,-0.250799209738081,16
44,measurement,a4,15,3,3,,0.42762365700002647,15.921792030334473,33600,0.03287104144692421,0.594059405940594,True,-0.25105732866843455,17
44,measurement,a4,16,3,3,,0.45188389999998435,17.05086898803711,36000,0.03254089131951332,0.039603960396039695,True,-0.26849304342638597,18
44,measurement,a4,17,3,3,,0.46008407199997237,18.17810344696045,38400,0.031692251563072205,0.039603960396039695,True,-0.2472334362003909,19
44,measurement,a4,18,3,3,,0.4619982969999228,19.306556701660156,40800,0.03017527051270008,1.183168316831683,True,-0.2504102658858484,20
44,measurement,a4,19,3,3,,0.452031594999994,20.435104370117188,43200,0.03225359693169594,0.9059405940594059,True,-0.2521110423807417,21
44,measurement,a4,20,3,3,,0.5179439400000092,21.563596725463867,45600,0.03134245425462723,0.9059405940594059,True,-0.2490553225893061,22
44,measurement,random,1,2,0,insufficient_revealed_classes,1.7869999737740727e-06,0.0,0,0.024339472874999046,,True,0.0,3
44,measurement,random,2,0,0,,1.735999944685318e-06,0.0,2400,0.003472814103588462,,True,0.0,4
44,measurement,random,3,3,3,,0.28377971399993385,2.380779266357422,4800,0.004438196308910847,1.5416666666666665,True,-0.2511322088222907,5
44,measurement,random,4,1,1,,0.13582249000000957,11.89183521270752,7200,0.005066641140729189,0.639344262295082,True,-0.019237144553145617,6
44,measurement,random,5,2,2,,0.2240278430000444,2.6525211334228516,9600,0.005011584609746933,0.625,True,-0.11786742780230228,7
44,measurement,random,6,1,1,,0.13326259400002982,11.923710823059082,12000,0.004528471734374762,0.36458333333333326,True,-0.025564531104239927,8
44,measurement,random,7,0,0,,1.6169999526027823e-06,0.0,14400,0.00334047619253397,1.1666666666666665,True,0.0,9
44,measurement,random,8,3,3,,0.340199503000008,8.022693634033203,16800,0.0037964091170579195,0.5750000000000001,True,-0.2615490311194879,10
44,measurement,random,9,2,2,,0.2423028800000111,5.289340972900391,19200,0.010007455945014954,0.16831683168316827,True,-0.14767678943161142,11
44,measurement,random,10,0,0,,2.5539999342072406e-06,0.0,21600,0.014535325579345226,1.217821782178218,True,0.0,12
44,measurement,random,11,3,3,,0.37007785299999796,11.40844440460205,24000,0.022507844492793083,0.5841584158415841,True,-0.2515362312894108,13
44,measurement,random,12,3,3,,0.3775430969999434,12.536340713500977,26400,0.02524094469845295,0.24752475247524752,True,-0.2510148799416588,14
44,measurement,random,13,0,0,,2.1009999500165577e-06,0.0,28800,0.02751982770860195,0.45544554455445563,True,0.0,15
44,measurement,random,14,0,0,,1.7940000134331058e-06,0.0,31200,0.031330663710832596,0.5594059405940593,True,0.0,16
44,measurement,random,15,0,0,,1.4360000477608992e-06,0.0,33600,0.03287104144692421,0.594059405940594,True,0.0,17
44,measurement,random,16,1,1,,0.14702552400001423,12.080853462219238,36000,0.03254089131951332,0.039603960396039695,True,-0.01764049090956838,18
44,measurement,random,17,1,1,,0.1511094590000539,12.095860481262207,38400,0.031692251563072205,0.039603960396039695,True,-0.021507639818716347,19
44,measurement,random,18,2,2,,0.2985222370000429,11.222549438476562,40800,0.03017527051270008,1.183168316831683,True,-0.15221316509586294,20
44,measurement,random,19,2,2,,0.3081315590000031,11.882247924804688,43200,0.03225359693169594,0.9059405940594059,True,-0.15226404234812413,21
44,measurement,random,20,2,2,,0.31145892699998967,12.543115615844727,45600,0.03134245425462723,0.9059405940594059,True,-0.14776952956881104,22
44,measurement,threshold,1,0,0,,1.8009999394053011e-06,0.0,0,0.024339472874999046,,True,0.0,3
44,measurement,threshold,2,0,0,,1.81100006102497e-06,0.0,2400,0.003472814103588462,,True,0.0,4
44,measurement,threshold,3,0,0,,1.5819999816812924e-06,0.0,4800,0.004438196308910847,1.5416666666666665,True,0.0,5
44,measurement,threshold,4,0,0,,1.7789999446904403e-06,0.0,7200,0.005066641140729189,0.639344262295082,True,0.0,6
44,measurement,threshold,5,0,0,,1.7149999393950566e-06,0.0,9600,0.005011584609746933,0.625,True,0.0,7
44,measurement,threshold,6,0,0,,1.8040000213659368e-06,0.0,12000,0.004528471734374762,0.36458333333333326,True,0.0,8
44,measurement,threshold,7,0,0,,2.1920000108366366e-06,0.0,14400,0.00334047619253397,1.1666666666666665,True,0.0,9
44,measurement,threshold,8,0,0,,2.2149999949760968e-06,0.0,16800,0.0037964091170579195,0.5750000000000001,True,0.0,10
44,measurement,threshold,9,0,0,,1.9379999685043003e-06,0.0,19200,0.010007455945014954,0.16831683168316827,True,0.0,11
44,measurement,threshold,10,0,0,,2.6509999315749155e-06,0.0,21600,0.014535325579345226,1.217821782178218,True,0.0,12
44,measurement,threshold,11,0,0,,1.4990000636316836e-06,0.0,24000,0.022507844492793083,0.5841584158415841,True,0.0,13
44,measurement,threshold,12,0,0,,1.693999934104795e-06,0.0,26400,0.02524094469845295,0.24752475247524752,True,0.0,14
44,measurement,threshold,13,0,0,,2.6159999606534257e-06,0.0,28800,0.02751982770860195,0.45544554455445563,True,0.0,15
44,measurement,threshold,14,0,0,,1.8870000531023834e-06,0.0,31200,0.031330663710832596,0.5594059405940593,True,0.0,16
44,measurement,threshold,15,0,0,,1.9350000002305023e-06,0.0,33600,0.03287104144692421,0.594059405940594,True,0.0,17
44,measurement,threshold,16,0,0,,2.320000021427404e-06,0.0,36000,0.03254089131951332,0.039603960396039695,True,0.0,18
44,measurement,threshold,17,0,0,,1.7459999526181491e-06,0.0,38400,0.031692251563072205,0.039603960396039695,True,0.0,19
44,measurement,threshold,18,0,0,,1.7040000557244639e-06,0.0,40800,0.03017527051270008,1.183168316831683,True,0.0,20
44,measurement,threshold,19,0,0,,1.6039999763961532e-06,0.0,43200,0.03225359693169594,0.9059405940594059,True,0.0,21
44,measurement,threshold,20,0,0,,2.091999931508326e-06,0.0,45600,0.03134245425462723,0.9059405940594059,True,0.0,22
44,label,dqn,1,0,0,,2.053999992313038e-06,0.0,0,0.024339472874999046,,True,0.0,3
44,label,dqn,2,0,0,,2.018000031966949e-06,0.0,2400,0.003472814103588462,,True,0.0,4
44,label,dqn,3,0,0,,1.7970000953937415e-06,0.0,4800,0.004438196308910847,1.5416666666666665,True,0.0,5
44,label,dqn,4,0,0,,1.9970000266766874e-06,0.0,7200,0.005066641140729189,0.639344262295082,True,0.0,6
44,label,dqn,5,0,0,,1.968999981727393e-06,0.0,9600,0.005011584609746933,0.625,True,0.0,7
44,label,dqn,6,0,0,,1.7670000715952483e-06,0.0,12000,0.004528471734374762,0.36458333333333326,True,0.0,8
44,label,dqn,7,0,0,,1.625999971111014e-06,0.0,14400,0.00334047619253397,1.1666666666666665,True,0.0,9
44,label,dqn,8,0,0,,2.5179999738611514e-06,0.0,16800,0.0055606551468372345,0.5750000000000001,True,0.0,10
44,label,dqn,9,0,0,,1.986000029319257e-06,0.0,19200,0.005952764302492142,0.16831683168316827,True,0.0,11
44,label,dqn,10,0,0,,2.1530000822167494e-06,0.0,21600,0.003157011466100812,1.3217821782178218,True,0.0,12
44,label,dqn,11,0,0,,1.7730000081428443e-06,0.0,24000,0.006030170246958733,0.5148514851485149,True,0.0,13
44,label,dqn,12,0,0,,1.9420000398895354e-06,0.0,26400,0.003932751715183258,0.594059405940594,True,0.0,14
44,label,dqn,13,0,0,,1.7529999922771822e-06,0.0,28800,0.004533439874649048,1.113861386138614,True,0.0,15
44,label,dqn,14,0,0,,1.953000037246966e-06,0.0,31200,0.0044346279464662075,1.0792079207920795,True,0.0,16
44,label,dqn,15,0,0,,1.505999989603879e-06,0.0,33600,0.0027849399484694004,1.3910891089108912,True,0.0,17
44,label,dqn,16,0,0,,1.45800004247576e-06,0.0,36000,0.001852857181802392,0.4900990099009902,True,0.0,18
44,label,dqn,17,0,0,,1.5169999869613093e-06,0.0,38400,0.0017182918963953853,0.5594059405940593,True,0.0,19
44,label,dqn,18,0,0,,2.1199999764576205e-06,0.0,40800,0.002547669457271695,2.0495049504950495,True,0.0,20
44,label,dqn,19,0,0,,1.774999986992043e-06,0.0,43200,0.004511790815740824,1.8069306930693072,True,0.0,21
44,label,dqn,20,0,0,,1.8729999737843173e-06,0.0,45600,0.003986459691077471,1.9455445544554455,True,0.0,22
44,label,a1,1,0,0,,1.549000103295839e-06,0.0,0,0.024339472874999046,,True,0.0,3
44,label,a1,2,0,0,,1.635999979043845e-06,0.0,2400,0.003472814103588462,,True,0.0,4
44,label,a1,3,0,0,,2.2760000319976825e-06,0.0,4800,0.004438196308910847,1.5416666666666665,True,0.0,5
44,label,a1,4,0,0,,1.4999999393694452e-06,0.0,7200,0.005066641140729189,0.639344262295082,True,0.0,6
44,label,a1,5,0,0,,1.4999999393694452e-06,0.0,9600,0.005011584609746933,0.625,True,0.0,7
44,label,a1,6,0,0,,2.165000068998779e-06,0.0,12000,0.004528471734374762,0.36458333333333326,True,0.0,8
44,label,a1,7,0,0,,1.9520000478223665e-06,0.0,14400,0.00334047619253397,1.1666666666666665,True,0.0,9
44,label,a1,8,0,0,,2.5289999712185818e-06,0.0,16800,0.0055606551468372345,0.5750000000000001,True,0.0,10
44,label,a1,9,0,0,,2.096000002893561e-06,0.0,19200,0.005952764302492142,0.16831683168316827,True,0.0,11
44,label,a1,10,0,0,,1.7309999975623214e-06,0.0,21600,0.003157011466100812,1.3217821782178218,True,0.0,12
44,label,a1,11,0,0,,1.82599990239396e-06,0.0,24000,0.006030170246958733,0.5148514851485149,True,0.0,13
44,label,a1,12,0,0,,1.79099993147247e-06,0.0,26400,0.003932751715183258,0.594059405940594,True,0.0,14
44,label,a1,13,0,0,,1.9000000293090125e-06,0.0,28800,0.004533439874649048,1.113861386138614,True,0.0,15
44,label,a1,14,0,0,,1.6660000028423383e-06,0.0,31200,0.0044346279464662075,1.0792079207920795,True,0.0,16
44,label,a1,15,0,0,,2.2660000240648515e-06,0.0,33600,0.0027849399484694004,1.3910891089108912,True,0.0,17
44,label,a1,16,0,0,,1.461000010749558e-06,0.0,36000,0.001852857181802392,0.4900990099009902,True,0.0,18
44,label,a1,17,0,0,,1.938000082191138e-06,0.0,38400,0.0017182918963953853,0.5594059405940593,True,0.0,19
44,label,a1,18,0,0,,1.5040000107546803e-06,0.0,40800,0.002547669457271695,2.0495049504950495,True,0.0,20
44,label,a1,19,0,0,,1.677999989624368e-06,0.0,43200,0.004511790815740824,1.8069306930693072,True,0.0,21
44,label,a1,20,0,0,,2.556000026743277e-06,0.0,45600,0.003986459691077471,1.9455445544554455,True,0.0,22
44,label,a4,1,3,0,insufficient_revealed_classes,1.4050000345378066e-06,0.0,0,0.024339472874999046,,True,0.0,3
44,label,a4,2,3,3,,0.27850685099997463,1.2512321472167969,2400,0.003472814103588462,,True,-0.25216278191644,4
44,label,a4,3,3,3,,0.2705818199999612,2.3793792724609375,4800,0.004438196308910847,1.5416666666666665,True,-0.250856929550784,5
44,label,a4,4,3,3,,0.28273166099995706,3.507894515991211,7200,0.005066641140729189,0.639344262295082,True,-0.2523650518146348,6
44,label,a4,5,3,3,,0.2949371180000071,4.635324478149414,9600,0.005011584609746933,0.625,True,-0.23965904434887966,7
44,label,a4,6,3,3,,0.2991582690000314,5.7643632888793945,12000,0.004528471734374762,0.36458333333333326,True,-0.25344089275296733,8
44,label,a4,7,3,3,,0.3272864540000455,6.8921966552734375,14400,0.00334047619253397,1.1666666666666665,True,-0.25132925498554615,9
44,label,a4,8,3,3,,0.32810567900003207,8.02074146270752,16800,0.0055606551468372345,0.5750000000000001,True,-0.2474464412425445,10
44,label,a4,9,3,3,,0.3546684619999496,9.1491060256958,19200,0.005952764302492142,0.16831683168316827,True,-0.24486521979920808,11
44,label,a4,10,3,3,,0.3594770329999619,10.278075218200684,21600,0.003157011466100812,1.3217821782178218,True,-0.24716971119528147,12
44,label,a4,11,3,3,,0.3632839279999871,11.405740737915039,24000,0.006030170246958733,0.5148514851485149,True,-0.2489154750577437,13
44,label,a4,12,3,3,,0.3678305610000052,12.534149169921875,26400,0.003932751715183258,0.594059405940594,True,-0.24978022946301862,14
44,label,a4,13,3,3,,0.3917714750000414,13.66279125213623,28800,0.004533439874649048,1.113861386138614,True,-0.24251709092412294,15
44,label,a4,14,3,3,,0.3965872579999541,14.791206359863281,31200,0.0044346279464662075,1.0792079207920795,True,-0.25163230131153363,16
44,label,a4,15,3,3,,0.4216824820000511,15.919300079345703,33600,0.0027849399484694004,1.3910891089108912,True,-0.2507003993006802,17
44,label,a4,16,3,3,,0.4371453549999842,17.048803329467773,36000,0.001852857181802392,0.4900990099009902,True,-0.26451622254843654,18
44,label,a4,17,3,3,,0.44563371900005677,18.176342964172363,38400,0.0017182918963953853,0.5594059405940593,True,-0.25313906109129836,19
44,label,a4,18,3,3,,0.45528970800000934,19.304469108581543,40800,0.002547669457271695,2.0495049504950495,True,-0.2466785195791426,20
44,label,a4,19,3,3,,0.4814763379999931,20.432854652404785,43200,0.004511790815740824,1.8069306930693072,True,-0.24890159808480702,21
44,label,a4,20,3,3,,0.4795396700000083,21.561556816101074,45600,0.003986459691077471,1.9455445544554455,True,-0.24975938812327914,22
44,label,random,1,2,0,insufficient_revealed_classes,1.558000008117233e-06,0.0,0,0.024339472874999046,,True,0.0,3
44,label,random,2,0,0,,2.193000000261236e-06,0.0,2400,0.003472814103588462,,True,0.0,4
44,label,random,3,3,3,,0.2825524720000203,2.378965377807617,4800,0.004438196308910847,1.5416666666666665,True,-0.2511322088222907,5
44,label,random,4,1,1,,0.14652541199995994,11.891732215881348,7200,0.005066641140729189,0.639344262295082,True,-0.019237144553145617,6
44,label,random,5,2,2,,0.2253469720000112,2.6503448486328125,9600,0.005011584609746933,0.625,True,-0.11786742780230228,7
44,label,random,6,1,1,,0.14428723300000001,11.92360782623291,12000,0.004528471734374762,0.36458333333333326,True,-0.025564531104239927,8
44,label,random,7,0,0,,2.0769999764524982e-06,0.0,14400,0.00334047619253397,1.1666666666666665,True,0.0,9
44,label,random,8,3,3,,0.33811294499992073,8.021050453186035,16800,0.0055606551468372345,0.5750000000000001,True,-0.26855047873137117,10
44,label,random,9,2,2,,0.24244365799995649,5.286396026611328,19200,0.005952764302492142,0.16831683168316827,True,-0.1454845293852165,11
44,label,random,10,0,0,,1.6829999367473647e-06,0.0,21600,0.003157011466100812,1.3217821782178218,True,0.0,12
44,label,random,11,3,3,,0.36368178399993667,11.405529022216797,24000,0.006030170246958733,0.5148514851485149,True,-0.2650298476620201,13
44,label,random,12,3,3,,0.37002112100003615,12.533942222595215,26400,0.003932751715183258,0.594059405940594,True,-0.24978022946301862,14
44,label,random,13,0,0,,1.7500000240033842e-06,0.0,28800,0.004533439874649048,1.113861386138614,True,0.0,15
44,label,random,14,0,0,,1.7459999526181491e-06,0.0,31200,0.0044346279464662075,1.0792079207920795,True,0.0,16
44,label,random,15,0,0,,1.5719999737484613e-06,0.0,33600,0.0027849399484694004,1.3910891089108912,True,0.0,17
44,label,random,16,1,1,,0.14195624599994972,12.080708503723145,36000,0.001852857181802392,0.4900990099009902,True,-0.021900226388938078,18
44,label,random,17,1,1,,0.13530750500001432,12.095799446105957,38400,0.0017182918963953853,0.5594059405940593,True,-0.025751160357493287,19
44,label,random,18,2,2,,0.31065670400005274,11.220090866088867,40800,0.002547669457271695,2.0495049504950495,True,-0.16697172114468134,20
44,label,random,19,2,2,,0.3005485180000278,11.879688262939453,43200,0.004511790815740824,1.8069306930693072,True,-0.14973159487860815,21
44,label,random,20,2,2,,0.3009559020000552,12.540752410888672,45600,0.003986459691077471,1.9455445544554455,True,-0.14975620297769152,22
44,label,threshold,1,0,0,,1.715999928819656e-06,0.0,0,0.024339472874999046,,True,0.0,3
44,label,threshold,2,0,0,,1.8510000927562942e-06,0.0,2400,0.003472814103588462,,True,0.0,4
44,label,threshold,3,0,0,,1.4720000081069884e-06,0.0,4800,0.004438196308910847,1.5416666666666665,True,0.0,5
44,label,threshold,4,0,0,,2.096000002893561e-06,0.0,7200,0.005066641140729189,0.639344262295082,True,0.0,6
44,label,threshold,5,0,0,,1.5910000001895241e-06,0.0,9600,0.005011584609746933,0.625,True,0.0,7
44,label,threshold,6,0,0,,1.956999994945363e-06,0.0,12000,0.004528471734374762,0.36458333333333326,True,0.0,8
44,label,threshold,7,0,0,,1.6569999843341066e-06,0.0,14400,0.00334047619253397,1.1666666666666665,True,0.0,9
44,label,threshold,8,0,0,,2.125000037267455e-06,0.0,16800,0.0055606551468372345,0.5750000000000001,True,0.0,10
44,label,threshold,9,0,0,,2.0100000028833165e-06,0.0,19200,0.005952764302492142,0.16831683168316827,True,0.0,11
44,label,threshold,10,0,0,,2.173999973820173e-06,0.0,21600,0.003157011466100812,1.3217821782178218,True,0.0,12
44,label,threshold,11,0,0,,2.573000074335141e-06,0.0,24000,0.006030170246958733,0.5148514851485149,True,0.0,13
44,label,threshold,12,0,0,,1.9049999764320091e-06,0.0,26400,0.003932751715183258,0.594059405940594,True,0.0,14
44,label,threshold,13,0,0,,2.0429999949556077e-06,0.0,28800,0.004533439874649048,1.113861386138614,True,0.0,15
44,label,threshold,14,0,0,,1.7770000795280794e-06,0.0,31200,0.0044346279464662075,1.0792079207920795,True,0.0,16
44,label,threshold,15,0,0,,2.728000026763766e-06,0.0,33600,0.0027849399484694004,1.3910891089108912,True,0.0,17
44,label,threshold,16,0,0,,2.053999992313038e-06,0.0,36000,0.001852857181802392,0.4900990099009902,True,0.0,18
44,label,threshold,17,0,0,,2.14399995002168e-06,0.0,38400,0.0017182918963953853,0.5594059405940593,True,0.0,19
44,label,threshold,18,0,0,,1.7390000266459538e-06,0.0,40800,0.002547669457271695,2.0495049504950495,True,0.0,20
44,label,threshold,19,0,0,,1.7039999420376262e-06,0.0,43200,0.004511790815740824,1.8069306930693072,True,0.0,21
44,label,threshold,20,0,0,,1.81100006102497e-06,0.0,45600,0.003986459691077471,1.9455445544554455,True,0.0,22
44,combined,dqn,1,0,0,,1.6139999843289843e-06,0.0,0,0.024339472874999046,,True,0.0,3
44,combined,dqn,2,0,0,,1.827000005505397e-06,0.0,2400,0.003472814103588462,,True,0.0,4
44,combined,dqn,3,0,0,,1.6209999103011796e-06,0.0,4800,0.004438196308910847,1.5416666666666665,True,0.0,5
44,combined,dqn,4,0,0,,1.842999949985824e-06,0.0,7200,0.005066641140729189,0.639344262295082,True,0.0,6
44,combined,dqn,5,0,0,,2.013999960581714e-06,0.0,9600,0.005011584609746933,0.625,True,0.0,7
44,combined,dqn,6,0,0,,1.9699999711519922e-06,0.0,12000,0.004528471734374762,0.36458333333333326,True,0.0,8
44,combined,dqn,7,0,0,,1.4749999763807864e-06,0.0,14400,0.00334047619253397,1.1666666666666665,True,0.0,9
44,combined,dqn,8,0,0,,1.8040000213659368e-06,0.0,16800,0.0037964091170579195,0.5750000000000001,True,0.0,10
44,combined,dqn,9,0,0,,1.9060000795434462e-06,0.0,19200,0.010007455945014954,0.16831683168316827,True,0.0,11
44,combined,dqn,10,0,0,,2.4930000108724926e-06,0.0,21600,0.014535325579345226,1.3217821782178218,True,0.0,12
44,combined,dqn,11,0,0,,1.6659998891555006e-06,0.0,24000,0.022507844492793083,0.5148514851485149,True,0.0,13
44,combined,dqn,12,0,0,,1.7770000795280794e-06,0.0,26400,0.02524094469845295,0.594059405940594,True,0.0,14
44,combined,dqn,13,0,0,,2.2850000505059143e-06,0.0,28800,0.02751982770860195,1.113861386138614,True,0.0,15
44,combined,dqn,14,0,0,,1.81100006102497e-06,0.0,31200,0.031330663710832596,1.0792079207920795,True,0.0,16
44,combined,dqn,15,0,0,,2.205999976467865e-06,0.0,33600,0.03287104144692421,1.3910891089108912,True,0.0,17
44,combined,dqn,16,0,0,,1.9839999367832206e-06,0.0,36000,0.03254089131951332,0.4900990099009902,True,0.0,18
44,combined,dqn,17,0,0,,1.968999981727393e-06,0.0,38400,0.031692251563072205,0.5594059405940593,True,0.0,19
44,combined,dqn,18,0,0,,2.060000042547472e-06,0.0,40800,0.03017527051270008,2.0495049504950495,True,0.0,20
44,combined,dqn,19,0,0,,1.6719999393899343e-06,0.0,43200,0.03225359693169594,1.8069306930693072,True,0.0,21
44,combined,dqn,20,0,0,,1.991999965866853e-06,0.0,45600,0.03134245425462723,1.9455445544554455,True,0.0,22
44,combined,a1,1,0,0,,2.242000050500792e-06,0.0,0,0.024339472874999046,,True,0.0,3
44,combined,a1,2,0,0,,2.3909999526949832e-06,0.0,2400,0.003472814103588462,,True,0.0,4
44,combined,a1,3,0,0,,2.2499999658975867e-06,0.0,4800,0.004438196308910847,1.5416666666666665,True,0.0,5
44,combined,a1,4,0,0,,2.3699999474047218e-06,0.0,7200,0.005066641140729189,0.639344262295082,True,0.0,6
44,combined,a1,5,0,0,,2.498000071682327e-06,0.0,9600,0.005011584609746933,0.625,True,0.0,7
44,combined,a1,6,0,0,,2.4280000161525095e-06,0.0,12000,0.004528471734374762,0.36458333333333326,True,0.0,8
44,combined,a1,7,0,0,,1.894999968499178e-06,0.0,14400,0.00334047619253397,1.1666666666666665,True,0.0,9
44,combined,a1,8,0,0,,2.1519999791053124e-06,0.0,16800,0.0037964091170579195,0.5750000000000001,True,0.0,10
44,combined,a1,9,0,0,,2.0899999526591273e-06,0.0,19200,0.010007455945014954,0.16831683168316827,True,0.0,11
44,combined,a1,10,0,0,,1.9720000636880286e-06,0.0,21600,0.014535325579345226,1.3217821782178218,True,0.0,12
44,combined,a1,11,0,0,,2.0009999843750848e-06,0.0,24000,0.022507844492793083,0.5148514851485149,True,0.0,13
44,combined,a1,12,0,0,,1.7700000398690463e-06,0.0,26400,0.02524094469845295,0.594059405940594,True,0.0,14
44,combined,a1,13,0,0,,1.832999942052993e-06,0.0,28800,0.02751982770860195,1.113861386138614,True,0.0,15
44,combined,a1,14,0,0,,1.9880000081684557e-06,0.0,31200,0.031330663710832596,1.0792079207920795,True,0.0,16
44,combined,a1,15,0,0,,1.8000000636675395e-06,0.0,33600,0.03287104144692421,1.3910891089108912,True,0.0,17
44,combined,a1,16,0,0,,1.5040000107546803e-06,0.0,36000,0.03254089131951332,0.4900990099009902,True,0.0,18
44,combined,a1,17,0,0,,1.5910000001895241e-06,0.0,38400,0.031692251563072205,0.5594059405940593,True,0.0,19
44,combined,a1,18,0,0,,1.6569999843341066e-06,0.0,40800,0.03017527051270008,2.0495049504950495,True,0.0,20
44,combined,a1,19,0,0,,2.171000005546375e-06,0.0,43200,0.03225359693169594,1.8069306930693072,True,0.0,21
44,combined,a1,20,0,0,,2.4219999659180758e-06,0.0,45600,0.03134245425462723,1.9455445544554455,True,0.0,22
44,combined,a4,1,3,0,insufficient_revealed_classes,1.9699999711519922e-06,0.0,0,0.024339472874999046,,True,0.0,3
44,combined,a4,2,3,3,,0.28793310600008226,1.2532243728637695,2400,0.003472814103588462,,True,-0.25216278191644,4
44,combined,a4,3,3,3,,0.2731798519999984,2.3809757232666016,4800,0.004438196308910847,1.5416666666666665,True,-0.250856929550784,5
44,combined,a4,4,3,3,,0.29343278500005,3.5098800659179688,7200,0.005066641140729189,0.639344262295082,True,-0.2523650518146348,6
44,combined,a4,5,3,3,,0.29294862400001875,4.637753486633301,9600,0.005011584609746933,0.625,True,-0.23965904434887966,7
44,combined,a4,6,3,3,,0.309970614000008,5.766088485717773,12000,0.004528471734374762,0.36458333333333326,True,-0.25344089275296733,8
44,combined,a4,7,3,3,,0.3157262739999851,6.894674301147461,14400,0.00334047619253397,1.1666666666666665,True,-0.2514697420696499,9
44,combined,a4,8,3,3,,0.3348527179999792,8.02285385131836,16800,0.0037964091170579195,0.5750000000000001,True,-0.23875209004207143,10
44,combined,a4,9,3,3,,0.356021491999968,9.151270866394043,19200,0.010007455945014954,0.16831683168316827,True,-0.241982257220289,11
44,combined,a4,10,3,3,,0.3562728770000376,10.280524253845215,21600,0.014535325579345226,1.3217821782178218,True,-0.2414227790891041,12
44,combined,a4,11,3,3,,0.36406202299997403,11.408672332763672,24000,0.022507844492793083,0.5148514851485149,True,-0.24421890689647102,13
44,combined,a4,12,3,3,,0.3729387409999845,12.536578178405762,26400,0.02524094469845295,0.594059405940594,True,-0.2055787711929064,14
44,combined,a4,13,3,3,,0.38065068699995663,13.664653778076172,28800,0.02751982770860195,1.113861386138614,True,-0.24685136701769075,15
44,combined,a4,14,3,3,,0.40219352700000854,14.792981147766113,31200,0.031330663710832596,1.0792079207920795,True,-0.24869680567141458,16
44,combined,a4,15,3,3,,0.4084259930000371,15.921018600463867,33600,0.03287104144692421,1.3910891089108912,True,-0.2519664696957344,17
44,combined,a4,16,3,3,,0.424715454999955,17.050745964050293,36000,0.03254089131951332,0.4900990099009902,True,-0.25771219436731213,18
44,combined,a4,17,3,3,,0.460493391,18.17801284790039,38400,0.031692251563072205,0.5594059405940593,True,-0.25251658581558756,19
44,combined,a4,18,3,3,,0.4563608009999598,19.30648422241211,40800,0.03017527051270008,2.0495049504950495,True,-0.2502856459536883,20
44,combined,a4,19,3,3,,0.4697896520000313,20.43528175354004,43200,0.03225359693169594,1.8069306930693072,True,-0.25289940134603506,21
44,combined,a4,20,3,3,,0.46791751699993256,21.56325912475586,45600,0.03134245425462723,1.9455445544554455,True,-0.24929625477589215,22
44,combined,random,1,2,0,insufficient_revealed_classes,1.6629999208817026e-06,0.0,0,0.024339472874999046,,True,0.0,3
44,combined,random,2,0,0,,2.001999973799684e-06,0.0,2400,0.003472814103588462,,True,0.0,4
44,combined,random,3,3,3,,0.2661671779999324,2.3807106018066406,4800,0.004438196308910847,1.5416666666666665,True,-0.2511322088222907,5
44,combined,random,4,1,1,,0.1407021169999325,11.89183521270752,7200,0.005066641140729189,0.639344262295082,True,-0.019237144553145617,6
44,combined,random,5,2,2,,0.21802347599998484,2.6526641845703125,9600,0.005011584609746933,0.625,True,-0.11786742780230228,7
44,combined,random,6,1,1,,0.13582881800004998,11.92366886138916,12000,0.004528471734374762,0.36458333333333326,True,-0.025564531104239927,8
44,combined,random,7,0,0,,1.7569999499755795e-06,0.0,14400,0.00334047619253397,1.1666666666666665,True,0.0,9
44,combined,random,8,3,3,,0.3346359399999983,8.022686004638672,16800,0.0037964091170579195,0.5750000000000001,True,-0.26145084365051474,10
44,combined,random,9,2,2,,0.24080125800003316,5.289436340332031,19200,0.010007455945014954,0.16831683168316827,True,-0.14304363807393833,11
44,combined,random,10,0,0,,2.3310000187848345e-06,0.0,21600,0.014535325579345226,1.3217821782178218,True,0.0,12
44,combined,random,11,3,3,,0.3800134609999759,11.40826416015625,24000,0.022507844492793083,0.5148514851485149,True,-0.2602346938441723,13
44,combined,random,12,3,3,,0.38987854100003005,12.53666877746582,26400,0.02524094469845295,0.594059405940594,True,-0.2055787711929064,14
44,combined,random,13,0,0,,2.300000005561742e-06,0.0,28800,0.02751982770860195,1.113861386138614,True,0.0,15
44,combined,random,14,0,0,,2.0100000028833165e-06,0.0,31200,0.031330663710832596,1.0792079207920795,True,0.0,16
44,combined,random,15,0,0,,2.530000074330019e-06,0.0,33600,0.03287104144692421,1.3910891089108912,True,0.0,17
44,combined,random,16,1,1,,0.14184642600002917,12.080853462219238,36000,0.03254089131951332,0.4900990099009902,True,-0.01202482777007436,18
44,combined,random,17,1,1,,0.1503313819999903,12.095818519592285,38400,0.031692251563072205,0.5594059405940593,True,-0.022717422652239812,19
44,combined,random,18,2,2,,0.3033241039998984,11.222501754760742,40800,0.03017527051270008,2.0495049504950495,True,-0.16549780608996922,20
44,combined,random,19,2,2,,0.3120722759999808,11.882104873657227,43200,0.03225359693169594,1.8069306930693072,True,-0.15077006466954576,21
44,combined,random,20,2,2,,0.3167125400000259,12.543258666992188,45600,0.03134245425462723,1.9455445544554455,True,-0.14976785197339756,22
44,combined,threshold,1,0,0,,1.8570000293038902e-06,0.0,0,0.024339472874999046,,True,0.0,3
44,combined,threshold,2,0,0,,1.772000018718245e-06,0.0,2400,0.003472814103588462,,True,0.0,4
44,combined,threshold,3,0,0,,1.9829999473586213e-06,0.0,4800,0.004438196308910847,1.5416666666666665,True,0.0,5
44,combined,threshold,4,0,0,,1.8260000160807976e-06,0.0,7200,0.005066641140729189,0.639344262295082,True,0.0,6
44,combined,threshold,5,0,0,,2.0359999552965746e-06,0.0,9600,0.005011584609746933,0.625,True,0.0,7
44,combined,threshold,6,0,0,,2.2980000267125433e-06,0.0,12000,0.004528471734374762,0.36458333333333326,True,0.0,8
44,combined,threshold,7,0,0,,1.9650000240289955e-06,0.0,14400,0.00334047619253397,1.1666666666666665,True,0.0,9
44,combined,threshold,8,0,0,,1.9770000108110253e-06,0.0,16800,0.0037964091170579195,0.5750000000000001,True,0.0,10
44,combined,threshold,9,0,0,,1.9780000002356246e-06,0.0,19200,0.010007455945014954,0.16831683168316827,True,0.0,11
44,combined,threshold,10,0,0,,2.3920000558064203e-06,0.0,21600,0.014535325579345226,1.3217821782178218,True,0.0,12
44,combined,threshold,11,0,0,,2.566000034676108e-06,0.0,24000,0.022507844492793083,0.5148514851485149,True,0.0,13
44,combined,threshold,12,0,0,,1.9279999605714693e-06,0.0,26400,0.02524094469845295,0.594059405940594,True,0.0,14
44,combined,threshold,13,0,0,,2.219000066361332e-06,0.0,28800,0.02751982770860195,1.113861386138614,True,0.0,15
44,combined,threshold,14,0,0,,2.5260000029447838e-06,0.0,31200,0.031330663710832596,1.0792079207920795,True,0.0,16
44,combined,threshold,15,0,0,,1.7020000768752652e-06,0.0,33600,0.03287104144692421,1.3910891089108912,True,0.0,17
44,combined,threshold,16,0,0,,1.9359999896551017e-06,0.0,36000,0.03254089131951332,0.4900990099009902,True,0.0,18
44,combined,threshold,17,0,0,,2.220000055785931e-06,0.0,38400,0.031692251563072205,0.5594059405940593,True,0.0,19
44,combined,threshold,18,0,0,,2.0999999605919584e-06,0.0,40800,0.03017527051270008,2.0495049504950495,True,0.0,20
44,combined,threshold,19,0,0,,1.627000074222451e-06,0.0,43200,0.03225359693169594,1.8069306930693072,True,0.0,21
44,combined,threshold,20,0,0,,2.1489998971446767e-06,0.0,45600,0.03134245425462723,1.9455445544554455,True,0.0,22
45,clean,dqn,1,0,0,,1.9970000266766874e-06,0.0,0,0.02401300147175789,,True,0.0,3
45,clean,dqn,2,0,0,,2.0760001007147366e-06,0.0,2400,0.005695904605090618,,True,0.0,4
45,clean,dqn,3,0,0,,2.1099999685247894e-06,0.0,4800,0.003898900467902422,0.3538461538461538,True,0.0,5
45,clean,dqn,4,0,0,,2.5049999976545223e-06,0.0,7200,0.002002126071602106,0.12149532710280374,True,0.0,6
45,clean,dqn,5,0,0,,1.5890000213403255e-06,0.0,9600,0.005664884578436613,0.49350649350649356,True,0.0,7
45,clean,dqn,6,0,0,,1.5900000107649248e-06,0.0,12000,0.005438320804387331,0.3555555555555557,True,0.0,8
45,clean,dqn,7,0,0,,6.252000048334594e-06,0.0,14400,0.002918955869972706,0.18660287081339735,True,0.0,9
45,clean,dqn,8,0,0,,2.755999958026223e-06,0.0,16800,0.0037153703160583973,0.6049382716049382,True,0.0,10
45,clean,dqn,9,0,0,,1.814000029298768e-06,0.0,19200,0.0048936656676232815,0.5135135135135136,True,0.0,11
45,clean,dqn,10,0,0,,2.053999992313038e-06,0.0,21600,0.003566991537809372,0.2972972972972973,True,0.0,12
45,clean,dqn,11,0,0,,1.8939999790745787e-06,0.0,24000,0.0038066452834755182,0.6756756756756758,True,0.0,13
45,clean,dqn,12,0,0,,1.8770000451695523e-06,0.0,26400,0.005154165904968977,0.5135135135135136,True,0.0,14
45,clean,dqn,13,0,0,,3.0489999289784464e-06,0.0,28800,0.004934021737426519,0.21621621621621626,True,0.0,15
45,clean,dqn,14,0,0,,1.7050000451490632e-06,0.0,31200,0.0036835737992078066,0.08108108108108115,True,0.0,16
45,clean,dqn,15,0,0,,1.6210000239880173e-06,0.0,33600,0.0027860431000590324,0.5405405405405407,True,0.0,17
45,clean,dqn,16,0,0,,1.7710000292936456e-06,0.0,36000,0.0026386003009974957,0.37837837837837845,True,0.0,18
45,clean,dqn,17,0,0,,1.5370000028269715e-06,0.0,38400,0.002439013682305813,0.3243243243243244,True,0.0,19
45,clean,dqn,18,0,0,,1.974999918274989e-06,0.0,40800,0.006775727029889822,0.40540540540540543,True,0.0,20
45,clean,dqn,19,0,0,,2.0899999526591273e-06,0.0,43200,0.003433718578889966,0.5945945945945946,True,0.0,21
45,clean,dqn,20,0,0,,1.8709999949351186e-06,0.0,45600,0.004931311588734388,0.7837837837837838,True,0.0,22
45,clean,a1,1,0,0,,1.8900000213761814e-06,0.0,0,0.02401300147175789,,True,0.0,3
45,clean,a1,2,0,0,,2.54000008226285e-06,0.0,2400,0.005695904605090618,,True,0.0,4
45,clean,a1,3,0,0,,1.742999984344351e-06,0.0,4800,0.003898900467902422,0.3538461538461538,True,0.0,5
45,clean,a1,4,0,0,,2.121999955306819e-06,0.0,7200,0.002002126071602106,0.12149532710280374,True,0.0,6
45,clean,a1,5,0,0,,1.6889999869817984e-06,0.0,9600,0.005664884578436613,0.49350649350649356,True,0.0,7
45,clean,a1,6,0,0,,1.6320000213454477e-06,0.0,12000,0.005438320804387331,0.3555555555555557,True,0.0,8
45,clean,a1,7,0,0,,2.0810000478377333e-06,0.0,14400,0.002918955869972706,0.18660287081339735,True,0.0,9
45,clean,a1,8,0,0,,1.6120000054797856e-06,0.0,16800,0.0037153703160583973,0.6049382716049382,True,0.0,10
45,clean,a1,9,0,0,,1.8900000213761814e-06,0.0,19200,0.0048936656676232815,0.5135135135135136,True,0.0,11
45,clean,a1,10,0,0,,1.9320000319567043e-06,0.0,21600,0.003566991537809372,0.2972972972972973,True,0.0,12
45,clean,a1,11,0,0,,2.0089998997718794e-06,0.0,24000,0.0038066452834755182,0.6756756756756758,True,0.0,13
45,clean,a1,12,0,0,,2.0799999447262962e-06,0.0,26400,0.005154165904968977,0.5135135135135136,True,0.0,14
45,clean,a1,13,0,0,,2.260999963255017e-06,0.0,28800,0.004934021737426519,0.21621621621621626,True,0.0,15
45,clean,a1,14,0,0,,2.3119999923437717e-06,0.0,31200,0.0036835737992078066,0.08108108108108115,True,0.0,16
45,clean,a1,15,0,0,,2.2890000082043116e-06,0.0,33600,0.0027860431000590324,0.5405405405405407,True,0.0,17
45,clean,a1,16,0,0,,1.7759999764166423e-06,0.0,36000,0.0026386003009974957,0.37837837837837845,True,0.0,18
45,clean,a1,17,0,0,,2.167000047847978e-06,0.0,38400,0.002439013682305813,0.3243243243243244,True,0.0,19
45,clean,a1,18,0,0,,2.2510000690090237e-06,0.0,40800,0.006775727029889822,0.40540540540540543,True,0.0,20
45,clean,a1,19,0,0,,1.8350000345890294e-06,0.0,43200,0.003433718578889966,0.5945945945945946,True,0.0,21
45,clean,a1,20,0,0,,1.946999987012532e-06,0.0,45600,0.004931311588734388,0.7837837837837838,True,0.0,22
45,clean,a4,1,3,0,insufficient_revealed_classes,2.312999981768371e-06,0.0,0,0.02401300147175789,,True,0.0,3
45,clean,a4,2,3,3,,0.2627356109999255,1.2505569458007812,2400,0.005695904605090618,,True,-0.26741495655515746,4
45,clean,a4,3,3,3,,0.2769751849999693,2.378551483154297,4800,0.003898900467902422,0.3538461538461538,True,-0.24844280579119954,5
45,clean,a4,4,3,3,,0.27939567600003556,3.5074262619018555,7200,0.002002126071602106,0.12149532710280374,True,-0.24669429257654754,6
45,clean,a4,5,3,3,,0.2968769390000716,4.6353559494018555,9600,0.005664884578436613,0.49350649350649356,True,-0.24348328754815152,7
45,clean,a4,6,3,3,,0.3211613070000112,5.764185905456543,12000,0.005438320804387331,0.3555555555555557,True,-0.24750827639364703,8
45,clean,a4,7,3,3,,0.32738227600009395,6.892511367797852,14400,0.002918955869972706,0.18660287081339735,True,-0.25021856648859314,9
45,clean,a4,8,3,3,,0.33408027799998763,8.020787239074707,16800,0.0037153703160583973,0.6049382716049382,True,-0.2673798406077738,10
45,clean,a4,9,3,3,,0.33636869500003286,9.14915943145752,19200,0.0048936656676232815,0.5135135135135136,True,-0.2669721472994919,11
45,clean,a4,10,3,3,,0.36059037500001523,10.278909683227539,21600,0.003566991537809372,0.2972972972972973,True,-0.2183310450593147,12
45,clean,a4,11,3,3,,0.36906635599996207,11.405939102172852,24000,0.0038066452834755182,0.6756756756756758,True,-0.2523517778983606,13
45,clean,a4,12,3,3,,0.38227090600003066,12.534379959106445,26400,0.005154165904968977,0.5135135135135136,True,-0.2556183776907569,14
45,clean,a4,13,3,3,,0.3889344289999599,13.662993431091309,28800,0.004934021737426519,0.21621621621621626,True,-0.24948861432142058,15
45,clean,a4,14,3,3,,0.40398628399998415,14.790810585021973,31200,0.0036835737992078066,0.08108108108108115,True,-0.2471630665931395,16
45,clean,a4,15,3,3,,0.4259395010000162,15.919222831726074,33600,0.0027860431000590324,0.5405405405405407,True,-0.2524085542778014,17
45,clean,a4,16,3,3,,0.4271486529999038,17.048928260803223,36000,0.0026386003009974957,0.37837837837837845,True,-0.24433838059545324,18
45,clean,a4,17,3,3,,0.44200419599997076,18.176530838012695,38400,0.002439013682305813,0.3243243243243244,True,-0.25073856167976843,19
45,clean,a4,18,3,3,,0.4751268530000061,19.304527282714844,40800,0.006775727029889822,0.40540540540540543,True,-0.24979091161997263,20
45,clean,a4,19,3,3,,0.469912231999956,20.432682991027832,43200,0.003433718578889966,0.5945945945945946,True,-0.2480031961019731,21
45,clean,a4,20,3,3,,0.4564835599999242,21.561301231384277,45600,0.004931311588734388,0.7837837837837838,True,-0.25417898761577223,22
45,clean,random,1,3,0,insufficient_revealed_classes,1.4839999948890181e-06,0.0,0,0.02401300147175789,,True,0.0,3
45,clean,random,2,2,2,,0.1884210590000066,0.6766891479492188,2400,0.005695904605090618,,True,-0.1665548337629346,4
45,clean,random,3,2,2,,0.20233147199996893,1.3305854797363281,4800,0.003898900467902422,0.3538461538461538,True,-0.14977360652046176,5
45,clean,random,4,2,2,,0.2013502620000054,1.9895076751708984,7200,0.002002126071602106,0.12149532710280374,True,-0.1361704543980033,6
45,clean,random,5,2,2,,0.2114073230000031,2.647825241088867,9600,0.005664884578436613,0.49350649350649356,True,-0.14713224503375064,7
45,clean,random,6,3,3,,0.3123524270000644,5.763880729675293,12000,0.005438320804387331,0.3555555555555557,True,-0.24454711105123017,8
45,clean,random,7,2,2,,0.22936474700009057,3.963766098022461,14400,0.002918955869972706,0.18660287081339735,True,-0.15019242719576378,9
45,clean,random,8,3,3,,0.339362508000022,8.020777702331543,16800,0.0037153703160583973,0.6049382716049382,True,-0.2676552551836155,10
45,clean,random,9,2,2,,0.23819471100000555,5.282218933105469,19200,0.0048936656676232815,0.5135135135135136,True,-0.16132595711098252,11
45,clean,random,10,2,2,,0.2476418129999729,5.942991256713867,21600,0.003566991537809372,0.2972972972972973,True,-0.11121063331255833,12
45,clean,random,11,1,1,,0.13539608899998257,12.0026216506958,24000,0.0038066452834755182,0.6756756756756758,True,-0.024502469699007687,13
45,clean,random,12,3,3,,0.38510867900004087,12.534521102905273,26400,0.005154165904968977,0.5135135135135136,True,-0.19389744901520617,14
45,clean,random,13,2,2,,0.26356433499995546,7.922515869140625,28800,0.004934021737426519,0.21621621621621626,True,-0.14982247693699022,15
45,clean,random,14,3,3,,0.42015067799991357,14.79101848602295,31200,0.0036835737992078066,0.08108108108108115,True,-0.24694315090945984,16
45,clean,random,15,3,3,,0.4287189540000327,15.919356346130371,33600,0.0027860431000590324,0.5405405405405407,True,-0.2524085542778014,17
45,clean,random,16,2,2,,0.28664331900006346,9.899299621582031,36000,0.0026386003009974957,0.37837837837837845,True,-0.1435807539041218,18
45,clean,random,17,1,1,,0.14147312699992654,12.096787452697754,38400,0.002439013682305813,0.3243243243243244,True,-0.026316960227023338,19
45,clean,random,18,1,1,,0.1386992799999689,12.112339973449707,40800,0.006775727029889822,0.40540540540540543,True,-0.024996330232101637,20
45,clean,random,19,2,2,,0.309182007000004,11.88197135925293,43200,0.003433718578889966,0.5945945945945946,True,-0.13344278396266557,21
45,clean,random,20,2,2,,0.2939492350000137,12.540077209472656,45600,0.004931311588734388,0.7837837837837838,True,-0.1566946538650669,22
45,clean,threshold,1,0,0,,1.4979999605202465e-06,0.0,0,0.02401300147175789,,True,0.0,3
45,clean,threshold,2,0,0,,1.9880000081684557e-06,0.0,2400,0.005695904605090618,,True,0.0,4
45,clean,threshold,3,0,0,,1.7050000451490632e-06,0.0,4800,0.003898900467902422,0.3538461538461538,True,0.0,5
45,clean,threshold,4,0,0,,1.8580000187284895e-06,0.0,7200,0.002002126071602106,0.12149532710280374,True,0.0,6
45,clean,threshold,5,0,0,,1.5849999499550904e-06,0.0,9600,0.005664884578436613,0.49350649350649356,True,0.0,7
45,clean,threshold,6,0,0,,2.098999971167359e-06,0.0,12000,0.005438320804387331,0.3555555555555557,True,0.0,8
45,clean,threshold,7,0,0,,1.6280000636470504e-06,0.0,14400,0.002918955869972706,0.18660287081339735,True,0.0,9
45,clean,threshold,8,0,0,,1.6699999605407356e-06,0.0,16800,0.0037153703160583973,0.6049382716049382,True,0.0,10
45,clean,threshold,9,0,0,,1.4600000213249587e-06,0.0,19200,0.0048936656676232815,0.5135135135135136,True,0.0,11
45,clean,threshold,10,0,0,,2.1429999605970806e-06,0.0,21600,0.003566991537809372,0.2972972972972973,True,0.0,12
45,clean,threshold,11,0,0,,1.7339999999421707e-05,0.0,24000,0.0038066452834755182,0.6756756756756758,True,0.0,13
45,clean,threshold,12,0,0,,1.737000047796755e-06,0.0,26400,0.005154165904968977,0.5135135135135136,True,0.0,14
45,clean,threshold,13,0,0,,1.772000018718245e-06,0.0,28800,0.004934021737426519,0.21621621621621626,True,0.0,15
45,clean,threshold,14,0,0,,2.1790000346300076e-06,0.0,31200,0.0036835737992078066,0.08108108108108115,True,0.0,16
45,clean,threshold,15,0,0,,2.0739998944918625e-06,0.0,33600,0.0027860431000590324,0.5405405405405407,True,0.0,17
45,clean,threshold,16,0,0,,1.528999973743339e-06,0.0,36000,0.0026386003009974957,0.37837837837837845,True,0.0,18
45,clean,threshold,17,0,0,,1.9939999447160517e-06,0.0,38400,0.002439013682305813,0.3243243243243244,True,0.0,19
45,clean,threshold,18,0,0,,1.795200000742625e-05,0.0,40800,0.006775727029889822,0.40540540540540543,True,0.0,20
45,clean,threshold,19,0,0,,2.3239999791258015e-06,0.0,43200,0.003433718578889966,0.5945945945945946,True,0.0,21
45,clean,threshold,20,0,0,,1.6889999869817984e-06,0.0,45600,0.004931311588734388,0.7837837837837838,True,0.0,22
45,measurement,dqn,1,0,0,,1.91499998436484e-06,0.0,0,0.02401300147175789,,True,0.0,3
45,measurement,dqn,2,0,0,,2.1660000584233785e-06,0.0,2400,0.005695904605090618,,True,0.0,4
45,measurement,dqn,3,0,0,,2.1579999156529084e-06,0.0,4800,0.003898900467902422,0.3538461538461538,True,0.0,5
45,measurement,dqn,4,0,0,,1.4670000609839917e-06,0.0,7200,0.002002126071602106,0.12149532710280374,True,0.0,6
45,measurement,dqn,5,0,0,,1.735999944685318e-06,0.0,9600,0.005664884578436613,0.49350649350649356,True,0.0,7
45,measurement,dqn,6,0,0,,1.9189999420632375e-06,0.0,12000,0.005438320804387331,0.3555555555555557,True,0.0,8
45,measurement,dqn,7,0,0,,2.4410001060459763e-06,0.0,14400,0.002918955869972706,0.18660287081339735,True,0.0,9
45,measurement,dqn,8,0,0,,1.4429999737330945e-06,0.0,16800,0.005945377983152866,0.6049382716049382,True,0.0,10
45,measurement,dqn,9,0,0,,1.725999936752487e-06,0.0,19200,0.010534368455410004,0.5135135135135136,True,0.0,11
45,measurement,dqn,10,0,0,,1.814000029298768e-06,0.0,21600,0.012992208823561668,0.2972972972972973,True,0.0,12
45,measurement,dqn,11,0,0,,1.9350000002305023e-06,0.0,24000,0.018046757206320763,0.6756756756756758,True,0.0,13
45,measurement,dqn,12,0,0,,1.560999976391031e-06,0.0,26400,0.02547476999461651,0.5135135135135136,True,0.0,14
45,measurement,dqn,13,0,0,,1.8670000372367213e-06,0.0,28800,0.025361765176057816,0.21621621621621626,True,0.0,15
45,measurement,dqn,14,0,0,,1.4529999816659256e-06,0.0,31200,0.03264157846570015,0.08108108108108115,True,0.0,16
45,measurement,dqn,15,0,0,,1.7930000240085064e-06,0.0,33600,0.03183383494615555,0.5405405405405407,True,0.0,17
45,measurement,dqn,16,0,0,,2.0189999077047105e-06,0.0,36000,0.029628384858369827,0.37837837837837845,True,0.0,18
45,measurement,dqn,17,0,0,,1.8729999737843173e-06,0.0,38400,0.029121670871973038,0.3243243243243244,True,0.0,19
45,measurement,dqn,18,0,0,,1.7390000266459538e-06,0.0,40800,0.03107042983174324,0.40540540540540543,True,0.0,20
45,measurement,dqn,19,0,0,,2.2530000478582224e-06,0.0,43200,0.031250275671482086,0.5945945945945946,True,0.0,21
45,measurement,dqn,20,0,0,,1.986000029319257e-06,0.0,45600,0.03515049070119858,0.7837837837837838,True,0.0,22
45,measurement,a1,1,0,0,,2.280999979120679e-06,0.0,0,0.02401300147175789,,True,0.0,3
45,measurement,a1,2,0,0,,2.021000000240747e-06,0.0,2400,0.005695904605090618,,True,0.0,4
45,measurement,a1,3,0,0,,1.9029999975828105e-06,0.0,4800,0.003898900467902422,0.3538461538461538,True,0.0,5
45,measurement,a1,4,0,0,,1.974999918274989e-06,0.0,7200,0.002002126071602106,0.12149532710280374,True,0.0,6
45,measurement,a1,5,0,0,,1.958999973794562e-06,0.0,9600,0.005664884578436613,0.49350649350649356,True,0.0,7
45,measurement,a1,6,0,0,,1.7239999579032883e-06,0.0,12000,0.005438320804387331,0.3555555555555557,True,0.0,8
45,measurement,a1,7,0,0,,1.873000087471155e-06,0.0,14400,0.002918955869972706,0.18660287081339735,True,0.0,9
45,measurement,a1,8,0,0,,2.2570000055566197e-06,0.0,16800,0.005945377983152866,0.6049382716049382,True,0.0,10
45,measurement,a1,9,0,0,,1.6940000477916328e-06,0.0,19200,0.010534368455410004,0.5135135135135136,True,0.0,11
45,measurement,a1,10,0,0,,1.990000100704492e-06,0.0,21600,0.012992208823561668,0.2972972972972973,True,0.0,12
45,measurement,a1,11,0,0,,1.780999923539639e-06,0.0,24000,0.018046757206320763,0.6756756756756758,True,0.0,13
45,measurement,a1,12,0,0,,1.6600000662947423e-06,0.0,26400,0.02547476999461651,0.5135135135135136,True,0.0,14
45,measurement,a1,13,0,0,,1.8590000081530889e-06,0.0,28800,0.025361765176057816,0.21621621621621626,True,0.0,15
45,measurement,a1,14,0,0,,1.8929999896499794e-06,0.0,31200,0.03264157846570015,0.08108108108108115,True,0.0,16
45,measurement,a1,15,0,0,,1.8409999711366254e-06,0.0,33600,0.03183383494615555,0.5405405405405407,True,0.0,17
45,measurement,a1,16,0,0,,2.0420000055310084e-06,0.0,36000,0.029628384858369827,0.37837837837837845,True,0.0,18
45,measurement,a1,17,0,0,,2.4250000478787115e-06,0.0,38400,0.029121670871973038,0.3243243243243244,True,0.0,19
45,measurement,a1,18,0,0,,1.615999963178183e-06,0.0,40800,0.03107042983174324,0.40540540540540543,True,0.0,20
45,measurement,a1,19,0,0,,1.5880000319157261e-06,0.0,43200,0.031250275671482086,0.5945945945945946,True,0.0,21
45,measurement,a1,20,0,0,,1.5740000662844977e-06,0.0,45600,0.03515049070119858,0.7837837837837838,True,0.0,22
45,measurement,a4,1,3,0,insufficient_revealed_classes,1.7609999076739768e-06,0.0,0,0.02401300147175789,,True,0.0,3
45,measurement,a4,2,3,3,,0.2720068360000596,1.2528667449951172,2400,0.005695904605090618,,True,-0.26741495655515746,4
45,measurement,a4,3,3,3,,0.28317601200001263,2.380925178527832,4800,0.003898900467902422,0.3538461538461538,True,-0.24844280579119954,5
45,measurement,a4,4,3,3,,0.2742236499999535,3.5093870162963867,7200,0.002002126071602106,0.12149532710280374,True,-0.24669429257654754,6
45,measurement,a4,5,3,3,,0.29133407100005115,4.637502670288086,9600,0.005664884578436613,0.49350649350649356,True,-0.24348328754815152,7
45,measurement,a4,6,3,3,,0.3061576769999874,5.765994071960449,12000,0.005438320804387331,0.3555555555555557,True,-0.24750827639364703,8
45,measurement,a4,7,3,3,,0.32183672700000443,6.894743919372559,14400,0.002918955869972706,0.18660287081339735,True,-0.25031075993082863,9
45,measurement,a4,8,3,3,,0.3318911430000071,8.022729873657227,16800,0.005945377983152866,0.6049382716049382,True,-0.25653622050662356,10
45,measurement,a4,9,3,3,,0.336609314000043,9.151171684265137,19200,0.010534368455410004,0.5135135135135136,True,-0.2670790632806953,11
45,measurement,a4,10,3,3,,0.36134529200001,10.280345916748047,21600,0.012992208823561668,0.2972972972972973,True,-0.1598211930244631,12
45,measurement,a4,11,3,3,,0.3948462790000349,11.407880783081055,24000,0.018046757206320763,0.6756756756756758,True,-0.25513932615360113,13
45,measurement,a4,12,3,3,,0.3968908709999823,12.536192893981934,26400,0.02547476999461651,0.5135135135135136,True,-0.24978246095980927,14
45,measurement,a4,13,3,3,,0.4002090029999863,13.66442584991455,28800,0.025361765176057816,0.21621621621621626,True,-0.24973076027640378,15
45,measurement,a4,14,3,3,,0.3950809760000311,14.793315887451172,31200,0.03264157846570015,0.08108108108108115,True,-0.2410673035770549,16
45,measurement,a4,15,3,3,,0.4370242249999592,15.921345710754395,33600,0.03183383494615555,0.5405405405405407,True,-0.2560451850098312,17
45,measurement,a4,16,3,3,,0.4359549700000116,17.050296783447266,36000,0.029628384858369827,0.37837837837837845,True,-0.25161343613594406,18
45,measurement,a4,17,3,3,,0.4620179949999965,18.178242683410645,38400,0.029121670871973038,0.3243243243243244,True,-0.2470695285338762,19
45,measurement,a4,18,3,3,,0.4610707460000185,19.306604385375977,40800,0.03107042983174324,0.40540540540540543,True,-0.2500521572506103,20
45,measurement,a4,19,3,3,,0.46357283300005747,20.43533229827881,43200,0.031250275671482086,0.5945945945945946,True,-0.24625504671451753,21
45,measurement,a4,20,3,3,,0.48853938700005983,21.563739776611328,45600,0.03515049070119858,0.7837837837837838,True,-0.26069558643305263,22
45,measurement,random,1,3,0,insufficient_revealed_classes,2.1849999711776036e-06,0.0,0,0.02401300147175789,,True,0.0,3
45,measurement,random,2,2,2,,0.1990274390000195,0.6788568496704102,2400,0.005695904605090618,,True,-0.1665548337629346,4
45,measurement,random,3,2,2,,0.2123495120000598,1.333841323852539,4800,0.003898900467902422,0.3538461538461538,True,-0.14977360652046176,5
45,measurement,random,4,2,2,,0.21774286400000165,1.992715835571289,7200,0.002002126071602106,0.12149532710280374,True,-0.1361704543980033,6
45,measurement,random,5,2,2,,0.21735930900001676,2.6509857177734375,9600,0.005664884578436613,0.49350649350649356,True,-0.14713224503375064,7
45,measurement,random,6,3,3,,0.3134636429999773,5.766111373901367,12000,0.005438320804387331,0.3555555555555557,True,-0.24454711105123017,8
45,measurement,random,7,2,2,,0.22611469299999953,3.96673583984375,14400,0.002918955869972706,0.18660287081339735,True,-0.15028625374508614,9
45,measurement,random,8,3,3,,0.3456222909999269,8.022855758666992,16800,0.005945377983152866,0.6049382716049382,True,-0.25647284809197035,10
45,measurement,random,9,2,2,,0.2728384519998599,5.285045623779297,19200,0.010534368455410004,0.5135135135135136,True,-0.16827311305303222,11
45,measurement,random,10,2,2,,0.25444262899986825,5.945960998535156,21600,0.012992208823561668,0.2972972972972973,True,-0.03037317815940367,12
45,measurement,random,11,1,1,,0.14439322799989895,12.00268268585205,24000,0.018046757206320763,0.6756756756756758,True,-0.023599317199127078,13
45,measurement,random,12,3,3,,0.3960835020000104,12.536520957946777,26400,0.02547476999461651,0.5135135135135136,True,-0.21503911024995945,14
45,measurement,random,13,2,2,,0.26726759400003175,7.925508499145508,28800,0.025361765176057816,0.21621621621621626,True,-0.15042400597484162,15
45,measurement,random,14,3,3,,0.40669101599996793,14.793368339538574,31200,0.03264157846570015,0.08108108108108115,True,-0.23929613091530988,16
45,measurement,random,15,3,3,,0.420384070999944,15.921222686767578,33600,0.03183383494615555,0.5405405405405407,True,-0.2560451850098312,17
45,measurement,random,16,2,2,,0.291578533999882,9.902473449707031,36000,0.029628384858369827,0.37837837837837845,True,-0.15009570278846301,18
45,measurement,random,17,1,1,,0.14136527799996657,12.096890449523926,38400,0.029121670871973038,0.3243243243243244,True,-0.020389154430263366,19
45,measurement,random,18,1,1,,0.14638360399999328,12.112401008605957,40800,0.03107042983174324,0.40540540540540543,True,-0.024989381470130474,20
45,measurement,random,19,2,2,,0.31006229900003746,11.884496688842773,43200,0.031250275671482086,0.5945945945945946,True,-0.14172353791808556,21
45,measurement,random,20,2,2,,0.3076002520001566,12.542417526245117,45600,0.03515049070119858,0.7837837837837838,True,-0.15097636255634414,22
45,measurement,threshold,1,0,0,,2.2169999738252955e-06,0.0,0,0.02401300147175789,,True,0.0,3
45,measurement,threshold,2,0,0,,2.435999931549304e-06,0.0,2400,0.005695904605090618,,True,0.0,4
45,measurement,threshold,3,0,0,,2.1380001271609217e-06,0.0,4800,0.003898900467902422,0.3538461538461538,True,0.0,5
45,measurement,threshold,4,0,0,,2.367000206504599e-06,0.0,7200,0.002002126071602106,0.12149532710280374,True,0.0,6
45,measurement,threshold,5,0,0,,1.77600009010348e-06,0.0,9600,0.005664884578436613,0.49350649350649356,True,0.0,7
45,measurement,threshold,6,0,0,,2.3800000690243905e-06,0.0,12000,0.005438320804387331,0.3555555555555557,True,0.0,8
45,measurement,threshold,7,0,0,,1.8759999420581153e-06,0.0,14400,0.002918955869972706,0.18660287081339735,True,0.0,9
45,measurement,threshold,8,0,0,,2.117999883921584e-06,0.0,16800,0.005945377983152866,0.6049382716049382,True,0.0,10
45,measurement,threshold,9,0,0,,1.9350000002305023e-06,0.0,19200,0.010534368455410004,0.5135135135135136,True,0.0,11
45,measurement,threshold,10,0,0,,2.4089999897114467e-06,0.0,21600,0.012992208823561668,0.2972972972972973,True,0.0,12
45,measurement,threshold,11,0,0,,2.316000063729007e-06,0.0,24000,0.018046757206320763,0.6756756756756758,True,0.0,13
45,measurement,threshold,12,0,0,,2.0179998045932734e-06,0.0,26400,0.02547476999461651,0.5135135135135136,True,0.0,14
45,measurement,threshold,13,0,0,,1.4920001376594882e-06,0.0,28800,0.025361765176057816,0.21621621621621626,True,0.0,15
45,measurement,threshold,14,0,0,,2.3320001218962716e-06,0.0,31200,0.03264157846570015,0.08108108108108115,True,0.0,16
45,measurement,threshold,15,0,0,,1.5269999948941404e-06,0.0,33600,0.03183383494615555,0.5405405405405407,True,0.0,17
45,measurement,threshold,16,0,0,,2.170000016121776e-06,0.0,36000,0.029628384858369827,0.37837837837837845,True,0.0,18
45,measurement,threshold,17,0,0,,1.838999878600589e-06,0.0,38400,0.029121670871973038,0.3243243243243244,True,0.0,19
45,measurement,threshold,18,0,0,,1.4950001059332862e-06,0.0,40800,0.03107042983174324,0.40540540540540543,True,0.0,20
45,measurement,threshold,19,0,0,,1.5860000530665275e-06,0.0,43200,0.031250275671482086,0.5945945945945946,True,0.0,21
45,measurement,threshold,20,0,0,,2.499999936844688e-06,0.0,45600,0.03515049070119858,0.7837837837837838,True,0.0,22
45,label,dqn,1,0,0,,2.058000063698273e-06,0.0,0,0.02401300147175789,,True,0.0,3
45,label,dqn,2,0,0,,1.8069999896397348e-06,0.0,2400,0.005695904605090618,,True,0.0,4
45,label,dqn,3,0,0,,1.8199998521595262e-06,0.0,4800,0.003898900467902422,0.3538461538461538,True,0.0,5
45,label,dqn,4,0,0,,1.7150000530818943e-06,0.0,7200,0.002002126071602106,0.12149532710280374,True,0.0,6
45,label,dqn,5,0,0,,2.1470000319823157e-06,0.0,9600,0.005664884578436613,0.49350649350649356,True,0.0,7
45,label,dqn,6,0,0,,1.821000068957801e-06,0.0,12000,0.005438320804387331,0.3555555555555557,True,0.0,8
45,label,dqn,7,0,0,,2.0609998045983957e-06,0.0,14400,0.002918955869972706,0.18660287081339735,True,0.0,9
45,label,dqn,8,0,0,,2.4149999262590427e-06,0.0,16800,0.0037153703160583973,0.6049382716049382,True,0.0,10
45,label,dqn,9,0,0,,1.9379999685043003e-06,0.0,19200,0.0048936656676232815,0.5135135135135136,True,0.0,11
45,label,dqn,10,0,0,,2.472000005582231e-06,0.0,21600,0.003566991537809372,0.40540540540540543,True,0.0,12
45,label,dqn,11,0,0,,2.3150000743044075e-06,0.0,24000,0.0038066452834755182,0.5675675675675677,True,0.0,13
45,label,dqn,12,0,0,,1.9439999050518963e-06,0.0,26400,0.005154165904968977,0.4324324324324324,True,0.0,14
45,label,dqn,13,0,0,,1.6480000795127125e-06,0.0,28800,0.004934021737426519,0.21621621621621614,True,0.0,15
45,label,dqn,14,0,0,,2.3079999209585367e-06,0.0,31200,0.0036835737992078066,0.18918918918918917,True,0.0,16
45,label,dqn,15,0,0,,1.7150000530818943e-06,0.0,33600,0.0027860431000590324,0.27027027027027034,True,0.0,17
45,label,dqn,16,0,0,,2.0339998627605382e-06,0.0,36000,0.0026386003009974957,0.0,True,0.0,18
45,label,dqn,17,0,0,,2.1749999632447725e-06,0.0,38400,0.002439013682305813,0.1621621621621622,True,0.0,19
45,label,dqn,18,0,0,,2.744000084931031e-06,0.0,40800,0.006775727029889822,0.9189189189189189,True,0.0,20
45,label,dqn,19,0,0,,1.618999931451981e-06,0.0,43200,0.003433718578889966,0.5135135135135136,True,0.0,21
45,label,dqn,20,0,0,,2.3049999526847387e-06,0.0,45600,0.004931311588734388,0.7837837837837838,True,0.0,22
45,label,a1,1,0,0,,2.3499999315390596e-06,0.0,0,0.02401300147175789,,True,0.0,3
45,label,a1,2,0,0,,1.737000047796755e-06,0.0,2400,0.005695904605090618,,True,0.0,4
45,label,a1,3,0,0,,1.8099999579135329e-06,0.0,4800,0.003898900467902422,0.3538461538461538,True,0.0,5
45,label,a1,4,0,0,,2.055000095424475e-06,0.0,7200,0.002002126071602106,0.12149532710280374,True,0.0,6
45,label,a1,5,0,0,,1.67500002135057e-06,0.0,9600,0.005664884578436613,0.49350649350649356,True,0.0,7
45,label,a1,6,0,0,,2.3719999262539204e-06,0.0,12000,0.005438320804387331,0.3555555555555557,True,0.0,8
45,label,a1,7,0,0,,1.976000021386426e-06,0.0,14400,0.002918955869972706,0.18660287081339735,True,0.0,9
45,label,a1,8,0,0,,1.5790001270943321e-06,0.0,16800,0.0037153703160583973,0.6049382716049382,True,0.0,10
45,label,a1,9,0,0,,1.9040001006942475e-06,0.0,19200,0.0048936656676232815,0.5135135135135136,True,0.0,11
45,label,a1,10,0,0,,1.7719999050314073e-06,0.0,21600,0.003566991537809372,0.40540540540540543,True,0.0,12
45,label,a1,11,0,0,,2.0140000742685515e-06,0.0,24000,0.0038066452834755182,0.5675675675675677,True,0.0,13
45,label,a1,12,0,0,,2.3040001906338148e-06,0.0,26400,0.005154165904968977,0.4324324324324324,True,0.0,14
45,label,a1,13,0,0,,1.9389999579288997e-06,0.0,28800,0.004934021737426519,0.21621621621621614,True,0.0,15
45,label,a1,14,0,0,,1.7660001958574867e-06,0.0,31200,0.0036835737992078066,0.18918918918918917,True,0.0,16
45,label,a1,15,0,0,,1.860000111264526e-06,0.0,33600,0.0027860431000590324,0.27027027027027034,True,0.0,17
45,label,a1,16,0,0,,1.6820001746964408e-06,0.0,36000,0.0026386003009974957,0.0,True,0.0,18
45,label,a1,17,0,0,,1.75300010596402e-06,0.0,38400,0.002439013682305813,0.1621621621621622,True,0.0,19
45,label,a1,18,0,0,,2.2410001747630304e-06,0.0,40800,0.006775727029889822,0.9189189189189189,True,0.0,20
45,label,a1,19,0,0,,2.156999926228309e-06,0.0,43200,0.003433718578889966,0.5135135135135136,True,0.0,21
45,label,a1,20,0,0,,1.9780000002356246e-06,0.0,45600,0.004931311588734388,0.7837837837837838,True,0.0,22
45,label,a4,1,3,0,insufficient_revealed_classes,1.5629998415533919e-06,0.0,0,0.02401300147175789,,True,0.0,3
45,label,a4,2,3,3,,0.27484883000010996,1.2504453659057617,2400,0.005695904605090618,,True,-0.26741495655515746,4
45,label,a4,3,3,3,,0.2771603869998671,2.378849983215332,4800,0.003898900467902422,0.3538461538461538,True,-0.24844280579119954,5
45,label,a4,4,3,3,,0.28062045299998317,3.507802963256836,7200,0.002002126071602106,0.12149532710280374,True,-0.24669429257654754,6
45,label,a4,5,3,3,,0.3162035539999124,4.636009216308594,9600,0.005664884578436613,0.49350649350649356,True,-0.24348328754815152,7
45,label,a4,6,3,3,,0.31660693300000275,5.76399040222168,12000,0.005438320804387331,0.3555555555555557,True,-0.24750827639364703,8
45,label,a4,7,3,3,,0.3268861349999952,6.892568588256836,14400,0.002918955869972706,0.18660287081339735,True,-0.25021856648859314,9
45,label,a4,8,3,3,,0.33305822700003773,8.02109432220459,16800,0.0037153703160583973,0.6049382716049382,True,-0.2660685058165895,10
45,label,a4,9,3,3,,0.3375541919999705,9.149255752563477,19200,0.0048936656676232815,0.5135135135135136,True,-0.267100852087872,11
45,label,a4,10,3,3,,0.3470969879999757,10.278173446655273,21600,0.003566991537809372,0.40540540540540543,True,-0.17559115037833517,12
45,label,a4,11,3,3,,0.35904016399990724,11.406499862670898,24000,0.0038066452834755182,0.5675675675675677,True,-0.2544931509091187,13
45,label,a4,12,3,3,,0.36899250199985545,12.534358024597168,26400,0.005154165904968977,0.4324324324324324,True,-0.27393606900528616,14
45,label,a4,13,3,3,,0.3890522439999131,13.662529945373535,28800,0.004934021737426519,0.21621621621621614,True,-0.2492440041885322,15
45,label,a4,14,3,3,,0.4087552449998384,14.791433334350586,31200,0.0036835737992078066,0.18918918918918917,True,-0.22666673510553087,16
45,label,a4,15,3,3,,0.4166541380000126,15.919798851013184,33600,0.0027860431000590324,0.27027027027027034,True,-0.25730353595961547,17
45,label,a4,16,3,3,,0.43248185599986755,17.048559188842773,36000,0.0026386003009974957,0.0,True,-0.24127790829732024,18
45,label,a4,17,3,3,,0.4310802809998222,18.17602825164795,38400,0.002439013682305813,0.1621621621621622,True,-0.25024699331064715,19
45,label,a4,18,3,3,,0.43668910400015193,19.30458164215088,40800,0.006775727029889822,0.9189189189189189,True,-0.24973930174356002,20
45,label,a4,19,3,3,,0.45317797300003804,20.4328556060791,43200,0.003433718578889966,0.5135135135135136,True,-0.24567888744222216,21
45,label,a4,20,3,3,,0.46302345300000525,21.56138324737549,45600,0.004931311588734388,0.7837837837837838,True,-0.26162736081340915,22
45,label,random,1,3,0,insufficient_revealed_classes,1.6199999208765803e-06,0.0,0,0.02401300147175789,,True,0.0,3
45,label,random,2,2,2,,0.19881671600001027,0.6761474609375,2400,0.005695904605090618,,True,-0.1665548337629346,4
45,label,random,3,2,2,,0.2060319710001295,1.3306808471679688,4800,0.003898900467902422,0.3538461538461538,True,-0.14977360652046176,5
45,label,random,4,2,2,,0.2110136759999932,1.9894599914550781,7200,0.002002126071602106,0.12149532710280374,True,-0.1361704543980033,6
45,label,random,5,2,2,,0.2159401119999984,2.647825241088867,9600,0.005664884578436613,0.49350649350649356,True,-0.14713224503375064,7
45,label,random,6,3,3,,0.3049596500000007,5.764174461364746,12000,0.005438320804387331,0.3555555555555557,True,-0.24454711105123017,8
45,label,random,7,2,2,,0.2373757170000772,3.9637184143066406,14400,0.002918955869972706,0.18660287081339735,True,-0.15019242719576378,9
45,label,random,8,3,3,,0.3346090439999898,8.021123886108398,16800,0.0037153703160583973,0.6049382716049382,True,-0.26634809476226995,10
45,label,random,9,2,2,,0.23819100100013202,5.282218933105469,19200,0.0048936656676232815,0.5135135135135136,True,-0.16262502464099982,11
45,label,random,10,2,2,,0.2522680530000798,5.942991256713867,21600,0.003566991537809372,0.40540540540540543,True,-0.09618136457523312,12
45,label,random,11,1,1,,0.13767340200001854,12.0026216506958,24000,0.0038066452834755182,0.5675675675675677,True,-0.026563058125960784,13
45,label,random,12,3,3,,0.3749669589999485,12.534939765930176,26400,0.005154165904968977,0.4324324324324324,True,-0.22996034158181797,14
45,label,random,13,2,2,,0.2599710720000985,7.922420501708984,28800,0.004934021737426519,0.21621621621621614,True,-0.14930438779885435,15
45,label,random,14,3,3,,0.39893056899995827,14.791342735290527,31200,0.0036835737992078066,0.18918918918918917,True,-0.22991032957708374,16
45,label,random,15,3,3,,0.40246167400005106,15.919438362121582,33600,0.0027860431000590324,0.27027027027027034,True,-0.25730353595961547,17
45,label,random,16,2,2,,0.27143100400007825,9.89920425415039,36000,0.0026386003009974957,0.0,True,-0.14279733331753622,18
45,label,random,17,1,1,,0.13908302699996966,12.096787452697754,38400,0.002439013682305813,0.1621621621621622,True,-0.024825893533480164,19
45,label,random,18,1,1,,0.14444593899997926,12.112339973449707,40800,0.006775727029889822,0.9189189189189189,True,-0.02500000815536923,20
45,label,random,19,2,2,,0.31318390600017665,11.88201904296875,43200,0.003433718578889966,0.5135135135135136,True,-0.14259822955328166,21
45,label,random,20,2,2,,0.3060599610000736,12.540077209472656,45600,0.004931311588734388,0.7837837837837838,True,-0.16124923012051035,22
45,label,threshold,1,0,0,,1.7019999631884275e-06,0.0,0,0.02401300147175789,,True,0.0,3
45,label,threshold,2,0,0,,1.996000037252088e-06,0.0,2400,0.005695904605090618,,True,0.0,4
45,label,threshold,3,0,0,,2.2960000478633447e-06,0.0,4800,0.003898900467902422,0.3538461538461538,True,0.0,5
45,label,threshold,4,0,0,,2.758000164249097e-06,0.0,7200,0.002002126071602106,0.12149532710280374,True,0.0,6
45,label,threshold,5,0,0,,2.010000116570154e-06,0.0,9600,0.005664884578436613,0.49350649350649356,True,0.0,7
45,label,threshold,6,0,0,,1.863000079538324e-06,0.0,12000,0.005438320804387331,0.3555555555555557,True,0.0,8
45,label,threshold,7,0,0,,1.981999957934022e-06,0.0,14400,0.002918955869972706,0.18660287081339735,True,0.0,9
45,label,threshold,8,0,0,,2.0219999896653462e-06,0.0,16800,0.0037153703160583973,0.6049382716049382,True,0.0,10
45,label,threshold,9,0,0,,1.8709999949351186e-06,0.0,19200,0.0048936656676232815,0.5135135135135136,True,0.0,11
45,label,threshold,10,0,0,,1.9290000636829063e-06,0.0,21600,0.003566991537809372,0.40540540540540543,True,0.0,12
45,label,threshold,11,0,0,,2.004999942073482e-06,0.0,24000,0.0038066452834755182,0.5675675675675677,True,0.0,13
45,label,threshold,12,0,0,,2.7769999633164844e-06,0.0,26400,0.005154165904968977,0.4324324324324324,True,0.0,14
45,label,threshold,13,0,0,,1.6490000689373119e-06,0.0,28800,0.004934021737426519,0.21621621621621614,True,0.0,15
45,label,threshold,14,0,0,,1.7510001271148212e-06,0.0,31200,0.0036835737992078066,0.18918918918918917,True,0.0,16
45,label,threshold,15,0,0,,1.6349999896192458e-06,0.0,33600,0.0027860431000590324,0.27027027027027034,True,0.0,17
45,label,threshold,16,0,0,,1.692999830993358e-06,0.0,36000,0.0026386003009974957,0.0,True,0.0,18
45,label,threshold,17,0,0,,1.86900001608592e-06,0.0,38400,0.002439013682305813,0.1621621621621622,True,0.0,19
45,label,threshold,18,0,0,,1.7339998521492817e-06,0.0,40800,0.006775727029889822,0.9189189189189189,True,0.0,20
45,label,threshold,19,0,0,,1.6999999843392288e-06,0.0,43200,0.003433718578889966,0.5135135135135136,True,0.0,21
45,label,threshold,20,0,0,,1.9320000319567043e-06,0.0,45600,0.004931311588734388,0.7837837837837838,True,0.0,22
45,combined,dqn,1,0,0,,1.9350000002305023e-06,0.0,0,0.02401300147175789,,True,0.0,3
45,combined,dqn,2,0,0,,2.1850000848644413e-06,0.0,2400,0.005695904605090618,,True,0.0,4
45,combined,dqn,3,0,0,,1.94700010069937e-06,0.0,4800,0.003898900467902422,0.3538461538461538,True,0.0,5
45,combined,dqn,4,0,0,,2.1419998574856436e-06,0.0,7200,0.002002126071602106,0.12149532710280374,True,0.0,6
45,combined,dqn,5,0,0,,1.9770000108110253e-06,0.0,9600,0.005664884578436613,0.49350649350649356,True,0.0,7
45,combined,dqn,6,0,0,,1.621999899725779e-06,0.0,12000,0.005438320804387331,0.3555555555555557,True,0.0,8
45,combined,dqn,7,0,0,,1.7180000213556923e-06,0.0,14400,0.002918955869972706,0.18660287081339735,True,0.0,9
45,combined,dqn,8,0,0,,2.6700001853896538e-06,0.0,16800,0.005945377983152866,0.6049382716049382,True,0.0,10
45,combined,dqn,9,0,0,,1.4570000530511606e-06,0.0,19200,0.010534368455410004,0.5135135135135136,True,0.0,11
45,combined,dqn,10,0,0,,1.8790001377055887e-06,0.0,21600,0.012992208823561668,0.40540540540540543,True,0.0,12
45,combined,dqn,11,0,0,,2.407000010862248e-06,0.0,24000,0.018046757206320763,0.5675675675675677,True,0.0,13
45,combined,dqn,12,0,0,,2.013999846894876e-06,0.0,26400,0.02547476999461651,0.4324324324324324,True,0.0,14
45,combined,dqn,13,0,0,,1.8769999314827146e-06,0.0,28800,0.025361765176057816,0.21621621621621614,True,0.0,15
45,combined,dqn,14,0,0,,2.0330001007096143e-06,0.0,31200,0.03264157846570015,0.18918918918918917,True,0.0,16
45,combined,dqn,15,0,0,,2.013999846894876e-06,0.0,33600,0.03183383494615555,0.27027027027027034,True,0.0,17
45,combined,dqn,16,0,0,,1.956000005520764e-06,0.0,36000,0.029628384858369827,0.0,True,0.0,18
45,combined,dqn,17,0,0,,2.0170000425423495e-06,0.0,38400,0.029121670871973038,0.1621621621621622,True,0.0,19
45,combined,dqn,18,0,0,,1.5880000319157261e-06,0.0,40800,0.03107042983174324,0.9189189189189189,True,0.0,20
45,combined,dqn,19,0,0,,1.8769999314827146e-06,0.0,43200,0.031250275671482086,0.5135135135135136,True,0.0,21
45,combined,dqn,20,0,0,,1.944000132425572e-06,0.0,45600,0.03515049070119858,0.7837837837837838,True,0.0,22
45,combined,a1,1,0,0,,1.8810001165547874e-06,0.0,0,0.02401300147175789,,True,0.0,3
45,combined,a1,2,0,0,,1.916999963214039e-06,0.0,2400,0.005695904605090618,,True,0.0,4
45,combined,a1,3,0,0,,2.6029999844467966e-06,0.0,4800,0.003898900467902422,0.3538461538461538,True,0.0,5
45,combined,a1,4,0,0,,1.8519999684940558e-06,0.0,7200,0.002002126071602106,0.12149532710280374,True,0.0,6
45,combined,a1,5,0,0,,2.3180000425782055e-06,0.0,9600,0.005664884578436613,0.49350649350649356,True,0.0,7
45,combined,a1,6,0,0,,1.8289999843545957e-06,0.0,12000,0.005438320804387331,0.3555555555555557,True,0.0,8
45,combined,a1,7,0,0,,2.308000148332212e-06,0.0,14400,0.002918955869972706,0.18660287081339735,True,0.0,9
45,combined,a1,8,0,0,,1.9260000954091083e-06,0.0,16800,0.005945377983152866,0.6049382716049382,True,0.0,10
45,combined,a1,9,0,0,,2.764000100796693e-06,0.0,19200,0.010534368455410004,0.5135135135135136,True,0.0,11
45,combined,a1,10,0,0,,1.7839997781265993e-06,0.0,21600,0.012992208823561668,0.40540540540540543,True,0.0,12
45,combined,a1,11,0,0,,1.98499992620782e-06,0.0,24000,0.018046757206320763,0.5675675675675677,True,0.0,13
45,combined,a1,12,0,0,,1.720000000204891e-06,0.0,26400,0.02547476999461651,0.4324324324324324,True,0.0,14
45,combined,a1,13,0,0,,1.5299999631679384e-06,0.0,28800,0.025361765176057816,0.21621621621621614,True,0.0,15
45,combined,a1,14,0,0,,2.1139999262231868e-06,0.0,31200,0.03264157846570015,0.18918918918918917,True,0.0,16
45,combined,a1,15,0,0,,1.9859999156324193e-06,0.0,33600,0.03183383494615555,0.27027027027027034,True,0.0,17
45,combined,a1,16,0,0,,2.106000010826392e-06,0.0,36000,0.029628384858369827,0.0,True,0.0,18
45,combined,a1,17,0,0,,1.6900000900932355e-06,0.0,38400,0.029121670871973038,0.1621621621621622,True,0.0,19
45,combined,a1,18,0,0,,1.968999868040555e-06,0.0,40800,0.03107042983174324,0.9189189189189189,True,0.0,20
45,combined,a1,19,0,0,,1.6510000477865105e-06,0.0,43200,0.031250275671482086,0.5135135135135136,True,0.0,21
45,combined,a1,20,0,0,,1.8030000319413375e-06,0.0,45600,0.03515049070119858,0.7837837837837838,True,0.0,22
45,combined,a4,1,3,0,insufficient_revealed_classes,2.013000084843952e-06,0.0,0,0.02401300147175789,,True,0.0,3
45,combined,a4,2,3,3,,0.2776201509998373,1.2554702758789062,2400,0.005695904605090618,,True,-0.26741495655515746,4
45,combined,a4,3,3,3,,0.286941939999906,2.3834714889526367,4800,0.003898900467902422,0.3538461538461538,True,-0.24844280579119954,5
45,combined,a4,4,3,3,,0.28670796799997333,3.5125370025634766,7200,0.002002126071602106,0.12149532710280374,True,-0.24669429257654754,6
45,combined,a4,5,3,3,,0.2955398480000895,4.640058517456055,9600,0.005664884578436613,0.49350649350649356,True,-0.24348328754815152,7
45,combined,a4,6,3,3,,0.32017858799986243,5.7684736251831055,12000,0.005438320804387331,0.3555555555555557,True,-0.24750827639364703,8
45,combined,a4,7,3,3,,0.31775781900000766,6.89711856842041,14400,0.002918955869972706,0.18660287081339735,True,-0.25031075993082863,9
45,combined,a4,8,3,3,,0.3350781609999558,8.025259017944336,16800,0.005945377983152866,0.6049382716049382,True,-0.2561537474776809,10
45,combined,a4,9,3,3,,0.3380936749999819,9.152849197387695,19200,0.010534368455410004,0.5135135135135136,True,-0.2699256097213082,11
45,combined,a4,10,3,3,,0.35977870800002165,10.281749725341797,21600,0.012992208823561668,0.40540540540540543,True,-0.1620865799685638,12
45,combined,a4,11,3,3,,0.37211385299997346,11.409750938415527,24000,0.018046757206320763,0.5675675675675677,True,-0.2547307257864077,13
45,combined,a4,12,3,3,,0.3787273919999734,12.538053512573242,26400,0.02547476999461651,0.4324324324324324,True,-0.2371424684319618,14
45,combined,a4,13,3,3,,0.39591557600010674,13.66494083404541,28800,0.025361765176057816,0.21621621621621614,True,-0.24838321679452155,15
45,combined,a4,14,3,3,,0.3959792109999398,14.793421745300293,31200,0.03264157846570015,0.18918918918918917,True,-0.21540739234864725,16
45,combined,a4,15,3,3,,0.4145597379999799,15.921737670898438,33600,0.03183383494615555,0.27027027027027034,True,-0.25316492449891626,17
45,combined,a4,16,3,3,,0.4328801189999467,17.050382614135742,36000,0.029628384858369827,0.0,True,-0.2515595498001565,18
45,combined,a4,17,3,3,,0.45445034399995166,18.177949905395508,38400,0.029121670871973038,0.1621621621621622,True,-0.24929327435149543,19
45,combined,a4,18,3,3,,0.4511166330000833,19.306920051574707,40800,0.03107042983174324,0.9189189189189189,True,-0.249969034621302,20
45,combined,a4,19,3,3,,0.47493410399988534,20.43512725830078,43200,0.031250275671482086,0.5135135135135136,True,-0.24824034770862266,21
45,combined,a4,20,3,3,,0.4608949629998733,21.563223838806152,45600,0.03515049070119858,0.7837837837837838,True,-0.24823095424945724,22
45,combined,random,1,3,0,insufficient_revealed_classes,1.6770000001997687e-06,0.0,0,0.02401300147175789,,True,0.0,3
45,combined,random,2,2,2,,0.19666970999992373,0.6789274215698242,2400,0.005695904605090618,,True,-0.1665548337629346,4
45,combined,random,3,2,2,,0.2023502350000399,1.3336563110351562,4800,0.003898900467902422,0.3538461538461538,True,-0.14977360652046176,5
45,combined,random,4,2,2,,0.2166551090001576,1.9924774169921875,7200,0.002002126071602106,0.12149532710280374,True,-0.1361704543980033,6
45,combined,random,5,2,2,,0.2147281390000444,2.6509437561035156,9600,0.005664884578436613,0.49350649350649356,True,-0.14713224503375064,7
45,combined,random,6,3,3,,0.31247791400005553,5.766223907470703,12000,0.005438320804387331,0.3555555555555557,True,-0.24454711105123017,8
45,combined,random,7,2,2,,0.2229922799999713,3.9667892456054688,14400,0.002918955869972706,0.18660287081339735,True,-0.15028625374508614,9
45,combined,random,8,3,3,,0.31891436399996564,8.0228853225708,16800,0.005945377983152866,0.6049382716049382,True,-0.2561161172680971,10
45,combined,random,9,2,2,,0.24075223799991363,5.285242080688477,19200,0.010534368455410004,0.5135135135135136,True,-0.17253518722695282,11
45,combined,random,10,2,2,,0.24055841099993813,5.945865631103516,21600,0.012992208823561668,0.40540540540540543,True,-0.04964676751120278,12
45,combined,random,11,1,1,,0.1366477159999704,12.002640724182129,24000,0.018046757206320763,0.5675675675675677,True,-0.024945802481157336,13
45,combined,random,12,3,3,,0.36933001800002785,12.536527633666992,26400,0.02547476999461651,0.4324324324324324,True,-0.22507677021086553,14
45,combined,random,13,2,2,,0.2565256780001164,7.925609588623047,28800,0.025361765176057816,0.21621621621621614,True,-0.14934424917947992,15
45,combined,random,14,3,3,,0.4245396069998151,14.792984008789062,31200,0.03264157846570015,0.18918918918918917,True,-0.20779432049284385,16
45,combined,random,15,3,3,,0.4352024090001123,15.921040534973145,33600,0.03183383494615555,0.27027027027027034,True,-0.25316492449891626,17
45,combined,random,16,2,2,,0.29982241400011844,9.902473449707031,36000,0.029628384858369827,0.0,True,-0.15089472296746073,18
45,combined,random,17,1,1,,0.14630203899992011,12.096806526184082,38400,0.029121670871973038,0.1621621621621622,True,-0.019556078170152362,19
45,combined,random,18,1,1,,0.15444160200013357,12.112442970275879,40800,0.03107042983174324,0.9189189189189189,True,-0.02499343514199078,20
45,combined,random,19,2,2,,0.33519902800003365,11.884449005126953,43200,0.031250275671482086,0.5135135135135136,True,-0.1534488225387608,21
45,combined,random,20,2,2,,0.34697370899993984,12.542560577392578,45600,0.03515049070119858,0.7837837837837838,True,-0.15337268310170693,22
45,combined,threshold,1,0,0,,1.9809999685094226e-06,0.0,0,0.02401300147175789,,True,0.0,3
45,combined,threshold,2,0,0,,8.633999868834508e-06,0.0,2400,0.005695904605090618,,True,0.0,4
45,combined,threshold,3,0,0,,2.1189998733461834e-06,0.0,4800,0.003898900467902422,0.3538461538461538,True,0.0,5
45,combined,threshold,4,0,0,,1.8139999156119302e-06,0.0,7200,0.002002126071602106,0.12149532710280374,True,0.0,6
45,combined,threshold,5,0,0,,1.76799994733301e-06,0.0,9600,0.005664884578436613,0.49350649350649356,True,0.0,7
45,combined,threshold,6,0,0,,2.150999989680713e-06,0.0,12000,0.005438320804387331,0.3555555555555557,True,0.0,8
45,combined,threshold,7,0,0,,1.8129999261873309e-06,0.0,14400,0.002918955869972706,0.18660287081339735,True,0.0,9
45,combined,threshold,8,0,0,,1.6269998468487756e-06,0.0,16800,0.005945377983152866,0.6049382716049382,True,0.0,10
45,combined,threshold,9,0,0,,2.1470000319823157e-06,0.0,19200,0.010534368455410004,0.5135135135135136,True,0.0,11
45,combined,threshold,10,0,0,,2.2220001483219676e-06,0.0,21600,0.012992208823561668,0.40540540540540543,True,0.0,12
45,combined,threshold,11,0,0,,1.793999899746268e-06,0.0,24000,0.018046757206320763,0.5675675675675677,True,0.0,13
45,combined,threshold,12,0,0,,1.7539998680149438e-06,0.0,26400,0.02547476999461651,0.4324324324324324,True,0.0,14
45,combined,threshold,13,0,0,,2.026999936788343e-06,0.0,28800,0.025361765176057816,0.21621621621621614,True,0.0,15
45,combined,threshold,14,0,0,,1.883000095403986e-06,0.0,31200,0.03264157846570015,0.18918918918918917,True,0.0,16
45,combined,threshold,15,0,0,,1.871999984359718e-06,0.0,33600,0.03183383494615555,0.27027027027027034,True,0.0,17
45,combined,threshold,16,0,0,,1.7049999314622255e-06,0.0,36000,0.029628384858369827,0.0,True,0.0,18
45,combined,threshold,17,0,0,,1.7920001482707448e-06,0.0,38400,0.029121670871973038,0.1621621621621622,True,0.0,19
45,combined,threshold,18,0,0,,1.9920000795536907e-06,0.0,40800,0.03107042983174324,0.9189189189189189,True,0.0,20
45,combined,threshold,19,0,0,,2.0940001377312e-06,0.0,43200,0.031250275671482086,0.5135135135135136,True,0.0,21
45,combined,threshold,20,0,0,,1.6280000636470504e-06,0.0,45600,0.03515049070119858,0.7837837837837838,True,0.0,22
46,clean,dqn,1,0,0,,1.9509998310240917e-06,0.0,0,0.022014273330569267,,True,0.0,3
46,clean,dqn,2,0,0,,2.004999942073482e-06,0.0,2400,0.006114537827670574,,True,0.0,4
46,clean,dqn,3,0,0,,2.327000174773275e-06,0.0,4800,0.0033354354090988636,0.7948717948717948,True,0.0,5
46,clean,dqn,4,0,0,,1.426099993295793e-05,0.0,7200,0.0036885773297399282,0.25531914893617025,True,0.0,6
46,clean,dqn,5,0,0,,1.950000068973168e-06,0.0,9600,0.005169480573385954,0.23255813953488375,True,0.0,7
46,clean,dqn,6,0,0,,1.9350000002305023e-06,0.0,12000,0.006378878373652697,0.48148148148148145,True,0.0,8
46,clean,dqn,7,0,0,,1.9780000002356246e-06,0.0,14400,0.004142040852457285,0.1530054644808745,True,0.0,9
46,clean,dqn,8,0,0,,2.218999952674494e-06,0.0,16800,0.00553625775501132,0.97196261682243,True,0.0,10
46,clean,dqn,9,0,0,,1.894999968499178e-06,0.0,19200,0.0025549212004989386,0.00930232558139537,True,0.0,11
46,clean,dqn,10,0,0,,2.015000063693151e-06,0.0,21600,0.0059622288681566715,0.3023255813953489,True,0.0,12
46,clean,dqn,11,0,0,,1.7139998362836195e-06,0.0,24000,0.0064621432684361935,0.8883720930232558,True,0.0,13
46,clean,dqn,12,0,0,,1.8880000425269827e-06,0.0,26400,0.004483100492507219,0.7906976744186046,True,0.0,14
46,clean,dqn,13,0,0,,2.5559997993696015e-06,0.0,28800,0.001469572656787932,0.6604651162790699,True,0.0,15
46,clean,dqn,14,0,0,,1.871999984359718e-06,0.0,31200,0.0022720815613865852,0.44651162790697674,True,0.0,16
46,clean,dqn,15,0,0,,2.0373000097606564e-05,0.0,33600,0.005398521665483713,0.7395348837209301,True,0.0,17
46,clean,dqn,16,0,0,,1.793999899746268e-06,0.0,36000,0.004069207701832056,0.1395348837209303,True,0.0,18
46,clean,dqn,17,0,0,,1.6470000900881132e-06,0.0,38400,0.0038420394994318485,0.25116279069767444,True,0.0,19
46,clean,dqn,18,0,0,,1.644999883865239e-06,0.0,40800,0.003931988961994648,0.46511627906976744,True,0.0,20
46,clean,dqn,19,0,0,,2.6200000320386607e-06,0.0,43200,0.003913807682693005,1.1488372093023256,True,0.0,21
46,clean,dqn,20,0,0,,1.523999799246667e-06,0.0,45600,0.007306107319891453,0.3023255813953489,True,0.0,22
46,clean,a1,1,0,0,,1.562000079502468e-06,0.0,0,0.022014273330569267,,True,0.0,3
46,clean,a1,2,0,0,,2.28800013246655e-06,0.0,2400,0.006114537827670574,,True,0.0,4
46,clean,a1,3,0,0,,1.79099993147247e-06,0.0,4800,0.0033354354090988636,0.7948717948717948,True,0.0,5
46,clean,a1,4,0,0,,2.0820000372623326e-06,0.0,7200,0.0036885773297399282,0.25531914893617025,True,0.0,6
46,clean,a1,5,0,0,,1.9600001905928366e-06,0.0,9600,0.005169480573385954,0.23255813953488375,True,0.0,7
46,clean,a1,6,0,0,,1.5109999367268756e-06,0.0,12000,0.006378878373652697,0.48148148148148145,True,0.0,8
46,clean,a1,7,0,0,,2.2310000531433616e-06,0.0,14400,0.004142040852457285,0.1530054644808745,True,0.0,9
46,clean,a1,8,0,0,,1.742999984344351e-06,0.0,16800,0.00553625775501132,0.97196261682243,True,0.0,10
46,clean,a1,9,0,0,,1.7639999896346126e-06,0.0,19200,0.0025549212004989386,0.00930232558139537,True,0.0,11
46,clean,a1,10,0,0,,1.773000121829682e-06,0.0,21600,0.0059622288681566715,0.3023255813953489,True,0.0,12
46,clean,a1,11,0,0,,2.1860000742890406e-06,0.0,24000,0.0064621432684361935,0.8883720930232558,True,0.0,13
46,clean,a1,12,0,0,,1.8550001641415292e-06,0.0,26400,0.004483100492507219,0.7906976744186046,True,0.0,14
46,clean,a1,13,0,0,,1.6559999949095072e-06,0.0,28800,0.001469572656787932,0.6604651162790699,True,0.0,15
46,clean,a1,14,0,0,,1.6579999737587059e-06,0.0,31200,0.0022720815613865852,0.44651162790697674,True,0.0,16
46,clean,a1,15,0,0,,1.8229998204333242e-06,0.0,33600,0.005398521665483713,0.7395348837209301,True,0.0,17
46,clean,a1,16,0,0,,1.9219999103370355e-06,0.0,36000,0.004069207701832056,0.1395348837209303,True,0.0,18
46,clean,a1,17,0,0,,1.644999883865239e-06,0.0,38400,0.0038420394994318485,0.25116279069767444,True,0.0,19
46,clean,a1,18,0,0,,1.5699999948992627e-06,0.0,40800,0.003931988961994648,0.46511627906976744,True,0.0,20
46,clean,a1,19,0,0,,1.5850000636419281e-06,0.0,43200,0.003913807682693005,1.1488372093023256,True,0.0,21
46,clean,a1,20,0,0,,1.9690000954142306e-06,0.0,45600,0.007306107319891453,0.3023255813953489,True,0.0,22
46,clean,a4,1,3,0,insufficient_revealed_classes,1.7599998045625398e-06,0.0,0,0.022014273330569267,,True,0.0,3
46,clean,a4,2,3,3,,0.28412565300004644,1.2508115768432617,2400,0.006114537827670574,,True,-0.27183810638902134,4
46,clean,a4,3,3,3,,0.28071515999999974,2.378798484802246,4800,0.0033354354090988636,0.7948717948717948,True,-0.251189287468941,5
46,clean,a4,4,3,3,,0.2751613800000996,3.507720947265625,7200,0.0036885773297399282,0.25531914893617025,True,-0.24982081099460754,6
46,clean,a4,5,3,3,,0.28616508799996154,4.635367393493652,9600,0.005169480573385954,0.23255813953488375,True,-0.24870029959475803,7
46,clean,a4,6,3,3,,0.2994037720000051,5.764308929443359,12000,0.006378878373652697,0.48148148148148145,True,-0.24975477574241645,8
46,clean,a4,7,3,3,,0.31231357199999366,6.892200469970703,14400,0.004142040852457285,0.1530054644808745,True,-0.25289818271490533,9
46,clean,a4,8,3,3,,0.3281911289998334,8.02118968963623,16800,0.00553625775501132,0.97196261682243,True,-0.2493764427589012,10
46,clean,a4,9,3,3,,0.34529219099999864,9.149291038513184,19200,0.0025549212004989386,0.00930232558139537,True,-0.24289250736880838,11
46,clean,a4,10,3,3,,0.34376233600005435,10.277828216552734,21600,0.0059622288681566715,0.3023255813953489,True,-0.24865840584936466,12
46,clean,a4,11,3,3,,0.3626210519998949,11.406045913696289,24000,0.0064621432684361935,0.8883720930232558,True,-0.25016779129497524,13
46,clean,a4,12,3,3,,0.38053695600001447,12.534211158752441,26400,0.004483100492507219,0.7906976744186046,True,-0.2311449994247235,14
46,clean,a4,13,3,3,,0.38170429399997374,13.662714958190918,28800,0.001469572656787932,0.6604651162790699,True,-0.25005865890998125,15
46,clean,a4,14,3,3,,0.4167354809999324,14.791186332702637,31200,0.0022720815613865852,0.44651162790697674,True,-0.24827363596037144,16
46,clean,a4,15,3,3,,0.41333462299985513,15.919352531433105,33600,0.005398521665483713,0.7395348837209301,True,-0.32381179572428576,17
46,clean,a4,16,3,3,,0.4278856679998171,17.04889488220215,36000,0.004069207701832056,0.1395348837209303,True,-0.258866289602482,18
46,clean,a4,17,3,3,,0.44158799900014856,18.176432609558105,38400,0.0038420394994318485,0.25116279069767444,True,-0.24604413972201014,19
46,clean,a4,18,3,3,,0.4580197309999221,19.304601669311523,40800,0.003931988961994648,0.46511627906976744,True,-0.25205681699634114,20
46,clean,a4,19,3,3,,0.4697347959997842,20.432833671569824,43200,0.003913807682693005,1.1488372093023256,True,-0.24959815183237122,21
46,clean,a4,20,3,3,,0.48140392099981,21.561426162719727,45600,0.007306107319891453,0.3023255813953489,True,-0.2510348890486767,22
46,clean,random,1,2,0,insufficient_revealed_classes,1.5999999050109182e-06,0.0,0,0.022014273330569267,,True,0.0,3
46,clean,random,2,3,3,,0.28893401000004815,1.250626564025879,2400,0.006114537827670574,,True,-0.27183810638902134,4
46,clean,random,3,0,0,,1.8450000425218605e-06,0.0,4800,0.0033354354090988636,0.7948717948717948,True,0.0,5
46,clean,random,4,0,0,,1.6460001006635139e-06,0.0,7200,0.0036885773297399282,0.25531914893617025,True,0.0,6
46,clean,random,5,2,2,,0.2100374809999721,2.646556854248047,9600,0.005169480573385954,0.23255813953488375,True,-0.14370851967839893,7
46,clean,random,6,1,1,,0.14065776799998275,11.924824714660645,12000,0.006378878373652697,0.48148148148148145,True,-0.026350832757694377,8
46,clean,random,7,0,0,,2.2790000002714805e-06,0.0,14400,0.004142040852457285,0.1530054644808745,True,0.0,9
46,clean,random,8,2,2,,0.24168978600005175,4.627431869506836,16800,0.00553625775501132,0.97196261682243,True,-0.1430271238706881,10
46,clean,random,9,0,0,,1.6009998944355175e-06,0.0,19200,0.0025549212004989386,0.00930232558139537,True,0.0,11
46,clean,random,10,3,3,,0.35663655400003336,10.277430534362793,21600,0.0059622288681566715,0.3023255813953489,True,-0.25299821044439996,12
46,clean,random,11,3,3,,0.35094838700001674,11.4058837890625,24000,0.0064621432684361935,0.8883720930232558,True,-0.25016779129497524,13
46,clean,random,12,0,0,,1.838999878600589e-06,0.0,26400,0.004483100492507219,0.7906976744186046,True,0.0,14
46,clean,random,13,3,3,,0.3804434730000139,13.66263198852539,28800,0.001469572656787932,0.6604651162790699,True,-0.25009135399008303,15
46,clean,random,14,2,2,,0.26882298500004254,8.571609497070312,31200,0.0022720815613865852,0.44651162790697674,True,-0.14862423187013835,16
46,clean,random,15,3,3,,0.41816241300011825,15.919634819030762,33600,0.005398521665483713,0.7395348837209301,True,-0.34256231924690733,17
46,clean,random,16,3,3,,0.4368150239999977,17.04884910583496,36000,0.004069207701832056,0.1395348837209303,True,-0.258866289602482,18
46,clean,random,17,0,0,,1.5309999525925377e-06,0.0,38400,0.0038420394994318485,0.25116279069767444,True,0.0,19
46,clean,random,18,2,2,,0.28893959400011227,11.210237503051758,40800,0.003931988961994648,0.46511627906976744,True,-0.151769537385279,20
46,clean,random,19,1,1,,0.14707558800000697,12.1265230178833,43200,0.003913807682693005,1.1488372093023256,True,-0.021213925953980934,21
46,clean,random,20,2,2,,0.3168938630001321,12.534599304199219,45600,0.007306107319891453,0.3023255813953489,True,-0.15157999961877178,22
46,clean,threshold,1,0,0,,1.97000008483883e-06,0.0,0,0.022014273330569267,,True,0.0,3
46,clean,threshold,2,0,0,,2.0009999843750848e-06,0.0,2400,0.006114537827670574,,True,0.0,4
46,clean,threshold,3,0,0,,2.0270001641620183e-06,0.0,4800,0.0033354354090988636,0.7948717948717948,True,0.0,5
46,clean,threshold,4,0,0,,1.7449999631935498e-06,0.0,7200,0.0036885773297399282,0.25531914893617025,True,0.0,6
46,clean,threshold,5,0,0,,2.375000121901394e-06,0.0,9600,0.005169480573385954,0.23255813953488375,True,0.0,7
46,clean,threshold,6,0,0,,2.058999825749197e-06,0.0,12000,0.006378878373652697,0.48148148148148145,True,0.0,8
46,clean,threshold,7,0,0,,1.6920000689424342e-06,0.0,14400,0.004142040852457285,0.1530054644808745,True,0.0,9
46,clean,threshold,8,0,0,,1.8509999790694565e-06,0.0,16800,0.00553625775501132,0.97196261682243,True,0.0,10
46,clean,threshold,9,0,0,,1.8369998997513903e-06,0.0,19200,0.0025549212004989386,0.00930232558139537,True,0.0,11
46,clean,threshold,10,0,0,,2.379000079599791e-06,0.0,21600,0.0059622288681566715,0.3023255813953489,True,0.0,12
46,clean,threshold,11,0,0,,2.1410000954347197e-06,0.0,24000,0.0064621432684361935,0.8883720930232558,True,0.0,13
46,clean,threshold,12,0,0,,1.7610000213608146e-06,0.0,26400,0.004483100492507219,0.7906976744186046,True,0.0,14
46,clean,threshold,13,0,0,,1.5660000372008653e-06,0.0,28800,0.001469572656787932,0.6604651162790699,True,0.0,15
46,clean,threshold,14,0,0,,2.0489999315032037e-06,0.0,31200,0.0022720815613865852,0.44651162790697674,True,0.0,16
46,clean,threshold,15,0,0,,1.641999915591441e-06,0.0,33600,0.005398521665483713,0.7395348837209301,True,0.0,17
46,clean,threshold,16,0,0,,2.226000106020365e-06,0.0,36000,0.004069207701832056,0.1395348837209303,True,0.0,18
46,clean,threshold,17,0,0,,1.8349999209021917e-06,0.0,38400,0.0038420394994318485,0.25116279069767444,True,0.0,19
46,clean,threshold,18,0,0,,1.6770000001997687e-06,0.0,40800,0.003931988961994648,0.46511627906976744,True,0.0,20
46,clean,threshold,19,0,0,,1.6099997992569115e-06,0.0,43200,0.003913807682693005,1.1488372093023256,True,0.0,21
46,clean,threshold,20,0,0,,1.5839998468436534e-06,0.0,45600,0.007306107319891453,0.3023255813953489,True,0.0,22
46,measurement,dqn,1,0,0,,2.3380000584438676e-06,0.0,0,0.022014273330569267,,True,0.0,3
46,measurement,dqn,2,0,0,,2.2080000690039014e-06,0.0,2400,0.006114537827670574,,True,0.0,4
46,measurement,dqn,3,0,0,,1.6199999208765803e-06,0.0,4800,0.0033354354090988636,0.7948717948717948,True,0.0,5
46,measurement,dqn,4,0,0,,1.720000000204891e-06,0.0,7200,0.0036885773297399282,0.25531914893617025,True,0.0,6
46,measurement,dqn,5,0,0,,1.5240000266203424e-06,0.0,9600,0.005169480573385954,0.23255813953488375,True,0.0,7
46,measurement,dqn,6,0,0,,2.133999942088849e-06,0.0,12000,0.006378878373652697,0.48148148148148145,True,0.0,8
46,measurement,dqn,7,0,0,,1.8490000002202578e-06,0.0,14400,0.004142040852457285,0.1530054644808745,True,0.0,9
46,measurement,dqn,8,0,0,,2.431999973850907e-06,0.0,16800,0.005258710123598576,0.97196261682243,True,0.0,10
46,measurement,dqn,9,0,0,,1.5420000636368059e-06,0.0,19200,0.009773465804755688,0.00930232558139537,True,0.0,11
46,measurement,dqn,10,0,0,,1.660999942032504e-06,0.0,21600,0.015424705110490322,0.3023255813953489,True,0.0,12
46,measurement,dqn,11,0,0,,1.9609999526437605e-06,0.0,24000,0.015986217185854912,0.8883720930232558,True,0.0,13
46,measurement,dqn,12,0,0,,1.903999873320572e-06,0.0,26400,0.02251548506319523,0.7906976744186046,True,0.0,14
46,measurement,dqn,13,0,0,,1.7539998680149438e-06,0.0,28800,0.027773607522249222,0.6604651162790699,True,0.0,15
46,measurement,dqn,14,0,0,,2.2050001007301034e-06,0.0,31200,0.03151287883520126,0.44651162790697674,True,0.0,16
46,measurement,dqn,15,0,0,,1.832999942052993e-06,0.0,33600,0.03615369275212288,0.7395348837209301,True,0.0,17
46,measurement,dqn,16,0,0,,1.7090001165342983e-06,0.0,36000,0.03435157611966133,0.1395348837209303,True,0.0,18
46,measurement,dqn,17,0,0,,1.722999968478689e-06,0.0,38400,0.03385687991976738,0.25116279069767444,True,0.0,19
46,measurement,dqn,18,0,0,,1.976000021386426e-06,0.0,40800,0.03264065459370613,0.46511627906976744,True,0.0,20
46,measurement,dqn,19,0,0,,1.8649998310138471e-06,0.0,43200,0.03280032053589821,1.1488372093023256,True,0.0,21
46,measurement,dqn,20,0,0,,2.328999926248798e-06,0.0,45600,0.03433159738779068,0.3023255813953489,True,0.0,22
46,measurement,a1,1,0,0,,2.080000058413134e-06,0.0,0,0.022014273330569267,,True,0.0,3
46,measurement,a1,2,0,0,,1.9829999473586213e-06,0.0,2400,0.006114537827670574,,True,0.0,4
46,measurement,a1,3,0,0,,2.0330001007096143e-06,0.0,4800,0.0033354354090988636,0.7948717948717948,True,0.0,5
46,measurement,a1,4,0,0,,1.6700000742275734e-06,0.0,7200,0.0036885773297399282,0.25531914893617025,True,0.0,6
46,measurement,a1,5,0,0,,2.3630000214325264e-06,0.0,9600,0.005169480573385954,0.23255813953488375,True,0.0,7
46,measurement,a1,6,0,0,,2.1050000214017928e-06,0.0,12000,0.006378878373652697,0.48148148148148145,True,0.0,8
46,measurement,a1,7,0,0,,2.066999968519667e-06,0.0,14400,0.004142040852457285,0.1530054644808745,True,0.0,9
46,measurement,a1,8,0,0,,2.5469998945482075e-06,0.0,16800,0.005258710123598576,0.97196261682243,True,0.0,10
46,measurement,a1,9,0,0,,2.3340001007454703e-06,0.0,19200,0.009773465804755688,0.00930232558139537,True,0.0,11
46,measurement,a1,10,0,0,,1.5380001059384085e-06,0.0,21600,0.015424705110490322,0.3023255813953489,True,0.0,12
46,measurement,a1,11,0,0,,2.457000164213241e-06,0.0,24000,0.015986217185854912,0.8883720930232558,True,0.0,13
46,measurement,a1,12,0,0,,1.913999994940241e-06,0.0,26400,0.02251548506319523,0.7906976744186046,True,0.0,14
46,measurement,a1,13,0,0,,1.925999868035433e-06,0.0,28800,0.027773607522249222,0.6604651162790699,True,0.0,15
46,measurement,a1,14,0,0,,1.8260000160807976e-06,0.0,31200,0.03151287883520126,0.44651162790697674,True,0.0,16
46,measurement,a1,15,0,0,,1.8369998997513903e-06,0.0,33600,0.03615369275212288,0.7395348837209301,True,0.0,17
46,measurement,a1,16,0,0,,2.330000143047073e-06,0.0,36000,0.03435157611966133,0.1395348837209303,True,0.0,18
46,measurement,a1,17,0,0,,2.038000047832611e-06,0.0,38400,0.03385687991976738,0.25116279069767444,True,0.0,19
46,measurement,a1,18,0,0,,2.00799991034728e-06,0.0,40800,0.03264065459370613,0.46511627906976744,True,0.0,20
46,measurement,a1,19,0,0,,1.919999931487837e-06,0.0,43200,0.03280032053589821,1.1488372093023256,True,0.0,21
46,measurement,a1,20,0,0,,2.440000116621377e-06,0.0,45600,0.03433159738779068,0.3023255813953489,True,0.0,22
46,measurement,a4,1,3,0,insufficient_revealed_classes,1.7459999526181491e-06,0.0,0,0.022014273330569267,,True,0.0,3
46,measurement,a4,2,3,3,,0.28950399899986223,1.2524986267089844,2400,0.006114537827670574,,True,-0.27183810638902134,4
46,measurement,a4,3,3,3,,0.27833895100002337,2.3808393478393555,4800,0.0033354354090988636,0.7948717948717948,True,-0.251189287468941,5
46,measurement,a4,4,3,3,,0.2785121699998854,3.510035514831543,7200,0.0036885773297399282,0.25531914893617025,True,-0.24982081099460754,6
46,measurement,a4,5,3,3,,0.296667608000007,4.637548446655273,9600,0.005169480573385954,0.23255813953488375,True,-0.24870029959475803,7
46,measurement,a4,6,3,3,,0.30728866599997673,5.766176223754883,12000,0.006378878373652697,0.48148148148148145,True,-0.24975477574241645,8
46,measurement,a4,7,3,3,,0.31413157400015734,6.894415855407715,14400,0.004142040852457285,0.1530054644808745,True,-0.2514577486373955,9
46,measurement,a4,8,3,3,,0.33091341499994087,8.02295970916748,16800,0.005258710123598576,0.97196261682243,True,-0.24783444626983328,10
46,measurement,a4,9,3,3,,0.33547303500017733,9.15106201171875,19200,0.009773465804755688,0.00930232558139537,True,-0.26114685975794993,11
46,measurement,a4,10,3,3,,0.3563882989999456,10.280430793762207,21600,0.015424705110490322,0.3023255813953489,True,-0.24657472886976844,12
46,measurement,a4,11,3,3,,0.36782644300001266,11.408679008483887,24000,0.015986217185854912,0.8883720930232558,True,-0.25123424826748997,13
46,measurement,a4,12,3,3,,0.39796497099996486,12.537089347839355,26400,0.02251548506319523,0.7906976744186046,True,-0.23515953220605396,14
46,measurement,a4,13,3,3,,0.3932770719998189,13.664984703063965,28800,0.027773607522249222,0.6604651162790699,True,-0.24950385175311324,15
46,measurement,a4,14,3,3,,0.40702414700012923,14.793216705322266,31200,0.03151287883520126,0.44651162790697674,True,-0.233563706852693,16
46,measurement,a4,15,3,3,,0.4159555419998924,15.921567916870117,33600,0.03615369275212288,0.7395348837209301,True,-0.3518140370167996,17
46,measurement,a4,16,3,3,,0.43067378099999587,17.050841331481934,36000,0.03435157611966133,0.1395348837209303,True,-0.2589807510582861,18
46,measurement,a4,17,3,3,,0.44278059600014785,18.178114891052246,38400,0.03385687991976738,0.25116279069767444,True,-0.2508152528060842,19
46,measurement,a4,18,3,3,,0.448965403000102,19.306551933288574,40800,0.03264065459370613,0.46511627906976744,True,-0.24523008363527832,20
46,measurement,a4,19,3,3,,0.458586288999868,20.43521022796631,43200,0.03280032053589821,1.1488372093023256,True,-0.25078632183507216,21
46,measurement,a4,20,3,3,,0.46294244399996387,21.56350612640381,45600,0.03433159738779068,0.3023255813953489,True,-0.249868155046874,22
46,measurement,random,1,2,0,insufficient_revealed_classes,1.4360000477608992e-06,0.0,0,0.022014273330569267,,True,0.0,3
46,measurement,random,2,3,3,,0.2913339699998687,1.2527809143066406,2400,0.006114537827670574,,True,-0.27183810638902134,4
46,measurement,random,3,0,0,,1.633000010770047e-06,0.0,4800,0.0033354354090988636,0.7948717948717948,True,0.0,5
46,measurement,random,4,0,0,,1.5630000689270673e-06,0.0,7200,0.0036885773297399282,0.25531914893617025,True,0.0,6
46,measurement,random,5,2,2,,0.21394029599991882,2.6495742797851562,9600,0.005169480573385954,0.23255813953488375,True,-0.14370851967839893,7
46,measurement,random,6,1,1,,0.1348292139998648,11.924843788146973,12000,0.006378878373652697,0.48148148148148145,True,-0.026350832757694377,8
46,measurement,random,7,0,0,,2.049999920927803e-06,0.0,14400,0.004142040852457285,0.1530054644808745,True,0.0,9
46,measurement,random,8,2,2,,0.24926707999998143,4.6297149658203125,16800,0.005258710123598576,0.97196261682243,True,-0.1605575704772444,10
46,measurement,random,9,0,0,,1.9899998733308166e-06,0.0,19200,0.009773465804755688,0.00930232558139537,True,0.0,11
46,measurement,random,10,3,3,,0.362680323999939,10.279492378234863,21600,0.015424705110490322,0.3023255813953489,True,-0.24829935965474598,12
46,measurement,random,11,3,3,,0.37527965599997515,11.408220291137695,24000,0.015986217185854912,0.8883720930232558,True,-0.25123424826748997,13
46,measurement,random,12,0,0,,2.378000090175192e-06,0.0,26400,0.02251548506319523,0.7906976744186046,True,0.0,14
46,measurement,random,13,3,3,,0.39866718899997977,13.664475440979004,28800,0.027773607522249222,0.6604651162790699,True,-0.2496071678188811,15
46,measurement,random,14,2,2,,0.26458505899995544,8.574531555175781,31200,0.03151287883520126,0.44651162790697674,True,-0.13563077917439847,16
46,measurement,random,15,3,3,,0.4134667250000348,15.92148208618164,33600,0.03615369275212288,0.7395348837209301,True,-0.38502049604307054,17
46,measurement,random,16,3,3,,0.4219469439999557,17.050650596618652,36000,0.03435157611966133,0.1395348837209303,True,-0.2589807510582861,18
46,measurement,random,17,0,0,,2.4199998733820394e-06,0.0,38400,0.03385687991976738,0.25116279069767444,True,0.0,19
46,measurement,random,18,2,2,,0.2881273099999362,11.213350296020508,40800,0.03264065459370613,0.46511627906976744,True,-0.1477442294794914,20
46,measurement,random,19,1,1,,0.15433619999998882,12.126542091369629,43200,0.03280032053589821,1.1488372093023256,True,-0.02362849419569238,21
46,measurement,random,20,2,2,,0.32490837099999226,12.53672981262207,45600,0.03433159738779068,0.3023255813953489,True,-0.15040636987106398,22
46,measurement,threshold,1,0,0,,1.6519998098374344e-06,0.0,0,0.022014273330569267,,True,0.0,3
46,measurement,threshold,2,0,0,,1.8519999684940558e-06,0.0,2400,0.006114537827670574,,True,0.0,4
46,measurement,threshold,3,0,0,,1.8689997887122445e-06,0.0,4800,0.0033354354090988636,0.7948717948717948,True,0.0,5
46,measurement,threshold,4,0,0,,1.8250000266561983e-06,0.0,7200,0.0036885773297399282,0.25531914893617025,True,0.0,6
46,measurement,threshold,5,0,0,,2.145000053133117e-06,0.0,9600,0.005169480573385954,0.23255813953488375,True,0.0,7
46,measurement,threshold,6,0,0,,2.1129999367985874e-06,0.0,12000,0.006378878373652697,0.48148148148148145,True,0.0,8
46,measurement,threshold,7,0,0,,2.6399998205306474e-06,0.0,14400,0.004142040852457285,0.1530054644808745,True,0.0,9
46,measurement,threshold,8,0,0,,2.055000095424475e-06,0.0,16800,0.005258710123598576,0.97196261682243,True,0.0,10
46,measurement,threshold,9,0,0,,2.0449999738048064e-06,0.0,19200,0.009773465804755688,0.00930232558139537,True,0.0,11
46,measurement,threshold,10,0,0,,1.630000042496249e-06,0.0,21600,0.015424705110490322,0.3023255813953489,True,0.0,12
46,measurement,threshold,11,0,0,,1.7180000213556923e-06,0.0,24000,0.015986217185854912,0.8883720930232558,True,0.0,13
46,measurement,threshold,12,0,0,,2.226000106020365e-06,0.0,26400,0.02251548506319523,0.7906976744186046,True,0.0,14
46,measurement,threshold,13,0,0,,2.0879999738099286e-06,0.0,28800,0.027773607522249222,0.6604651162790699,True,0.0,15
46,measurement,threshold,14,0,0,,2.046999952654005e-06,0.0,31200,0.03151287883520126,0.44651162790697674,True,0.0,16
46,measurement,threshold,15,0,0,,1.7160000425064936e-06,0.0,33600,0.03615369275212288,0.7395348837209301,True,0.0,17
46,measurement,threshold,16,0,0,,1.7239999579032883e-06,0.0,36000,0.03435157611966133,0.1395348837209303,True,0.0,18
46,measurement,threshold,17,0,0,,1.7749998733052053e-06,0.0,38400,0.03385687991976738,0.25116279069767444,True,0.0,19
46,measurement,threshold,18,0,0,,1.821000068957801e-06,0.0,40800,0.03264065459370613,0.46511627906976744,True,0.0,20
46,measurement,threshold,19,0,0,,1.6890001006686362e-06,0.0,43200,0.03280032053589821,1.1488372093023256,True,0.0,21
46,measurement,threshold,20,0,0,,2.0420000055310084e-06,0.0,45600,0.03433159738779068,0.3023255813953489,True,0.0,22
46,label,dqn,1,0,0,,1.9959998098784126e-06,0.0,0,0.022014273330569267,,True,0.0,3
46,label,dqn,2,0,0,,1.5900000107649248e-06,0.0,2400,0.006114537827670574,,True,0.0,4
46,label,dqn,3,0,0,,2.5299998469563434e-06,0.0,4800,0.0033354354090988636,0.7948717948717948,True,0.0,5
46,label,dqn,4,0,0,,1.5830000847927295e-06,0.0,7200,0.0036885773297399282,0.25531914893617025,True,0.0,6
46,label,dqn,5,0,0,,1.4340000689117005e-06,0.0,9600,0.005169480573385954,0.23255813953488375,True,0.0,7
46,label,dqn,6,0,0,,1.7329998627246823e-06,0.0,12000,0.006378878373652697,0.48148148148148145,True,0.0,8
46,label,dqn,7,0,0,,1.7180000213556923e-06,0.0,14400,0.004142040852457285,0.1530054644808745,True,0.0,9
46,label,dqn,8,0,0,,1.5870000424911268e-06,0.0,16800,0.00553625775501132,0.97196261682243,True,0.0,10
46,label,dqn,9,0,0,,2.220999931523693e-06,0.0,19200,0.0025549212004989386,0.00930232558139537,True,0.0,11
46,label,dqn,10,0,0,,1.6380001852667192e-06,0.0,21600,0.0059622288681566715,0.3348837209302325,True,0.0,12
46,label,dqn,11,0,0,,2.635000100781326e-06,0.0,24000,0.0064621432684361935,1.213953488372093,True,0.0,13
46,label,dqn,12,0,0,,2.978000111397705e-06,0.0,26400,0.004483100492507219,1.1488372093023256,True,0.0,14
46,label,dqn,13,0,0,,1.9579999843699625e-06,0.0,28800,0.001469572656787932,1.1813953488372093,True,0.0,15
46,label,dqn,14,0,0,,2.0449999738048064e-06,0.0,31200,0.0022720815613865852,0.413953488372093,True,0.0,16
46,label,dqn,15,0,0,,1.5599998732795939e-06,0.0,33600,0.005398521665483713,0.7395348837209301,True,0.0,17
46,label,dqn,16,0,0,,1.7269999261770863e-06,0.0,36000,0.004069207701832056,0.7581395348837209,True,0.0,18
46,label,dqn,17,0,0,,1.954000026671565e-06,0.0,38400,0.0038420394994318485,0.2697674418604652,True,0.0,19
46,label,dqn,18,0,0,,2.2939998416404705e-06,0.0,40800,0.003931988961994648,1.344186046511628,True,0.0,20
46,label,dqn,19,0,0,,1.7279999156016856e-06,0.0,43200,0.003913807682693005,2.0930232558139537,True,0.0,21
46,label,dqn,20,0,0,,2.0319998839113396e-06,0.0,45600,0.007306107319891453,0.4976744186046511,True,0.0,22
46,label,a1,1,0,0,,1.9189999420632375e-06,0.0,0,0.022014273330569267,,True,0.0,3
46,label,a1,2,0,0,,2.0909999420837266e-06,0.0,2400,0.006114537827670574,,True,0.0,4
46,label,a1,3,0,0,,1.6079998204077128e-06,0.0,4800,0.0033354354090988636,0.7948717948717948,True,0.0,5
46,label,a1,4,0,0,,2.4870000743248966e-06,0.0,7200,0.0036885773297399282,0.25531914893617025,True,0.0,6
46,label,a1,5,0,0,,1.7419999949197518e-06,0.0,9600,0.005169480573385954,0.23255813953488375,True,0.0,7
46,label,a1,6,0,0,,1.8789999103319133e-06,0.0,12000,0.006378878373652697,0.48148148148148145,True,0.0,8
46,label,a1,7,0,0,,1.7180000213556923e-06,0.0,14400,0.004142040852457285,0.1530054644808745,True,0.0,9
46,label,a1,8,0,0,,1.6919998415687587e-06,0.0,16800,0.00553625775501132,0.97196261682243,True,0.0,10
46,label,a1,9,0,0,,1.8380001165496651e-06,0.0,19200,0.0025549212004989386,0.00930232558139537,True,0.0,11
46,label,a1,10,0,0,,1.954000026671565e-06,0.0,21600,0.0059622288681566715,0.3348837209302325,True,0.0,12
46,label,a1,11,0,0,,2.188999815189163e-06,0.0,24000,0.0064621432684361935,1.213953488372093,True,0.0,13
46,label,a1,12,0,0,,1.6069998309831135e-06,0.0,26400,0.004483100492507219,1.1488372093023256,True,0.0,14
46,label,a1,13,0,0,,2.0229999790899456e-06,0.0,28800,0.001469572656787932,1.1813953488372093,True,0.0,15
46,label,a1,14,0,0,,2.032999873335939e-06,0.0,31200,0.0022720815613865852,0.413953488372093,True,0.0,16
46,label,a1,15,0,0,,1.5380001059384085e-06,0.0,33600,0.005398521665483713,0.7395348837209301,True,0.0,17
46,label,a1,16,0,0,,2.019999783442472e-06,0.0,36000,0.004069207701832056,0.7581395348837209,True,0.0,18
46,label,a1,17,0,0,,2.0200000108161476e-06,0.0,38400,0.0038420394994318485,0.2697674418604652,True,0.0,19
46,label,a1,18,0,0,,2.021000000240747e-06,0.0,40800,0.003931988961994648,1.344186046511628,True,0.0,20
46,label,a1,19,0,0,,2.2369999896909576e-06,0.0,43200,0.003913807682693005,2.0930232558139537,True,0.0,21
46,label,a1,20,0,0,,1.951000058397767e-06,0.0,45600,0.007306107319891453,0.4976744186046511,True,0.0,22
46,label,a4,1,3,0,insufficient_revealed_classes,1.9539997992978897e-06,0.0,0,0.022014273330569267,,True,0.0,3
46,label,a4,2,3,3,,0.2849445530000594,1.2502613067626953,2400,0.006114537827670574,,True,-0.27183810638902134,4
46,label,a4,3,3,3,,0.2840238109999973,2.378983497619629,4800,0.0033354354090988636,0.7948717948717948,True,-0.251189287468941,5
46,label,a4,4,3,3,,0.28537396299998363,3.507425308227539,7200,0.0036885773297399282,0.25531914893617025,True,-0.24982081099460754,6
46,label,a4,5,3,3,,0.29479926199996953,4.635802268981934,9600,0.005169480573385954,0.23255813953488375,True,-0.24870029959475803,7
46,label,a4,6,3,3,,0.3150786969999899,5.764326095581055,12000,0.006378878373652697,0.48148148148148145,True,-0.24975477574241645,8
46,label,a4,7,3,3,,0.32942169299985835,6.892261505126953,14400,0.004142040852457285,0.1530054644808745,True,-0.25289818271490533,9
46,label,a4,8,3,3,,0.337888127000042,8.020533561706543,16800,0.00553625775501132,0.97196261682243,True,-0.24937565297227465,10
46,label,a4,9,3,3,,0.36674438999989434,9.149017333984375,19200,0.0025549212004989386,0.00930232558139537,True,-0.2438655079047013,11
46,label,a4,10,3,3,,0.3596648309999182,10.28257942199707,21600,0.0059622288681566715,0.3348837209302325,True,-0.24894276249932196,12
46,label,a4,11,3,3,,0.37589362200014875,11.408361434936523,24000,0.0064621432684361935,1.213953488372093,True,-0.2500564506937795,13
46,label,a4,12,3,3,,0.3895224059999691,12.537500381469727,26400,0.004483100492507219,1.1488372093023256,True,-0.24683377342271673,14
46,label,a4,13,3,3,,0.4013455089998388,13.665451049804688,28800,0.001469572656787932,1.1813953488372093,True,-0.2499050521747205,15
46,label,a4,14,3,3,,0.4133908969999993,14.79371166229248,31200,0.0022720815613865852,0.413953488372093,True,-0.25790865427001314,16
46,label,a4,15,3,3,,0.41328589299996565,15.922019958496094,33600,0.005398521665483713,0.7395348837209301,True,-0.33271644325671035,17
46,label,a4,16,3,3,,0.4323714080001082,17.05093479156494,36000,0.004069207701832056,0.7581395348837209,True,-0.24054938621618985,18
46,label,a4,17,3,3,,0.41985493799984397,18.178309440612793,38400,0.0038420394994318485,0.2697674418604652,True,-0.25065846294554817,19
46,label,a4,18,3,3,,0.42902806600000076,19.306854248046875,40800,0.003931988961994648,1.344186046511628,True,-0.24761356022944614,20
46,label,a4,19,3,3,,0.43661352300000544,20.43459415435791,43200,0.003913807682693005,2.0930232558139537,True,-0.24844928609432276,21
46,label,a4,20,3,3,,0.4569972130000224,21.562838554382324,45600,0.007306107319891453,0.4976744186046511,True,-0.2506450123128077,22
46,label,random,1,2,0,insufficient_revealed_classes,2.00100021174876e-06,0.0,0,0.022014273330569267,,True,0.0,3
46,label,random,2,3,3,,0.27787080699999933,1.250772476196289,2400,0.006114537827670574,,True,-0.27183810638902134,4
46,label,random,3,0,0,,2.049999920927803e-06,0.0,4800,0.0033354354090988636,0.7948717948717948,True,0.0,5
46,label,random,4,0,0,,1.7380000372213544e-06,0.0,7200,0.0036885773297399282,0.25531914893617025,True,0.0,6
46,label,random,5,2,2,,0.22063738999986526,2.6466522216796875,9600,0.005169480573385954,0.23255813953488375,True,-0.14370851967839893,7
46,label,random,6,1,1,,0.14422998899999584,11.924782752990723,12000,0.006378878373652697,0.48148148148148145,True,-0.026350832757694377,8
46,label,random,7,0,0,,2.0170000425423495e-06,0.0,14400,0.004142040852457285,0.1530054644808745,True,0.0,9
46,label,random,8,2,2,,0.2489193849999083,4.627288818359375,16800,0.00553625775501132,0.97196261682243,True,-0.14308703872289044,10
46,label,random,9,0,0,,2.221999920948292e-06,0.0,19200,0.0025549212004989386,0.00930232558139537,True,0.0,11
46,label,random,10,3,3,,0.4043666279999343,10.277644157409668,21600,0.0059622288681566715,0.3348837209302325,True,-0.25279571681289453,12
46,label,random,11,3,3,,0.3675995910000438,11.406074523925781,24000,0.0064621432684361935,1.213953488372093,True,-0.2500564506937795,13
46,label,random,12,0,0,,2.1969999579596333e-06,0.0,26400,0.004483100492507219,1.1488372093023256,True,0.0,14
46,label,random,13,3,3,,0.38816944700010936,13.662887573242188,28800,0.001469572656787932,1.1813953488372093,True,-0.25008612070298425,15
46,label,random,14,2,2,,0.2700354700000389,8.571466445922852,31200,0.0022720815613865852,0.413953488372093,True,-0.1548381442732019,16
46,label,random,15,3,3,,0.4022710869999173,15.919397354125977,33600,0.005398521665483713,0.7395348837209301,True,-0.34795372795269663,17
46,label,random,16,3,3,,0.42869293300009303,17.048702239990234,36000,0.004069207701832056,0.7581395348837209,True,-0.24054938621618985,18
46,label,random,17,0,0,,1.601000121809193e-06,0.0,38400,0.0038420394994318485,0.2697674418604652,True,0.0,19
46,label,random,18,2,2,,0.2841703840001628,11.210487365722656,40800,0.003931988961994648,1.344186046511628,True,-0.14959584686275085,20
46,label,random,19,1,1,,0.14630047500008914,12.1265230178833,43200,0.003913807682693005,2.0930232558139537,True,-0.021308235626849647,21
46,label,random,20,2,2,,0.31495860699988043,12.534551620483398,45600,0.007306107319891453,0.4976744186046511,True,-0.14891690696655727,22
46,label,threshold,1,0,0,,1.8040000213659368e-06,0.0,0,0.022014273330569267,,True,0.0,3
46,label,threshold,2,0,0,,2.556000026743277e-06,0.0,2400,0.006114537827670574,,True,0.0,4
46,label,threshold,3,0,0,,1.9799999790848233e-06,0.0,4800,0.0033354354090988636,0.7948717948717948,True,0.0,5
46,label,threshold,4,0,0,,1.863000079538324e-06,0.0,7200,0.0036885773297399282,0.25531914893617025,True,0.0,6
46,label,threshold,5,0,0,,1.7859999843494734e-06,0.0,9600,0.005169480573385954,0.23255813953488375,True,0.0,7
46,label,threshold,6,0,0,,2.058000063698273e-06,0.0,12000,0.006378878373652697,0.48148148148148145,True,0.0,8
46,label,threshold,7,0,0,,1.9609999526437605e-06,0.0,14400,0.004142040852457285,0.1530054644808745,True,0.0,9
46,label,threshold,8,0,0,,1.8709999949351186e-06,0.0,16800,0.00553625775501132,0.97196261682243,True,0.0,10
46,label,threshold,9,0,0,,1.8139999156119302e-06,0.0,19200,0.0025549212004989386,0.00930232558139537,True,0.0,11
46,label,threshold,10,0,0,,1.6590001905569807e-06,0.0,21600,0.0059622288681566715,0.3348837209302325,True,0.0,12
46,label,threshold,11,0,0,,2.330999905097997e-06,0.0,24000,0.0064621432684361935,1.213953488372093,True,0.0,13
46,label,threshold,12,0,0,,2.0289999156375416e-06,0.0,26400,0.004483100492507219,1.1488372093023256,True,0.0,14
46,label,threshold,13,0,0,,1.7150000530818943e-06,0.0,28800,0.001469572656787932,1.1813953488372093,True,0.0,15
46,label,threshold,14,0,0,,1.9720000636880286e-06,0.0,31200,0.0022720815613865852,0.413953488372093,True,0.0,16
46,label,threshold,15,0,0,,2.272000074299285e-06,0.0,33600,0.005398521665483713,0.7395348837209301,True,0.0,17
46,label,threshold,16,0,0,,2.0609998045983957e-06,0.0,36000,0.004069207701832056,0.7581395348837209,True,0.0,18
46,label,threshold,17,0,0,,2.0840000161115313e-06,0.0,38400,0.0038420394994318485,0.2697674418604652,True,0.0,19
46,label,threshold,18,0,0,,1.7439999737689504e-06,0.0,40800,0.003931988961994648,1.344186046511628,True,0.0,20
46,label,threshold,19,0,0,,1.4839999948890181e-06,0.0,43200,0.003913807682693005,2.0930232558139537,True,0.0,21
46,label,threshold,20,0,0,,2.3210000108520035e-06,0.0,45600,0.007306107319891453,0.4976744186046511,True,0.0,22
46,combined,dqn,1,0,0,,2.139000116585521e-06,0.0,0,0.022014273330569267,,True,0.0,3
46,combined,dqn,2,0,0,,1.731999873300083e-06,0.0,2400,0.006114537827670574,,True,0.0,4
46,combined,dqn,3,0,0,,1.4400000054592965e-06,0.0,4800,0.0033354354090988636,0.7948717948717948,True,0.0,5
46,combined,dqn,4,0,0,,2.0999998469051206e-06,0.0,7200,0.0036885773297399282,0.25531914893617025,True,0.0,6
46,combined,dqn,5,0,0,,1.731999873300083e-06,0.0,9600,0.005169480573385954,0.23255813953488375,True,0.0,7
46,combined,dqn,6,0,0,,1.722999968478689e-06,0.0,12000,0.006378878373652697,0.48148148148148145,True,0.0,8
46,combined,dqn,7,0,0,,1.5870000424911268e-06,0.0,14400,0.004142040852457285,0.1530054644808745,True,0.0,9
46,combined,dqn,8,0,0,,1.773999883880606e-06,0.0,16800,0.005258710123598576,0.97196261682243,True,0.0,10
46,combined,dqn,9,0,0,,2.1170001218706602e-06,0.0,19200,0.009773465804755688,0.00930232558139537,True,0.0,11
46,combined,dqn,10,0,0,,1.8190000901086023e-06,0.0,21600,0.015424705110490322,0.3348837209302325,True,0.0,12
46,combined,dqn,11,0,0,,1.5800001165189315e-06,0.0,24000,0.015986217185854912,1.213953488372093,True,0.0,13
46,combined,dqn,12,0,0,,1.7380000372213544e-06,0.0,26400,0.02251548506319523,1.1488372093023256,True,0.0,14
46,combined,dqn,13,0,0,,1.6439998944406398e-06,0.0,28800,0.027773607522249222,1.1813953488372093,True,0.0,15
46,combined,dqn,14,0,0,,1.7989998468692647e-06,0.0,31200,0.03151287883520126,0.413953488372093,True,0.0,16
46,combined,dqn,15,0,0,,1.8929999896499794e-06,0.0,33600,0.03615369275212288,0.7395348837209301,True,0.0,17
46,combined,dqn,16,0,0,,1.8759999420581153e-06,0.0,36000,0.03435157611966133,0.7581395348837209,True,0.0,18
46,combined,dqn,17,0,0,,1.8670000372367213e-06,0.0,38400,0.03385687991976738,0.2697674418604652,True,0.0,19
46,combined,dqn,18,0,0,,1.956000005520764e-06,0.0,40800,0.03264065459370613,1.344186046511628,True,0.0,20
46,combined,dqn,19,0,0,,2.1969999579596333e-06,0.0,43200,0.03280032053589821,2.0930232558139537,True,0.0,21
46,combined,dqn,20,0,0,,1.6589999631833052e-06,0.0,45600,0.03433159738779068,0.4976744186046511,True,0.0,22
46,combined,a1,1,0,0,,1.7520001165394206e-06,0.0,0,0.022014273330569267,,True,0.0,3
46,combined,a1,2,0,0,,2.1319999632396502e-06,0.0,2400,0.006114537827670574,,True,0.0,4
46,combined,a1,3,0,0,,1.8459998045727843e-06,0.0,4800,0.0033354354090988636,0.7948717948717948,True,0.0,5
46,combined,a1,4,0,0,,1.7869999737740727e-06,0.0,7200,0.0036885773297399282,0.25531914893617025,True,0.0,6
46,combined,a1,5,0,0,,2.193000000261236e-06,0.0,9600,0.005169480573385954,0.23255813953488375,True,0.0,7
46,combined,a1,6,0,0,,1.7130000742326956e-06,0.0,12000,0.006378878373652697,0.48148148148148145,True,0.0,8
46,combined,a1,7,0,0,,1.9240001165599097e-06,0.0,14400,0.004142040852457285,0.1530054644808745,True,0.0,9
46,combined,a1,8,0,0,,2.2819999685452785e-06,0.0,16800,0.005258710123598576,0.97196261682243,True,0.0,10
46,combined,a1,9,0,0,,1.871999984359718e-06,0.0,19200,0.009773465804755688,0.00930232558139537,True,0.0,11
46,combined,a1,10,0,0,,1.9130000055156415e-06,0.0,21600,0.015424705110490322,0.3348837209302325,True,0.0,12
46,combined,a1,11,0,0,,2.0069999209226808e-06,0.0,24000,0.015986217185854912,1.213953488372093,True,0.0,13
46,combined,a1,12,0,0,,2.120999852195382e-06,0.0,26400,0.02251548506319523,1.1488372093023256,True,0.0,14
46,combined,a1,13,0,0,,2.2450001324614277e-06,0.0,28800,0.027773607522249222,1.1813953488372093,True,0.0,15
46,combined,a1,14,0,0,,1.8079999790643342e-06,0.0,31200,0.03151287883520126,0.413953488372093,True,0.0,16
46,combined,a1,15,0,0,,1.672000053076772e-06,0.0,33600,0.03615369275212288,0.7395348837209301,True,0.0,17
46,combined,a1,16,0,0,,2.3809998310753144e-06,0.0,36000,0.03435157611966133,0.7581395348837209,True,0.0,18
46,combined,a1,17,0,0,,1.725999936752487e-06,0.0,38400,0.03385687991976738,0.2697674418604652,True,0.0,19
46,combined,a1,18,0,0,,2.3520001377619337e-06,0.0,40800,0.03264065459370613,1.344186046511628,True,0.0,20
46,combined,a1,19,0,0,,1.9130000055156415e-06,0.0,43200,0.03280032053589821,2.0930232558139537,True,0.0,21
46,combined,a1,20,0,0,,2.7150001642439747e-06,0.0,45600,0.03433159738779068,0.4976744186046511,True,0.0,22
46,combined,a4,1,3,0,insufficient_revealed_classes,1.5989999155863188e-06,0.0,0,0.022014273330569267,,True,0.0,3
46,combined,a4,2,3,3,,0.29264306899995063,1.2532358169555664,2400,0.006114537827670574,,True,-0.27183810638902134,4
46,combined,a4,3,3,3,,0.2845843570000852,2.381328582763672,4800,0.0033354354090988636,0.7948717948717948,True,-0.251189287468941,5
46,combined,a4,4,3,3,,0.2925081380001302,3.510727882385254,7200,0.0036885773297399282,0.25531914893617025,True,-0.24982081099460754,6
46,combined,a4,5,3,3,,0.317058827999972,4.637784957885742,9600,0.005169480573385954,0.23255813953488375,True,-0.24870029959475803,7
46,combined,a4,6,3,3,,0.313510284999893,5.766139984130859,12000,0.006378878373652697,0.48148148148148145,True,-0.24975477574241645,8
46,combined,a4,7,3,3,,0.326985078000007,6.894309043884277,14400,0.004142040852457285,0.1530054644808745,True,-0.2514577486373955,9
46,combined,a4,8,3,3,,0.33790330300007554,8.022774696350098,16800,0.005258710123598576,0.97196261682243,True,-0.24788907751671935,10
46,combined,a4,9,3,3,,0.34972091600002386,9.151684761047363,19200,0.009773465804755688,0.00930232558139537,True,-0.2620707314742772,11
46,combined,a4,10,3,3,,0.363961252000081,10.280268669128418,21600,0.015424705110490322,0.3348837209302325,True,-0.24786327464842803,12
46,combined,a4,11,3,3,,0.37119382600008066,11.407931327819824,24000,0.015986217185854912,1.213953488372093,True,-0.25334672250866436,13
46,combined,a4,12,3,3,,0.3679706929999611,12.536601066589355,26400,0.02251548506319523,1.1488372093023256,True,-0.255050849784758,14
46,combined,a4,13,3,3,,0.37340381600006367,13.665247917175293,28800,0.027773607522249222,1.1813953488372093,True,-0.2497115737030316,15
46,combined,a4,14,3,3,,0.39458760699994855,14.793366432189941,31200,0.03151287883520126,0.413953488372093,True,-0.23016490611669255,16
46,combined,a4,15,3,3,,0.4167393860000175,15.92151927947998,33600,0.03615369275212288,0.7395348837209301,True,-0.34200119007970997,17
46,combined,a4,16,3,3,,0.42168151300006684,17.050662994384766,36000,0.03435157611966133,0.7581395348837209,True,-0.25236204765546444,18
46,combined,a4,17,3,3,,0.4376889459999802,18.17799472808838,38400,0.03385687991976738,0.2697674418604652,True,-0.2500094615096774,19
46,combined,a4,18,3,3,,0.4384151650001513,19.306406021118164,40800,0.03264065459370613,1.344186046511628,True,-0.2471479931618213,20
46,combined,a4,19,3,3,,0.4509408359999725,20.435132026672363,43200,0.03280032053589821,2.0930232558139537,True,-0.2510342417719268,21
46,combined,a4,20,3,3,,0.48008474700009174,21.56309700012207,45600,0.03433159738779068,0.4976744186046511,True,-0.25095154452633084,22
46,combined,random,1,2,0,insufficient_revealed_classes,1.3059998309472576e-06,0.0,0,0.022014273330569267,,True,0.0,3
46,combined,random,2,3,3,,0.2936414660000537,1.2528018951416016,2400,0.006114537827670574,,True,-0.27183810638902134,4
46,combined,random,3,0,0,,1.874999952633516e-06,0.0,4800,0.0033354354090988636,0.7948717948717948,True,0.0,5
46,combined,random,4,0,0,,1.630000042496249e-06,0.0,7200,0.0036885773297399282,0.25531914893617025,True,0.0,6
46,combined,random,5,2,2,,0.20938204999993104,2.649728775024414,9600,0.005169480573385954,0.23255813953488375,True,-0.14370851967839893,7
46,combined,random,6,1,1,,0.13274874900002942,11.924885749816895,12000,0.006378878373652697,0.48148148148148145,True,-0.026350832757694377,8
46,combined,random,7,0,0,,1.7330000900983578e-06,0.0,14400,0.004142040852457285,0.1530054644808745,True,0.0,9
46,combined,random,8,2,2,,0.24419103100012762,4.629524230957031,16800,0.005258710123598576,0.97196261682243,True,-0.16022178725115227,10
46,combined,random,9,0,0,,1.7840000055002747e-06,0.0,19200,0.009773465804755688,0.00930232558139537,True,0.0,11
46,combined,random,10,3,3,,0.3675703210001302,10.279915809631348,21600,0.015424705110490322,0.3348837209302325,True,-0.24997659058132513,12
46,combined,random,11,3,3,,0.3803328490000695,11.408068656921387,24000,0.015986217185854912,1.213953488372093,True,-0.25334672250866436,13
46,combined,random,12,0,0,,1.5870000424911268e-06,0.0,26400,0.02251548506319523,1.1488372093023256,True,0.0,14
46,combined,random,13,3,3,,0.40339568099989265,13.664580345153809,28800,0.027773607522249222,1.1813953488372093,True,-0.25008774615240387,15
46,combined,random,14,2,2,,0.28356348300007994,8.57453727722168,31200,0.03151287883520126,0.413953488372093,True,-0.12863850390821963,16
46,combined,random,15,3,3,,0.42826174900005753,15.921626091003418,33600,0.03615369275212288,0.7395348837209301,True,-0.33902788315982124,17
46,combined,random,16,3,3,,0.4406111199998577,17.05110454559326,36000,0.03435157611966133,0.7581395348837209,True,-0.25236204765546444,18
46,combined,random,17,0,0,,2.266999899802613e-06,0.0,38400,0.03385687991976738,0.2697674418604652,True,0.0,19
46,combined,random,18,2,2,,0.3067131889999928,11.213350296020508,40800,0.03264065459370613,1.344186046511628,True,-0.14551956673778788,20
46,combined,random,19,1,1,,0.15606457499984572,12.12658405303955,43200,0.03280032053589821,2.0930232558139537,True,-0.013410024617318082,21
46,combined,random,20,2,2,,0.3319425099998625,12.536825180053711,45600,0.03433159738779068,0.4976744186046511,True,-0.15439369358980554,22
46,combined,threshold,1,0,0,,2.061000031972071e-06,0.0,0,0.022014273330569267,,True,0.0,3
46,combined,threshold,2,0,0,,2.282999957969878e-06,0.0,2400,0.006114537827670574,,True,0.0,4
46,combined,threshold,3,0,0,,1.945999883901095e-06,0.0,4800,0.0033354354090988636,0.7948717948717948,True,0.0,5
46,combined,threshold,4,0,0,,1.9799999790848233e-06,0.0,7200,0.0036885773297399282,0.25531914893617025,True,0.0,6
46,combined,threshold,5,0,0,,2.8470001325331395e-06,0.0,9600,0.005169480573385954,0.23255813953488375,True,0.0,7
46,combined,threshold,6,0,0,,2.331999894522596e-06,0.0,12000,0.006378878373652697,0.48148148148148145,True,0.0,8
46,combined,threshold,7,0,0,,1.5929999790387228e-06,0.0,14400,0.004142040852457285,0.1530054644808745,True,0.0,9
46,combined,threshold,8,0,0,,1.8089999684889335e-06,0.0,16800,0.005258710123598576,0.97196261682243,True,0.0,10
46,combined,threshold,9,0,0,,1.968999868040555e-06,0.0,19200,0.009773465804755688,0.00930232558139537,True,0.0,11
46,combined,threshold,10,0,0,,1.7329998627246823e-06,0.0,21600,0.015424705110490322,0.3348837209302325,True,0.0,12
46,combined,threshold,11,0,0,,1.7710001429804834e-06,0.0,24000,0.015986217185854912,1.213953488372093,True,0.0,13
46,combined,threshold,12,0,0,,2.018000031966949e-06,0.0,26400,0.02251548506319523,1.1488372093023256,True,0.0,14
46,combined,threshold,13,0,0,,1.4529998679790879e-06,0.0,28800,0.027773607522249222,1.1813953488372093,True,0.0,15
46,combined,threshold,14,0,0,,1.5440000424860045e-06,0.0,31200,0.03151287883520126,0.413953488372093,True,0.0,16
46,combined,threshold,15,0,0,,2.567999899838469e-06,0.0,33600,0.03615369275212288,0.7395348837209301,True,0.0,17
46,combined,threshold,16,0,0,,2.176999942093971e-06,0.0,36000,0.03435157611966133,0.7581395348837209,True,0.0,18
46,combined,threshold,17,0,0,,2.195999968535034e-06,0.0,38400,0.03385687991976738,0.2697674418604652,True,0.0,19
46,combined,threshold,18,0,0,,1.9550000160961645e-06,0.0,40800,0.03264065459370613,1.344186046511628,True,0.0,20
46,combined,threshold,19,0,0,,1.5180000900727464e-06,0.0,43200,0.03280032053589821,2.0930232558139537,True,0.0,21
46,combined,threshold,20,0,0,,2.1230000584182562e-06,0.0,45600,0.03433159738779068,0.4976744186046511,True,0.0,22
