day,scenario,requested,executed,fallback_reason,time_s,cost,auc_before,auc_next,reward,reward_valid,drift_active,next_drift_active,cov_level,concept_level,next_cov_level,next_concept_level,ks,psi,saturation,saturation_next,q_A1,q_A2,q_A3,q_A4,policy
1,stable,0,0,,3.300001480965875e-07,5.924365138065485e-07,0.9350410005187699,0.9296125018095444,0.9296119093730305,True,False,False,0.0,0.0,0.0,0.0,0.059896247240618095,0.029401420158371123,0.024166666666666666,0.025833333333333333,1.7376269102096558,1.731085181236267,1.6520226001739502,1.6685761213302612,dqn
2,stable,0,0,,4.3500017454789486e-07,7.809390038181619e-07,0.9296125018095444,0.9320426523173404,0.9320418713783366,True,False,False,0.0,0.0,0.0,0.0,0.044462886821034386,0.015944007450155125,0.025833333333333333,0.025327380952380952,1.6148121356964111,1.58070707321167,1.5620830059051514,1.524579405784607,dqn
3,stable,0,0,,3.890002062689746e-07,6.983570383264404e-07,0.9320426523173404,0.9454650550191217,0.9454643566620834,True,False,False,0.0,0.0,0.0,0.0,0.05718308649924886,0.018531089920196617,0.025327380952380952,0.026339285714285714,1.5023167133331299,1.458126187324524,1.4217565059661865,1.4546395540237427,dqn
4,stable,0,0,,4.360001639724942e-07,7.827342461899309e-07,0.9454650550191217,0.9495717212192156,0.9495709384849694,True,False,False,0.0,0.0,0.0,0.0,0.054916058394160555,0.020283683945252352,0.026339285714285714,0.025773809523809525,1.5023167133331299,1.458126187324524,1.4217565059661865,1.4546395540237427,dqn
5,stable,0,0,,4.4400007936928887e-07,7.970961851640831e-07,0.9495717212192156,0.9366790523919039,0.9366782552957187,True,False,False,0.0,0.0,0.0,0.0,0.057726688102893914,0.015742810433782756,0.025773809523809525,0.026904761904761904,1.5023167133331299,1.458126187324524,1.4217565059661865,1.4546395540237427,dqn
6,stable,0,0,,3.980001110903686e-07,7.145142196723616e-07,0.9366790523919039,0.9373602593325538,0.9373595448183342,True,False,False,0.0,0.0,0.0,0.0,0.07268103645952761,0.024433491917330057,0.026904761904761904,0.023779761904761904,1.5023167133331299,1.458126187324524,1.4217565059661865,1.4546395540237427,dqn
7,stable,0,0,,4.1699991015775595e-07,7.48623824735973e-07,0.9373602593325538,0.9386054396677156,0.9386046910438909,True,False,False,0.0,0.0,0.0,0.0,0.06865198711063372,0.02019837249509853,0.023779761904761904,0.02324404761904762,1.5023167133331299,1.458126187324524,1.4217565059661865,1.4546395540237427,dqn
8,stable,0,0,,5.110000529384706e-07,9.173786486581271e-07,0.9386054396677156,0.9453031925861437,0.945302275207495,True,False,False,0.0,0.0,0.0,0.0,0.05974543893539386,0.0314940971798637,0.02324404761904762,0.028511904761904763,1.5023167133331299,1.458126187324524,1.4217565059661865,1.4546395540237427,dqn
9,stable,0,0,,4.539999736152822e-07,8.150486088817733e-07,0.9453031925861437,0.9352176844033827,0.9352168693547739,True,False,False,0.0,0.0,0.0,0.0,0.07348128342245988,0.023105300472721798,0.028511904761904763,0.02705357142857143,1.5023167133331299,1.458126187324524,1.4217565059661865,1.4546395540237427,dqn
10,stable,0,0,,4.5600017983815633e-07,8.186395018204844e-07,0.9352176844033827,0.9435489205858592,0.9435481019463573,True,False,False,0.0,0.0,0.0,0.0,0.07998157274480394,0.026947773341137522,0.02705357142857143,0.02869047619047619,1.5023167133331299,1.458126187324524,1.4217565059661865,1.4546395540237427,dqn
11,stable,0,0,,4.529999841906829e-07,8.132533665100042e-07,0.9435489205858592,0.9484853005729434,0.9484844873195769,True,False,False,0.0,0.0,0.0,0.0,0.06963110307414111,0.027939572352067885,0.02869047619047619,0.02556547619047619,1.5023167133331299,1.458126187324524,1.4217565059661865,1.4546395540237427,dqn
12,stable,0,0,,3.929999365936965e-07,7.055375996183433e-07,0.9484853005729434,0.9402644171260983,0.9402637115884988,True,False,False,0.0,0.0,0.0,0.0,0.05888975356679638,0.015843721427232987,0.02556547619047619,0.02782738095238095,1.5023167133331299,1.458126187324524,1.4217565059661865,1.4546395540237427,dqn
13,stable,0,0,,3.6999995245423634e-07,6.642466168724826e-07,0.9402644171260983,0.942129748727332,0.9421290844807152,True,False,False,0.0,0.0,0.0,0.0,0.05820570440795164,0.02466577668595249,0.02782738095238095,0.025476190476190475,1.5023167133331299,1.458126187324524,1.4217565059661865,1.4546395540237427,dqn
14,stable,0,0,,3.990001005149679e-07,7.163094620441307e-07,0.942129748727332,0.9349485714123887,0.9349478551029267,True,False,False,0.0,0.0,0.0,0.0,0.06445064377682408,0.023233859379868698,0.025476190476190475,0.02592261904761905,1.5023167133331299,1.458126187324524,1.4217565059661865,1.4546395540237427,dqn
15,stable,0,0,,3.960001322411699e-07,7.109237349288236e-07,0.9349485714123887,0.9468479154638815,0.9468472045401466,True,False,False,0.0,0.0,0.0,0.0,0.042150684931506865,0.017630627663051835,0.02592261904761905,0.030833333333333334,1.5023167133331299,1.458126187324524,1.4217565059661865,1.4546395540237427,dqn
1,stable,0,0,,4.6899981498427223e-07,8.419772444583087e-07,0.9350410005187699,0.9296125018095444,0.9296116598322999,True,False,False,0.0,0.0,0.0,0.0,0.059896247240618095,0.029401420158371123,0.024166666666666666,0.025833333333333333,,,,,A1
2,stable,0,0,,5.260001216811361e-07,9.443076924298357e-07,0.9296125018095444,0.9320426523173404,0.9320417080096479,True,False,False,0.0,0.0,0.0,0.0,0.044462886821034386,0.015944007450155125,0.025833333333333333,0.025327380952380952,,,,,A1
3,stable,0,0,,5.250001322565367e-07,9.425124500580666e-07,0.9320426523173404,0.9454650550191217,0.9454641125066716,True,False,False,0.0,0.0,0.0,0.0,0.05718308649924886,0.018531089920196617,0.025327380952380952,0.026339285714285714,,,,,A1
4,stable,0,0,,3.5300013223604765e-07,6.337274965524092e-07,0.9454650550191217,0.9495717212192156,0.949571087491719,True,False,False,0.0,0.0,0.0,0.0,0.054916058394160555,0.020283683945252352,0.026339285714285714,0.025773809523809525,,,,,A1
5,stable,0,0,,4.3000000005122274e-07,7.719623837641435e-07,0.9495717212192156,0.9366790523919039,0.9366782804295201,True,False,False,0.0,0.0,0.0,0.0,0.057726688102893914,0.015742810433782756,0.025773809523809525,0.026904761904761904,,,,,A1
6,stable,0,0,,4.679998255596729e-07,8.401820020865395e-07,0.9366790523919039,0.9373602593325538,0.9373594191505518,True,False,False,0.0,0.0,0.0,0.0,0.07268103645952761,0.024433491917330057,0.026904761904761904,0.023779761904761904,,,,,A1
7,stable,0,0,,4.660000740841497e-07,8.365919255381747e-07,0.9373602593325538,0.9386054396677156,0.9386046030757901,True,False,False,0.0,0.0,0.0,0.0,0.06865198711063372,0.02019837249509853,0.023779761904761904,0.02324404761904762,,,,,A1
8,stable,0,0,,4.179998995823553e-07,7.504190671077421e-07,0.9386054396677156,0.9453031925861437,0.9453024421670766,True,False,False,0.0,0.0,0.0,0.0,0.05974543893539386,0.0314940971798637,0.02324404761904762,0.028511904761904763,,,,,A1
9,stable,0,0,,4.5099977796780877e-07,8.09662473571293e-07,0.9453031925861437,0.9352176844033827,0.9352168747409091,True,False,False,0.0,0.0,0.0,0.0,0.07348128342245988,0.023105300472721798,0.028511904761904763,0.02705357142857143,,,,,A1
10,stable,0,0,,3.580000793590443e-07,6.427037084112543e-07,0.9352176844033827,0.9435489205858592,0.9435482778821508,True,False,False,0.0,0.0,0.0,0.0,0.07998157274480394,0.026947773341137522,0.02705357142857143,0.02869047619047619,,,,,A1
11,stable,0,0,,4.070000159117626e-07,7.306714010182827e-07,0.9435489205858592,0.9484853005729434,0.9484845699015424,True,False,False,0.0,0.0,0.0,0.0,0.06963110307414111,0.027939572352067885,0.02869047619047619,0.02556547619047619,,,,,A1
12,stable,0,0,,4.829998943023384e-07,8.671110458582481e-07,0.9484853005729434,0.9402644171260983,0.9402635500150525,True,False,False,0.0,0.0,0.0,0.0,0.05888975356679638,0.015843721427232987,0.02556547619047619,0.02782738095238095,,,,,A1
13,stable,0,0,,4.4400007936928887e-07,7.970961851640831e-07,0.9402644171260983,0.942129748727332,0.9421289516311468,True,False,False,0.0,0.0,0.0,0.0,0.05820570440795164,0.02466577668595249,0.02782738095238095,0.025476190476190475,,,,,A1
14,stable,0,0,,4.0800000533636194e-07,7.324666433900519e-07,0.942129748727332,0.9349485714123887,0.9349478389457454,True,False,False,0.0,0.0,0.0,0.0,0.06445064377682408,0.023233859379868698,0.025476190476190475,0.02592261904761905,,,,,A1
15,stable,0,0,,3.1599984140484594e-07,5.673023042114358e-07,0.9349485714123887,0.9468479154638815,0.9468473481615772,True,False,False,0.0,0.0,0.0,0.0,0.042150684931506865,0.017630627663051835,0.02592261904761905,0.030833333333333334,,,,,A1
1,stable,1,1,,0.005180045999850336,0.00929953641296752,0.9350410005187699,0.928995636207022,0.9196960997940544,True,False,False,0.0,0.0,0.0,0.0,0.059896247240618095,0.029401420158371123,0.024166666666666666,0.017470238095238094,,,,,A2
2,stable,1,1,,0.004943118000028335,0.008874188730406416,0.928995636207022,0.9249680821223852,0.9160938933919788,True,False,False,0.0,0.0,0.0,0.0,0.10198456260720412,0.04333751357544122,0.017470238095238094,0.022410714285714287,,,,,A2
3,stable,1,1,,0.005028010999922117,0.009026593852627546,0.9249680821223852,0.9407804133774993,0.9317538195248718,True,False,False,0.0,0.0,0.0,0.0,0.07325760822974711,0.04087731311522473,0.022410714285714287,0.014553571428571428,,,,,A2
4,stable,1,1,,0.005092191999892748,0.009141815521752647,0.9407804133774993,0.9409685094097519,0.9318266938879992,True,False,False,0.0,0.0,0.0,0.0,0.0743542292829541,0.04338131992338812,0.014553571428571428,0.015416666666666667,,,,,A2
5,stable,1,1,,0.005076151000139362,0.009113017734761695,0.9409685094097519,0.9323537025595259,0.9232406848247642,True,False,False,0.0,0.0,0.0,0.0,0.1081186076493339,0.042449032621509675,0.015416666666666667,0.018571428571428572,,,,,A2
6,stable,1,1,,0.0055482930001744535,0.009960636022619469,0.9323537025595259,0.9328686015011622,0.9229079654785428,True,False,False,0.0,0.0,0.0,0.0,0.05356416881998283,0.03547167631585826,0.018571428571428572,0.017886904761904764,,,,,A2
7,stable,1,1,,0.005156283999895095,0.009256877412673878,0.9328686015011622,0.9346847843727408,0.9254279069600669,True,False,False,0.0,0.0,0.0,0.0,0.07738112522686025,0.06931428160100964,0.017886904761904764,0.01657738095238095,,,,,A2
8,stable,1,1,,0.004959912999993321,0.008904340144840706,0.9346847843727408,0.9412100783541055,0.9323057382092648,True,False,False,0.0,0.0,0.0,0.0,0.0838951890034364,0.035338884881950555,0.01657738095238095,0.02205357142857143,,,,,A2
9,stable,1,1,,0.004636761000028855,0.008324197846745351,0.9412100783541055,0.9345187883504402,0.9261945905036949,True,False,False,0.0,0.0,0.0,0.0,0.06505003411416865,0.07157862264045889,0.02205357142857143,0.024791666666666667,,,,,A2
10,stable,1,1,,0.004582368000001225,0.00822654819568393,0.9345187883504402,0.9430242737987664,0.9347977256030825,True,False,False,0.0,0.0,0.0,0.0,0.05603448275862069,0.05776518128008616,0.024791666666666667,0.02214285714285714,,,,,A2
11,stable,1,1,,0.004696537999961947,0.008431513184785168,0.9430242737987664,0.9455018777739842,0.937070364589199,True,False,False,0.0,0.0,0.0,0.0,0.0961338155515371,0.07312241359947172,0.02214285714285714,0.012857142857142857,,,,,A2
12,stable,1,1,,0.0046920320000936044,0.008423423737345186,0.9455018777739842,0.9384459851059679,0.9300225613686227,True,False,False,0.0,0.0,0.0,0.0,0.0656263855683547,0.0327831488898534,0.012857142857142857,0.01744047619047619,,,,,A2
13,stable,1,1,,0.0046583660000578675,0.00836298446842357,0.9384459851059679,0.937476041232631,0.9291130567642074,True,False,False,0.0,0.0,0.0,0.0,0.08257821953327571,0.04216258966952483,0.01744047619047619,0.02107142857142857,,,,,A2
14,stable,1,1,,0.004957711999850289,0.00890038877433634,0.937476041232631,0.9213444922418162,0.91244410346748,True,False,False,0.0,0.0,0.0,0.0,0.0782778500216732,0.03741268552333986,0.02107142857142857,0.01550595238095238,,,,,A2
15,stable,1,1,,0.004520983000020351,0.008116346077295668,0.9213444922418162,0.9407911265067618,0.932674780429466,True,False,False,0.0,0.0,0.0,0.0,0.10431335616438353,0.05293869928767939,0.01550595238095238,0.020654761904761905,,,,,A2
1,stable,2,2,,0.023709249999910753,0.04256430033723457,0.9350410005187699,0.9188207747947201,0.8762564744574856,True,False,False,0.0,0.0,0.0,0.0,0.059896247240618095,0.029401420158371123,0.024166666666666666,0.025833333333333333,,,,,A3
2,stable,2,2,,0.02283854400002383,0.041001155502001126,0.9188207747947201,0.9241506170554159,0.8831494615534148,True,False,False,0.0,0.0,0.0,0.0,0.044462886821034386,0.015944007450155125,0.025833333333333333,0.025327380952380952,,,,,A3
3,stable,2,2,,0.02405235600008382,0.043180265280829515,0.9241506170554159,0.9308341705112864,0.8876539052304568,True,False,False,0.0,0.0,0.0,0.0,0.05718308649924886,0.018531089920196617,0.025327380952380952,0.026339285714285714,,,,,A3
4,stable,2,2,,0.025240238999913345,0.04531282572750875,0.9308341705112864,0.940146492728828,0.8948336670013193,True,False,False,0.0,0.0,0.0,0.0,0.054916058394160555,0.020283683945252352,0.026339285714285714,0.025773809523809525,,,,,A3
5,stable,2,2,,0.023567636999814567,0.04231006799045964,0.940146492728828,0.9282604062975548,0.8859503383070951,True,False,False,0.0,0.0,0.0,0.0,0.057726688102893914,0.015742810433782756,0.025773809523809525,0.026904761904761904,,,,,A3
6,stable,2,2,,0.02329159900000377,0.041814507636231624,0.9282604062975548,0.9319172220008869,0.8901027143646553,True,False,False,0.0,0.0,0.0,0.0,0.07268103645952761,0.024433491917330057,0.026904761904761904,0.023779761904761904,,,,,A3
7,stable,2,2,,0.022426862000202163,0.04026207871619352,0.9319172220008869,0.9352464838456075,0.894984405129414,True,False,False,0.0,0.0,0.0,0.0,0.06865198711063372,0.02019837249509853,0.023779761904761904,0.02324404761904762,,,,,A3
8,stable,2,2,,0.022738010000011855,0.04082067069667706,0.9352464838456075,0.9368563565340909,0.8960356858374139,True,False,False,0.0,0.0,0.0,0.0,0.05974543893539386,0.0314940971798637,0.02324404761904762,0.028511904761904763,,,,,A3
9,stable,2,2,,0.022708854000029532,0.040768328056573114,0.9368563565340909,0.9315789020260447,0.8908105739694715,True,False,False,0.0,0.0,0.0,0.0,0.07348128342245988,0.023105300472721798,0.028511904761904763,0.02705357142857143,,,,,A3
10,stable,2,2,,0.022102373000052467,0.039679536153330815,0.9315789020260447,0.9348164193683688,0.8951368832150379,True,False,False,0.0,0.0,0.0,0.0,0.07998157274480394,0.026947773341137522,0.02705357142857143,0.02869047619047619,,,,,A3
11,stable,2,2,,0.023188818000107858,0.041629988878845905,0.9348164193683688,0.941242099434516,0.89961211055567,True,False,False,0.0,0.0,0.0,0.0,0.06963110307414111,0.027939572352067885,0.02869047619047619,0.02556547619047619,,,,,A3
12,stable,2,2,,0.0248498749999726,0.044612020323103935,0.941242099434516,0.9302985359346923,0.8856865156115883,True,False,False,0.0,0.0,0.0,0.0,0.05888975356679638,0.015843721427232987,0.02556547619047619,0.02782738095238095,,,,,A3
13,stable,2,2,,0.02689863199998399,0.048290074595880375,0.9302985359346923,0.937930397289806,0.8896403226939256,True,False,False,0.0,0.0,0.0,0.0,0.05820570440795164,0.02466577668595249,0.02782738095238095,0.025476190476190475,,,,,A3
14,stable,2,2,,0.02447473799998079,0.04393855136329624,0.937930397289806,0.9219685877811793,0.878030036417883,True,False,False,0.0,0.0,0.0,0.0,0.06445064377682408,0.023233859379868698,0.025476190476190475,0.02592261904761905,,,,,A3
15,stable,2,2,,0.02364732199998798,0.04245312339203356,0.9219685877811793,0.9363809723753038,0.8939278489832703,True,False,False,0.0,0.0,0.0,0.0,0.042150684931506865,0.017630627663051835,0.02592261904761905,0.030833333333333334,,,,,A3
1,stable,3,3,,0.027761347000023306,0.04983887349788061,0.9350410005187699,0.9186518839788516,0.8688130104809709,True,False,False,0.0,0.0,0.0,0.0,0.059896247240618095,0.029401420158371123,0.024166666666666666,0.017470238095238094,,,,,A4
2,stable,3,3,,0.027651011999978437,0.049640793335933846,0.9186518839788516,0.9241972485976977,0.8745564552617638,True,False,False,0.0,0.0,0.0,0.0,0.10198456260720412,0.04333751357544122,0.017470238095238094,0.022410714285714287,,,,,A4
3,stable,3,3,,0.027122974000121758,0.048692827119564415,0.9241972485976977,0.9314061532401807,0.8827133261206163,True,False,False,0.0,0.0,0.0,0.0,0.07325760822974711,0.04087731311522473,0.022410714285714287,0.014553571428571428,,,,,A4
4,stable,3,3,,0.030109827999922345,0.05405501068553386,0.9314061532401807,0.9408133920129667,0.8867583813274328,True,False,False,0.0,0.0,0.0,0.0,0.0743542292829541,0.04338131992338812,0.014553571428571428,0.015416666666666667,,,,,A4
5,stable,3,3,,0.02835978600000999,0.050913227909304144,0.9408133920129667,0.9285249974255998,0.8776117695162956,True,False,False,0.0,0.0,0.0,0.0,0.1081186076493339,0.042449032621509675,0.015416666666666667,0.018571428571428572,,,,,A4
6,stable,3,3,,0.029139582999960112,0.05231316732991325,0.9285249974255998,0.9320779623207275,0.8797647949908143,True,False,False,0.0,0.0,0.0,0.0,0.05356416881998283,0.03547167631585826,0.018571428571428572,0.017886904761904764,,,,,A4
7,stable,3,3,,0.027678729000172098,0.04969055259532394,0.9320779623207275,0.9360899112592115,0.8863993586638875,True,False,False,0.0,0.0,0.0,0.0,0.07738112522686025,0.06931428160100964,0.017886904761904764,0.01657738095238095,,,,,A4
8,stable,3,3,,0.02765978399997948,0.04965654136856264,0.9360899112592115,0.9369426291009897,0.887286087732427,True,False,False,0.0,0.0,0.0,0.0,0.0838951890034364,0.035338884881950555,0.01657738095238095,0.02205357142857143,,,,,A4
9,stable,3,3,,0.02728108499991322,0.0489766776876663,0.9369426291009897,0.9334325739404743,0.884455896252808,True,False,False,0.0,0.0,0.0,0.0,0.06505003411416865,0.07157862264045889,0.02205357142857143,0.024791666666666667,,,,,A4
10,stable,3,3,,0.02667454000015823,0.04788777088809582,0.9334325739404743,0.9354029962926368,0.887515225404541,True,False,False,0.0,0.0,0.0,0.0,0.05603448275862069,0.05776518128008616,0.024791666666666667,0.02214285714285714,,,,,A4
11,stable,3,3,,0.027491577000091638,0.04935456584162364,0.9354029962926368,0.9410807170256289,0.8917261511840052,True,False,False,0.0,0.0,0.0,0.0,0.0961338155515371,0.07312241359947172,0.02214285714285714,0.012857142857142857,,,,,A4
12,stable,3,3,,0.027128153000148814,0.048702124778182844,0.9410807170256289,0.9300040191170176,0.8813018943388348,True,False,False,0.0,0.0,0.0,0.0,0.0656263855683547,0.0327831488898534,0.012857142857142857,0.01744047619047619,,,,,A4
13,stable,3,3,,0.026746975999913047,0.04801781243933863,0.9300040191170176,0.9371024837406474,0.8890846713013087,True,False,False,0.0,0.0,0.0,0.0,0.08257821953327571,0.04216258966952483,0.01744047619047619,0.02107142857142857,,,,,A4
14,stable,3,3,,0.0278825580001012,0.0500564789224095,0.9371024837406474,0.9240784059403416,0.8740219270179321,True,False,False,0.0,0.0,0.0,0.0,0.0782778500216732,0.03741268552333986,0.02107142857142857,0.01550595238095238,,,,,A4
15,stable,3,3,,0.02789100899985897,0.05007165067570582,0.9240784059403416,0.9386133417309609,0.888541691055255,True,False,False,0.0,0.0,0.0,0.0,0.10431335616438353,0.05293869928767939,0.01550595238095238,0.020654761904761905,,,,,A4
1,stable,0,0,,4.75999968330143e-07,8.545443492558649e-07,0.9350410005187699,0.9296125018095444,0.9296116472651951,True,False,False,0.0,0.0,0.0,0.0,0.059896247240618095,0.029401420158371123,0.024166666666666666,0.025833333333333333,,,,,random
2,stable,3,3,,0.02925945300012245,0.05252836530911349,0.9296125018095444,0.9241972485976977,0.8716688832885842,True,False,False,0.0,0.0,0.0,0.0,0.044462886821034386,0.015944007450155125,0.025833333333333333,0.022410714285714287,,,,,random
3,stable,2,2,,0.024232311999867306,0.043503333333268994,0.9241972485976977,0.9313894452300764,0.8878861118968074,True,False,False,0.0,0.0,0.0,0.0,0.07325760822974711,0.04087731311522473,0.022410714285714287,0.021904761904761906,,,,,random
4,stable,1,1,,0.005187877000025765,0.00931359510497208,0.9313894452300764,0.9342646942956192,0.9249510991906471,True,False,False,0.0,0.0,0.0,0.0,0.09572445255474454,0.06098100567918673,0.021904761904761906,0.015416666666666667,,,,,random
5,stable,1,1,,0.005201087999921583,0.00933731230257736,0.9342646942956192,0.9209394558290142,0.9116021435264368,True,False,False,0.0,0.0,0.0,0.0,0.1081186076493339,0.042449032621509675,0.015416666666666667,0.018571428571428572,,,,,random
6,stable,3,3,,0.028160447000118438,0.05055536230578062,0.9209394558290142,0.9320779623207275,0.8815226000149469,True,False,False,0.0,0.0,0.0,0.0,0.05356416881998283,0.03547167631585826,0.018571428571428572,0.017886904761904764,,,,,random
7,stable,0,0,,3.9199994716909714e-07,7.037423572465743e-07,0.9320779623207275,0.9346889997534001,0.9346882960110429,True,False,False,0.0,0.0,0.0,0.0,0.07738112522686025,0.06931428160100964,0.017886904761904764,0.017261904761904763,,,,,random
8,stable,2,2,,0.022831802999917272,0.04098905364499974,0.9346889997534001,0.9364951572809751,0.8955061036359754,True,False,False,0.0,0.0,0.0,0.0,0.06860348681269557,0.046601000500494504,0.017261904761904763,0.02217261904761905,,,,,random
9,stable,0,0,,3.929999365936965e-07,7.055375996183433e-07,0.9364951572809751,0.924409384375599,0.9244086788379995,True,False,False,0.0,0.0,0.0,0.0,0.08931339549692974,0.07448099639213154,0.02217261904761905,0.019583333333333335,,,,,random
10,stable,0,0,,3.9700012166576926e-07,7.127189773005926e-07,0.924409384375599,0.9373995394649799,0.9373988267460026,True,False,False,0.0,0.0,0.0,0.0,0.06521839080459768,0.028861948657440968,0.019583333333333335,0.022113095238095237,,,,,random
11,stable,2,2,,0.023699070000020583,0.04254602457681364,0.9373995394649799,0.9393119658242266,0.8967659412474129,True,False,False,0.0,0.0,0.0,0.0,0.07761490145115879,0.03103588266628575,0.022113095238095237,0.01806547619047619,,,,,random
12,stable,3,3,,0.02876183100011076,0.05163500376191176,0.9393119658242266,0.9300040191170176,0.8783690153551058,True,False,False,0.0,0.0,0.0,0.0,0.06987246000864678,0.031887582464040255,0.01806547619047619,0.01744047619047619,,,,,random
13,stable,2,2,,0.023090165999974488,0.0414528827551785,0.9300040191170176,0.9375216942335912,0.8960688114784128,True,False,False,0.0,0.0,0.0,0.0,0.08257821953327571,0.04216258966952483,0.01744047619047619,0.01586309523809524,,,,,random
14,stable,3,3,,0.02999039799988168,0.0538406026215493,0.9375216942335912,0.9240784059403416,0.8702378033187923,True,False,False,0.0,0.0,0.0,0.0,0.10492804508019066,0.06434486885046481,0.01586309523809524,0.01550595238095238,,,,,random
15,stable,2,2,,0.025645940000003975,0.046041165055620725,0.9240784059403416,0.938316975454434,0.8922758103988133,True,False,False,0.0,0.0,0.0,0.0,0.10431335616438353,0.05293869928767939,0.01550595238095238,0.01767857142857143,,,,,random
1,stable,0,0,,6.559998837474268e-07,1.1776912417356744e-06,0.9350410005187699,0.9296125018095444,0.9296113241183026,True,False,False,0.0,0.0,0.0,0.0,0.059896247240618095,0.029401420158371123,0.024166666666666666,0.025833333333333333,,,,,heuristic
2,stable,0,0,,4.0500003706256393e-07,7.270809162747448e-07,0.9296125018095444,0.9320426523173404,0.9320419252364242,True,False,False,0.0,0.0,0.0,0.0,0.044462886821034386,0.015944007450155125,0.025833333333333333,0.025327380952380952,,,,,heuristic
3,stable,0,0,,3.60000058208243e-07,6.462941931547924e-07,0.9320426523173404,0.9454650550191217,0.9454644087249285,True,False,False,0.0,0.0,0.0,0.0,0.05718308649924886,0.018531089920196617,0.025327380952380952,0.026339285714285714,,,,,heuristic
4,stable,0,0,,3.80999836124829e-07,6.839942829619418e-07,0.9454650550191217,0.9495717212192156,0.9495710372249326,True,False,False,0.0,0.0,0.0,0.0,0.054916058394160555,0.020283683945252352,0.026339285714285714,0.025773809523809525,,,,,heuristic
5,stable,0,0,,4.0399982026428916e-07,7.252852657078025e-07,0.9495717212192156,0.9366790523919039,0.9366783271066381,True,False,False,0.0,0.0,0.0,0.0,0.057726688102893914,0.015742810433782756,0.025773809523809525,0.026904761904761904,,,,,heuristic
6,stable,0,0,,4.099999841855606e-07,7.3605712813359e-07,0.9366790523919039,0.9373602593325538,0.9373595232754257,True,False,False,0.0,0.0,0.0,0.0,0.07268103645952761,0.024433491917330057,0.026904761904761904,0.023779761904761904,,,,,heuristic
7,stable,0,0,,4.0000008993956726e-07,7.181047044158997e-07,0.9373602593325538,0.9386054396677156,0.9386047215630112,True,False,False,0.0,0.0,0.0,0.0,0.06865198711063372,0.02019837249509853,0.023779761904761904,0.02324404761904762,,,,,heuristic
8,stable,0,0,,4.2400006350362673e-07,7.611909295335294e-07,0.9386054396677156,0.9453031925861437,0.9453024313952142,True,False,False,0.0,0.0,0.0,0.0,0.05974543893539386,0.0314940971798637,0.02324404761904762,0.028511904761904763,,,,,heuristic
9,stable,0,0,,4.480000370676862e-07,8.042771546511591e-07,0.9453031925861437,0.9352176844033827,0.9352168801262281,True,False,False,0.0,0.0,0.0,0.0,0.07348128342245988,0.023105300472721798,0.028511904761904763,0.02705357142857143,,,,,heuristic
10,stable,0,0,,4.1099997361015994e-07,7.378523705053589e-07,0.9352176844033827,0.9435489205858592,0.9435481827334886,True,False,False,0.0,0.0,0.0,0.0,0.07998157274480394,0.026947773341137522,0.02705357142857143,0.02869047619047619,,,,,heuristic
11,stable,0,0,,4.099999841855606e-07,7.3605712813359e-07,0.9435489205858592,0.9484853005729434,0.9484845645158153,True,False,False,0.0,0.0,0.0,0.0,0.06963110307414111,0.027939572352067885,0.02869047619047619,0.02556547619047619,,,,,heuristic
12,stable,0,0,,3.8700000004610047e-07,6.947661453877292e-07,0.9484853005729434,0.9402644171260983,0.9402637223599529,True,False,False,0.0,0.0,0.0,0.0,0.05888975356679638,0.015843721427232987,0.02556547619047619,0.02782738095238095,,,,,heuristic
13,stable,0,0,,3.6999995245423634e-07,6.642466168724826e-07,0.9402644171260983,0.942129748727332,0.9421290844807152,True,False,False,0.0,0.0,0.0,0.0,0.05820570440795164,0.02466577668595249,0.02782738095238095,0.025476190476190475,,,,,heuristic
14,stable,0,0,,4.070000159117626e-07,7.306714010182827e-07,0.942129748727332,0.9349485714123887,0.9349478407409877,True,False,False,0.0,0.0,0.0,0.0,0.06445064377682408,0.023233859379868698,0.025476190476190475,0.02592261904761905,,,,,heuristic
15,stable,0,0,,3.5600010050984565e-07,6.391132236677162e-07,0.9349485714123887,0.9468479154638815,0.9468472763506578,True,False,False,0.0,0.0,0.0,0.0,0.042150684931506865,0.017630627663051835,0.02592261904761905,0.030833333333333334,,,,,heuristic
1,covariate,0,0,,4.349999471742194e-07,7.809385956229886e-07,0.9350410005187699,0.9296125018095444,0.9296117208709488,True,False,False,0.0,0.0,0.0,0.0,0.059896247240618095,0.029401420158371123,0.024166666666666666,0.025833333333333333,1.7376269102096558,1.731085181236267,1.6520226001739502,1.6685761213302612,dqn
2,covariate,0,0,,4.880000687990105e-07,8.760876659122665e-07,0.9296125018095444,0.9320426523173404,0.9320417762296745,True,False,False,0.0,0.0,0.0,0.0,0.044462886821034386,0.015944007450155125,0.025833333333333333,0.025327380952380952,1.6148121356964111,1.58070707321167,1.5620830059051514,1.524579405784607,dqn
3,covariate,0,0,,6.769998890376883e-07,1.2153917397379972e-06,0.9320426523173404,0.9454650550191217,0.945463839627382,True,False,False,0.0,0.0,0.0,0.0,0.05718308649924886,0.018531089920196617,0.025327380952380952,0.026339285714285714,1.5023167133331299,1.458126187324524,1.4217565059661865,1.4546395540237427,dqn
4,covariate,0,0,,3.850000211969018e-07,6.911756606441912e-07,0.9454650550191217,0.937937212980055,0.9379365218043944,True,False,True,0.0,0.0,0.25,0.0,0.054916058394160555,0.020283683945252352,0.026339285714285714,0.03994047619047619,1.5023167133331299,1.458126187324524,1.4217565059661865,1.4546395540237427,dqn
5,covariate,1,1,,0.004921646999946461,0.008835642673655185,0.937937212980055,0.9148088078810971,0.9059731652074419,True,True,True,0.25,0.0,0.5,0.0,0.22099999999999997,0.33766241406510855,0.03994047619047619,0.03113095238095238,0.9866217970848083,1.0479356050491333,0.9838652610778809,1.0300859212875366,dqn
6,covariate,1,1,,0.0046195960001114145,0.008293382185694188,0.9148088078810971,0.9196537878474513,0.9113604056617571,True,True,True,0.5,0.0,0.75,0.0,0.26312722535822836,1.2279905400285258,0.03113095238095238,0.028601190476190474,0.8751657605171204,0.9161285161972046,0.8717778921127319,0.8605724573135376,dqn
7,covariate,1,1,,0.005022438000196416,0.009016588861575324,0.9196537878474513,0.9315787513901973,0.922562162528622,True,True,True,0.75,0.0,1.0,0.0,0.24931559593337654,0.41675512313221885,0.028601190476190474,0.027142857142857142,0.7790190577507019,0.8185539245605469,0.682485818862915,0.7826457023620605,dqn
8,covariate,1,1,,0.004718479999837655,0.008470904809265602,0.9315787513901973,0.9275972696343475,0.9191263648250819,True,True,True,1.0,0.0,1.25,0.0,0.20299999999999996,0.1893828354620008,0.027142857142857142,0.03273809523809524,0.8129875659942627,0.8226767778396606,0.7498472332954407,0.375356525182724,dqn
9,covariate,1,1,,0.00525491400003375,0.009433944040600911,0.9275972696343475,0.9244879967205369,0.915054052679936,True,True,True,1.25,0.0,1.5,0.0,0.2346916451335056,0.1370945877407709,0.03273809523809524,0.036517857142857144,1.1204088926315308,1.135833978652954,1.014876365661621,0.8633096218109131,dqn
10,covariate,1,1,,0.004830070000025444,0.00867123802447245,0.9244879967205369,0.9320158400400856,0.9233446020156132,True,True,True,1.5,0.0,1.75,0.0,0.22599999999999998,0.2221332026515189,0.036517857142857144,0.03720238095238095,1.0836344957351685,1.1381666660308838,1.083983302116394,1.095717191696167,dqn
11,covariate,1,1,,0.005019904000164388,0.00901203966923823,0.9320158400400856,0.937089550740064,0.9280775110708257,True,True,True,1.75,0.0,2.0,0.0,0.2571184752003466,0.27684816845661503,0.03720238095238095,0.019910714285714285,1.0121949911117554,1.0296522378921509,0.9838942885398865,0.9919497966766357,dqn
12,covariate,1,1,,0.005043958999976894,0.009055224680853338,0.937089550740064,0.9296574430843519,0.9206022184034987,True,True,True,2.0,0.0,2.25,0.0,0.269,0.32403389040082275,0.019910714285714285,0.025863095238095237,0.8696541786193848,0.9392919540405273,0.8618005514144897,0.8510700464248657,dqn
13,covariate,1,1,,0.0047637440000016795,0.008552165519640388,0.9296574430843519,0.9234718020253989,0.9149196365057585,True,True,True,2.25,0.0,2.5,0.0,0.259,0.15109050651392766,0.025863095238095237,0.03360119047619048,0.8129875659942627,0.8226767778396606,0.7498472332954407,0.375356525182724,dqn
14,covariate,1,1,,0.00494945400009783,0.008885563506491521,0.9234718020253989,0.9180463083846155,0.909160744878124,True,True,True,2.5,0.0,2.75,0.0,0.268,0.5452792108160223,0.03360119047619048,0.023095238095238096,1.026835322380066,1.0363740921020508,0.924353301525116,0.9356114864349365,dqn
15,covariate,1,1,,0.004839833000005456,0.00868876516106864,0.9180463083846155,0.9361577354397383,0.9274689702786697,True,True,True,2.75,0.0,3.0,0.0,0.20191978609625671,0.1820277067451849,0.023095238095238096,0.029464285714285714,0.9593819379806519,1.1000937223434448,1.0657613277435303,1.0969655513763428,dqn
1,covariate,0,0,,3.550001110852463e-07,6.373179812959473e-07,0.9350410005187699,0.9296125018095444,0.9296118644915631,True,False,False,0.0,0.0,0.0,0.0,0.059896247240618095,0.029401420158371123,0.024166666666666666,0.025833333333333333,,,,,A1
2,covariate,0,0,,3.820000529231038e-07,6.857899335288842e-07,0.9296125018095444,0.9320426523173404,0.9320419665274069,True,False,False,0.0,0.0,0.0,0.0,0.044462886821034386,0.015944007450155125,0.025833333333333333,0.025327380952380952,,,,,A1
3,covariate,0,0,,4.0899999476096127e-07,7.342618857618208e-07,0.9320426523173404,0.9454650550191217,0.945464320757236,True,False,False,0.0,0.0,0.0,0.0,0.05718308649924886,0.018531089920196617,0.025327380952380952,0.026339285714285714,,,,,A1
4,covariate,0,0,,3.6200003705744166e-07,6.498846778983304e-07,0.9454650550191217,0.937937212980055,0.9379365630953771,True,False,True,0.0,0.0,0.25,0.0,0.054916058394160555,0.020283683945252352,0.026339285714285714,0.03994047619047619,,,,,A1
5,covariate,0,0,,6.139998731669039e-07,1.1022902457310291e-06,0.937937212980055,0.8967325856131076,0.8967314833228619,True,True,True,0.25,0.0,0.5,0.0,0.22099999999999997,0.33766241406510855,0.03994047619047619,0.06488095238095239,,,,,A1
6,covariate,0,0,,4.0300005821336526e-07,7.234904315312067e-07,0.8967325856131076,0.8667419207125694,0.8667411972221378,True,True,True,0.5,0.0,0.75,0.0,0.4003304385584021,7.476221722717217,0.06488095238095239,0.09321428571428571,,,,,A1
7,covariate,0,0,,4.070000159117626e-07,7.306714010182827e-07,0.8667419207125694,0.8475374097469436,0.8475366790755425,True,True,True,0.75,0.0,1.0,0.0,0.5845340687865023,10.665616829188968,0.09321428571428571,0.1430952380952381,,,,,A1
8,covariate,0,0,,4.230000740790274e-07,7.593956871617604e-07,0.8475374097469436,0.8062178536244501,0.806217094228763,True,True,True,1.0,0.0,1.25,0.0,0.6580391859709893,10.633112650687831,0.1430952380952381,0.21642857142857144,,,,,A1
9,covariate,0,0,,3.9799988371669315e-07,7.145138114771884e-07,0.8062178536244501,0.7734754768969445,0.7734747623831331,True,True,True,1.25,0.0,1.5,0.0,0.7423195521102498,13.608250265992002,0.21642857142857144,0.2839285714285714,,,,,A1
10,covariate,0,0,,4.349999471742194e-07,7.809385956229886e-07,0.7734754768969445,0.7070021872598448,0.7070014063212492,True,True,True,1.5,0.0,1.75,0.0,0.781833836858006,16.29538486959767,0.2839285714285714,0.4004761904761905,,,,,A1
11,covariate,0,0,,4.619998890120769e-07,8.294105478559254e-07,0.7070021872598448,0.7167150574808279,0.71671422807028,True,True,True,1.75,0.0,2.0,0.0,0.8399166125189518,16.43256024051294,0.4004761904761905,0.4548214285714286,,,,,A1
12,covariate,0,0,,3.990001005149679e-07,7.163094620441307e-07,0.7167150574808279,0.6380311860181327,0.6380304697086706,True,True,True,2.0,0.0,2.25,0.0,0.8733983916539882,18.74762710130151,0.4548214285714286,0.5794642857142858,,,,,A1
13,covariate,0,0,,3.9400015339197125e-07,7.073332501852855e-07,0.6380311860181327,0.6176622764905162,0.617661569157266,True,True,True,2.25,0.0,2.5,0.0,0.895886636145629,18.744668311422565,0.5794642857142858,0.668125,,,,,A1
14,covariate,0,0,,3.529999048623722e-07,6.33727088357236e-07,0.6176622764905162,0.5831140916029237,0.5831134578758354,True,True,True,2.5,0.0,2.75,0.0,0.9225958369470945,20.60726595925569,0.668125,0.742827380952381,,,,,A1
15,covariate,0,0,,3.6200003705744166e-07,6.498846778983304e-07,0.5831140916029237,0.5958554208436118,0.5958547709589339,True,True,True,2.75,0.0,3.0,0.0,0.945,20.61074868156496,0.742827380952381,0.8215178571428572,,,,,A1
1,covariate,1,1,,0.004706490999978996,0.008449381421105752,0.9350410005187699,0.928995636207022,0.9205462547859162,True,False,False,0.0,0.0,0.0,0.0,0.059896247240618095,0.029401420158371123,0.024166666666666666,0.017470238095238094,,,,,A2
2,covariate,1,1,,0.004815039000050092,0.008644253451053964,0.928995636207022,0.9249680821223852,0.9163238286713312,True,False,False,0.0,0.0,0.0,0.0,0.10198456260720412,0.04333751357544122,0.017470238095238094,0.022410714285714287,,,,,A2
3,covariate,1,1,,0.005091682000056608,0.009140899938754554,0.9249680821223852,0.9407804133774993,0.9316395134387447,True,False,False,0.0,0.0,0.0,0.0,0.07325760822974711,0.04087731311522473,0.022410714285714287,0.014553571428571428,,,,,A2
4,covariate,1,1,,0.004833459000110452,0.008677322165365212,0.9407804133774993,0.9180860553329431,0.9094087331675779,True,False,True,0.0,0.0,0.25,0.0,0.0743542292829541,0.04338131992338812,0.014553571428571428,0.027410714285714285,,,,,A2
5,covariate,1,1,,0.0050039879999985715,0.00898346628917653,0.9180860553329431,0.9148088078810971,0.9058253415919205,True,True,True,0.25,0.0,0.5,0.0,0.29000000000000004,0.25921377901459774,0.027410714285714285,0.03113095238095238,,,,,A2
6,covariate,1,1,,0.004931731999931799,0.008853747884418011,0.9148088078810971,0.9196537878474513,0.9108000399630333,True,True,True,0.5,0.0,0.75,0.0,0.26312722535822836,1.2279905400285258,0.03113095238095238,0.028601190476190474,,,,,A2
7,covariate,1,1,,0.00490790100002414,0.008810965011176132,0.9196537878474513,0.9315787513901973,0.9227677863790211,True,True,True,0.75,0.0,1.0,0.0,0.24931559593337654,0.41675512313221885,0.028601190476190474,0.027142857142857142,,,,,A2
8,covariate,1,1,,0.004782706000014514,0.008586207265522016,0.9315787513901973,0.9275972696343475,0.9190110623688255,True,True,True,1.0,0.0,1.25,0.0,0.20299999999999996,0.1893828354620008,0.027142857142857142,0.03273809523809524,,,,,A2
9,covariate,1,1,,0.004698343999962162,0.008434755426796978,0.9275972696343475,0.9244879967205369,0.91605324129374,True,True,True,1.25,0.0,1.5,0.0,0.2346916451335056,0.1370945877407709,0.03273809523809524,0.036517857142857144,,,,,A2
10,covariate,1,1,,0.0047897879999254656,0.008598921306295096,0.9244879967205369,0.9320158400400856,0.9234169187337905,True,True,True,1.5,0.0,1.75,0.0,0.22599999999999998,0.2221332026515189,0.036517857142857144,0.03720238095238095,,,,,A2
11,covariate,1,1,,0.004615259999809496,0.008285597931906577,0.9320158400400856,0.937089550740064,0.9288039528081574,True,True,True,1.75,0.0,2.0,0.0,0.2571184752003466,0.27684816845661503,0.03720238095238095,0.019910714285714285,,,,,A2
12,covariate,1,1,,0.004760043000032965,0.008545521257412902,0.937089550740064,0.9296574430843519,0.921111921826939,True,True,True,2.0,0.0,2.25,0.0,0.269,0.32403389040082275,0.019910714285714285,0.025863095238095237,,,,,A2
13,covariate,1,1,,0.004753800999878877,0.008534315235743524,0.9296574430843519,0.9234718020253989,0.9149374867896554,True,True,True,2.25,0.0,2.5,0.0,0.259,0.15109050651392766,0.025863095238095237,0.03360119047619048,,,,,A2
14,covariate,1,1,,0.004925507999814727,0.00884257417751952,0.9234718020253989,0.9180463083846155,0.909203734207096,True,True,True,2.5,0.0,2.75,0.0,0.268,0.5452792108160223,0.03360119047619048,0.023095238095238096,,,,,A2
15,covariate,1,1,,0.005601652999985163,0.01005643116830929,0.9180463083846155,0.9361577354397383,0.926101304271429,True,True,True,2.75,0.0,3.0,0.0,0.20191978609625671,0.1820277067451849,0.023095238095238096,0.029464285714285714,,,,,A2
1,covariate,2,2,,0.023840621000090323,0.04280014561733694,0.9350410005187699,0.9188207747947201,0.8760206291773832,True,False,False,0.0,0.0,0.0,0.0,0.059896247240618095,0.029401420158371123,0.024166666666666666,0.025833333333333333,,,,,A3
2,covariate,2,2,,0.0231664970001475,0.04158991685015906,0.9188207747947201,0.9241506170554159,0.8825607002052569,True,False,False,0.0,0.0,0.0,0.0,0.044462886821034386,0.015944007450155125,0.025833333333333333,0.025327380952380952,,,,,A3
3,covariate,2,2,,0.022012908000078824,0.03951892309604038,0.9241506170554159,0.9308341705112864,0.8913152474152459,True,False,False,0.0,0.0,0.0,0.0,0.05718308649924886,0.018531089920196617,0.025327380952380952,0.026339285714285714,,,,,A3
4,covariate,2,2,,0.023271848000149475,0.04177904942942364,0.9308341705112864,0.9359632473774256,0.894184197948002,True,False,True,0.0,0.0,0.25,0.0,0.054916058394160555,0.020283683945252352,0.026339285714285714,0.03994047619047619,,,,,A3
5,covariate,2,2,,0.022653910000144606,0.040669689216759966,0.9359632473774256,0.9180840169795994,0.8774143277628395,True,True,True,0.25,0.0,0.5,0.0,0.22099999999999997,0.33766241406510855,0.03994047619047619,0.06488095238095239,,,,,A3
6,covariate,2,2,,0.021878108999999313,0.03927692366018456,0.9180840169795994,0.9270104695286425,0.887733545868458,True,True,True,0.5,0.0,0.75,0.0,0.4003304385584021,7.476221722717217,0.06488095238095239,0.09321428571428571,,,,,A3
7,covariate,2,2,,0.023194898999918223,0.041640905862819676,0.9270104695286425,0.9280803367246071,0.8864394308617874,True,True,True,0.75,0.0,1.0,0.0,0.5845340687865023,10.665616829188968,0.09321428571428571,0.1430952380952381,,,,,A3
8,covariate,2,2,,0.028489249999893218,0.051145649625465986,0.9280803367246071,0.9191178576337976,0.8679722080083316,True,True,True,1.0,0.0,1.25,0.0,0.6580391859709893,10.633112650687831,0.1430952380952381,0.21642857142857144,,,,,A3
9,covariate,2,2,,0.023014756000065972,0.04131750209638292,0.9191178576337976,0.8957420825881912,0.8544245804918082,True,True,True,1.25,0.0,1.5,0.0,0.7423195521102498,13.608250265992002,0.21642857142857144,0.2839285714285714,,,,,A3
10,covariate,2,2,,0.023020171999860395,0.04132722523152541,0.8957420825881912,0.9063282043919728,0.8650009791604474,True,True,True,1.5,0.0,1.75,0.0,0.781833836858006,16.29538486959767,0.2839285714285714,0.4004761904761905,,,,,A3
11,covariate,2,2,,0.02382540799999333,0.04277283430613303,0.9063282043919728,0.8944523183120978,0.8516794840059648,True,True,True,1.75,0.0,2.0,0.0,0.8399166125189518,16.43256024051294,0.4004761904761905,0.4548214285714286,,,,,A3
12,covariate,2,2,,0.021098292000033325,0.03787694833431982,0.8944523183120978,0.8261069318118937,0.7882299834775738,True,True,True,2.0,0.0,2.25,0.0,0.8733983916539882,18.74762710130151,0.4548214285714286,0.5794642857142858,,,,,A3
13,covariate,2,2,,0.021521901000141952,0.038637437202852024,0.8261069318118937,0.8227322958749252,0.7840948586720732,True,True,True,2.25,0.0,2.5,0.0,0.895886636145629,18.744668311422565,0.5794642857142858,0.668125,,,,,A3
14,covariate,2,2,,0.019998986000018704,0.0359034067525607,0.8227322958749252,0.7538454621917754,0.7179420554392147,True,True,True,2.5,0.0,2.75,0.0,0.9225958369470945,20.60726595925569,0.668125,0.742827380952381,,,,,A3
15,covariate,2,2,,0.0406401929999447,0.0729597680491511,0.7538454621917754,0.7539369128221278,0.6809771447729768,True,True,True,2.75,0.0,3.0,0.0,0.945,20.61074868156496,0.742827380952381,0.8215178571428572,,,,,A3
1,covariate,3,3,,0.028756443000020226,0.05162533089355568,0.9350410005187699,0.9186518839788516,0.8670265530852959,True,False,False,0.0,0.0,0.0,0.0,0.059896247240618095,0.029401420158371123,0.024166666666666666,0.017470238095238094,,,,,A4
2,covariate,3,3,,0.027688465999972323,0.04970803305480208,0.9186518839788516,0.9241972485976977,0.8744892155428956,True,False,False,0.0,0.0,0.0,0.0,0.10198456260720412,0.04333751357544122,0.017470238095238094,0.022410714285714287,,,,,A4
3,covariate,3,3,,0.02861315299992384,0.05136808789348407,0.9241972485976977,0.9314061532401807,0.8800380653466966,True,False,False,0.0,0.0,0.0,0.0,0.07325760822974711,0.04087731311522473,0.022410714285714287,0.014553571428571428,,,,,A4
4,covariate,3,3,,0.02746073099979185,0.049299189209255787,0.9314061532401807,0.9367405930619962,0.8874414038527404,True,False,True,0.0,0.0,0.25,0.0,0.0743542292829541,0.04338131992338812,0.014553571428571428,0.027410714285714285,,,,,A4
5,covariate,3,3,,0.02981421300000875,0.05352430449952793,0.9367405930619962,0.9193740775066076,0.8658497730070797,True,True,True,0.25,0.0,0.5,0.0,0.29000000000000004,0.25921377901459774,0.027410714285714285,0.03113095238095238,,,,,A4
6,covariate,3,3,,0.030441671000062343,0.054650755600401314,0.9193740775066076,0.9266697581057751,0.8720190025053738,True,True,True,0.5,0.0,0.75,0.0,0.26312722535822836,1.2279905400285258,0.03113095238095238,0.028601190476190474,,,,,A4
7,covariate,3,3,,0.027689461999898413,0.04970982113498134,0.9266697581057751,0.9275632500303859,0.8778534288954045,True,True,True,0.75,0.0,1.0,0.0,0.24931559593337654,0.41675512313221885,0.028601190476190474,0.027142857142857142,,,,,A4
8,covariate,3,3,,0.027912147000051846,0.050109598910624324,0.9275632500303859,0.9279029823817814,0.8777933834711571,True,True,True,1.0,0.0,1.25,0.0,0.20299999999999996,0.1893828354620008,0.027142857142857142,0.03273809523809524,,,,,A4
9,covariate,3,3,,0.028171816999929433,0.05057577442707469,0.9279029823817814,0.9245964027852461,0.8740206283581714,True,True,True,1.25,0.0,1.5,0.0,0.2346916451335056,0.1370945877407709,0.03273809523809524,0.036517857142857144,,,,,A4
10,covariate,3,3,,0.02757482699985303,0.04950402134919693,0.9245964027852461,0.9329036226315242,0.8833996012823272,True,True,True,1.5,0.0,1.75,0.0,0.22599999999999998,0.2221332026515189,0.036517857142857144,0.03720238095238095,,,,,A4
11,covariate,3,3,,0.027936718000091787,0.050153710277508146,0.9329036226315242,0.9341972193452321,0.884043509067724,True,True,True,1.75,0.0,2.0,0.0,0.2571184752003466,0.27684816845661503,0.03720238095238095,0.019910714285714285,,,,,A4
12,covariate,3,3,,0.028712120999898616,0.05154576131945568,0.9341972193452321,0.921979254948902,0.8704334936294463,True,True,True,2.0,0.0,2.25,0.0,0.269,0.32403389040082275,0.019910714285714285,0.025863095238095237,,,,,A4
13,covariate,3,3,,0.028201938000165683,0.050629849494844385,0.921979254948902,0.9314291925578362,0.8807993430629918,True,True,True,2.25,0.0,2.5,0.0,0.259,0.15109050651392766,0.025863095238095237,0.03360119047619048,,,,,A4
14,covariate,3,3,,0.028681408000011288,0.051490623457588834,0.9314291925578362,0.9176197428004225,0.8661291193428337,True,True,True,2.5,0.0,2.75,0.0,0.268,0.5452792108160223,0.03360119047619048,0.023095238095238096,,,,,A4
15,covariate,3,3,,0.02810040700001082,0.0504475748136905,0.9176197428004225,0.9367158277786526,0.8862682529649621,True,True,True,2.75,0.0,3.0,0.0,0.20191978609625671,0.1820277067451849,0.023095238095238096,0.029464285714285714,,,,,A4
1,covariate,0,0,,3.950001428165706e-07,7.091284925570546e-07,0.9350410005187699,0.9296125018095444,0.9296117926810518,True,False,False,0.0,0.0,0.0,0.0,0.059896247240618095,0.029401420158371123,0.024166666666666666,0.025833333333333333,,,,,random
2,covariate,3,3,,0.029514546999962477,0.052986325709525064,0.9296125018095444,0.9241972485976977,0.8712109228881726,True,False,False,0.0,0.0,0.0,0.0,0.044462886821034386,0.015944007450155125,0.025833333333333333,0.022410714285714287,,,,,random
3,covariate,2,2,,0.02340241000001697,0.04201344234252764,0.9241972485976977,0.9313894452300764,0.8893760028875487,True,False,False,0.0,0.0,0.0,0.0,0.07325760822974711,0.04087731311522473,0.022410714285714287,0.021904761904761906,,,,,random
4,covariate,1,1,,0.004806844999848181,0.008629543079129134,0.9313894452300764,0.9243741136148756,0.9157445705357465,True,False,True,0.0,0.0,0.25,0.0,0.09572445255474454,0.06098100567918673,0.021904761904761906,0.027410714285714285,,,,,random
5,covariate,1,1,,0.004901076000123794,0.00879871235259094,0.9243741136148756,0.9177747314042494,0.9089760190516585,True,True,True,0.25,0.0,0.5,0.0,0.29000000000000004,0.25921377901459774,0.027410714285714285,0.03113095238095238,,,,,random
6,covariate,3,3,,0.028422103999901083,0.051025105006377657,0.9177747314042494,0.9266697581057751,0.8756446530993974,True,True,True,0.5,0.0,0.75,0.0,0.26312722535822836,1.2279905400285258,0.03113095238095238,0.028601190476190474,,,,,random
7,covariate,0,0,,3.7299992072803434e-07,6.696323439877896e-07,0.9266697581057751,0.91895403759698,0.918953367964636,True,True,True,0.75,0.0,1.0,0.0,0.24931559593337654,0.41675512313221885,0.028601190476190474,0.052529761904761905,,,,,random
8,covariate,2,2,,0.024293368999906306,0.04361294660603639,0.91895403759698,0.9267438513792156,0.8831309047731791,True,True,True,1.0,0.0,1.25,0.0,0.4554812730028145,7.6427972974683,0.052529761904761905,0.09369047619047619,,,,,random
9,covariate,0,0,,4.0600002648716327e-07,7.288761586465138e-07,0.9267438513792156,0.9024147989354667,0.9024140700593081,True,True,True,1.25,0.0,1.5,0.0,0.559037037037037,8.131687411991015,0.09369047619047619,0.14169642857142858,,,,,random
10,covariate,0,0,,3.2599996302451473e-07,5.852551361242993e-07,0.9024147989354667,0.8809122168455603,0.8809116315904242,True,True,True,1.5,0.0,1.75,0.0,0.676833836858006,11.338563968609936,0.14169642857142858,0.21901785714285715,,,,,random
11,covariate,2,2,,0.0246775670000261,0.04430268242923304,0.8809122168455603,0.9218374785899337,0.8775347961607006,True,True,True,1.75,0.0,2.0,0.0,0.7065845787307775,14.269637507902521,0.21901785714285715,0.2687202380952381,,,,,random
12,covariate,3,3,,0.026862858999948003,0.04822585271127832,0.9218374785899337,0.921979254948902,0.8737534022376237,True,True,True,2.0,0.0,2.25,0.0,0.7825848728537275,14.678799836649326,0.2687202380952381,0.025863095238095237,,,,,random
13,covariate,2,2,,0.024045089999845004,0.04316722091137808,0.921979254948902,0.9306009166832733,0.8874336957718952,True,True,True,2.25,0.0,2.5,0.0,0.259,0.15109050651392766,0.025863095238095237,0.03401785714285714,,,,,random
14,covariate,3,3,,0.02859937399989576,0.05134335098719035,0.9306009166832733,0.9176197428004225,0.8662763918132321,True,True,True,2.5,0.0,2.75,0.0,0.399,9.622920472247731,0.03401785714285714,0.023095238095238096,,,,,random
15,covariate,2,2,,0.02364758599992456,0.042453597340918046,0.9176197428004225,0.9358792141220106,0.8934256167810926,True,True,True,2.75,0.0,3.0,0.0,0.20191978609625671,0.1820277067451849,0.023095238095238096,0.03619047619047619,,,,,random
1,covariate,0,0,,5.479998890223214e-07,9.83803024608754e-07,0.9350410005187699,0.9296125018095444,0.9296115180065198,True,False,False,0.0,0.0,0.0,0.0,0.059896247240618095,0.029401420158371123,0.024166666666666666,0.025833333333333333,,,,,heuristic
2,covariate,0,0,,4.599999101628782e-07,8.258200631123873e-07,0.9296125018095444,0.9320426523173404,0.9320418264972773,True,False,False,0.0,0.0,0.0,0.0,0.044462886821034386,0.015944007450155125,0.025833333333333333,0.025327380952380952,,,,,heuristic
3,covariate,0,0,,3.790000846493058e-07,6.80404206413577e-07,0.9320426523173404,0.9454650550191217,0.9454643746149153,True,False,False,0.0,0.0,0.0,0.0,0.05718308649924886,0.018531089920196617,0.025327380952380952,0.026339285714285714,,,,,heuristic
4,covariate,0,0,,3.3199989957211073e-07,5.960265903549134e-07,0.9454650550191217,0.937937212980055,0.9379366169534646,True,False,True,0.0,0.0,0.25,0.0,0.054916058394160555,0.020283683945252352,0.026339285714285714,0.03994047619047619,,,,,heuristic
5,covariate,1,1,,0.0048819179999100015,0.008764318735122493,0.937937212980055,0.9148088078810971,0.9060444891459746,True,True,True,0.25,0.0,0.5,0.0,0.22099999999999997,0.33766241406510855,0.03994047619047619,0.03113095238095238,,,,,heuristic
6,covariate,1,1,,0.004467699000088032,0.008020687371250688,0.9148088078810971,0.9196537878474513,0.9116331004762006,True,True,True,0.5,0.0,0.75,0.0,0.26312722535822836,1.2279905400285258,0.03113095238095238,0.028601190476190474,,,,,heuristic
7,covariate,1,1,,0.004644869000003382,0.008338753825785233,0.9196537878474513,0.9315787513901973,0.9232399975644121,True,True,True,0.75,0.0,1.0,0.0,0.24931559593337654,0.41675512313221885,0.028601190476190474,0.027142857142857142,,,,,heuristic
8,covariate,0,0,,3.6400001590664033e-07,6.534751626418685e-07,0.9315787513901973,0.9122214219437317,0.912220768468569,True,True,True,1.0,0.0,1.25,0.0,0.20299999999999996,0.1893828354620008,0.027142857142857142,0.05074404761904762,,,,,heuristic
9,covariate,1,1,,0.004447991999995793,0.007985308155515262,0.9122214219437317,0.9244879967205369,0.9165026885650217,True,True,True,1.25,0.0,1.5,0.0,0.35623169681309214,6.757675485484852,0.05074404761904762,0.036517857142857144,,,,,heuristic
10,covariate,0,0,,3.939999260182958e-07,7.073328419901123e-07,0.9244879967205369,0.9028446341758646,0.9028439268430226,True,True,True,1.5,0.0,1.75,0.0,0.22599999999999998,0.2221332026515189,0.036517857142857144,0.0637202380952381,,,,,heuristic
11,covariate,1,1,,0.0050340170000708895,0.00903737619260704,0.9028446341758646,0.937089550740064,0.9280521745474569,True,True,True,1.75,0.0,2.0,0.0,0.35187394411955814,10.143710726193854,0.0637202380952381,0.019910714285714285,,,,,heuristic
12,covariate,1,1,,0.005075649999980669,0.009112118308536756,0.937089550740064,0.9296574430843519,0.9205453247758152,True,True,True,2.0,0.0,2.25,0.0,0.269,0.32403389040082275,0.019910714285714285,0.025863095238095237,,,,,heuristic
13,covariate,0,0,,4.3299996832502075e-07,7.773481108794507e-07,0.9296574430843519,0.9109099802532654,0.9109092029051545,True,True,True,2.25,0.0,2.5,0.0,0.259,0.15109050651392766,0.025863095238095237,0.03401785714285714,,,,,heuristic
14,covariate,1,1,,0.0047973499999898195,0.008612497072795114,0.9109099802532654,0.9180463083846155,0.9094338113118204,True,True,True,2.5,0.0,2.75,0.0,0.399,9.622920472247731,0.03401785714285714,0.023095238095238096,,,,,heuristic
15,covariate,0,0,,4.4600005821848754e-07,8.006866699076212e-07,0.9180463083846155,0.9201081194562536,0.9201073187695837,True,True,True,2.75,0.0,3.0,0.0,0.20191978609625671,0.1820277067451849,0.023095238095238096,0.03619047619047619,,,,,heuristic
1,concept,0,0,,4.019998414150905e-07,7.216947809642646e-07,0.9350410005187699,0.9296125018095444,0.9296117801147634,True,False,False,0.0,0.0,0.0,0.0,0.059896247240618095,0.029401420158371123,0.024166666666666666,0.025833333333333333,1.7376269102096558,1.731085181236267,1.6520226001739502,1.6685761213302612,dqn
2,concept,0,0,,4.360001639724942e-07,7.827342461899309e-07,0.9296125018095444,0.9320426523173404,0.9320418695830942,True,False,False,0.0,0.0,0.0,0.0,0.044462886821034386,0.015944007450155125,0.025833333333333333,0.025327380952380952,1.6148121356964111,1.58070707321167,1.5620830059051514,1.524579405784607,dqn
3,concept,0,0,,4.319999789004214e-07,7.755528685076815e-07,0.9320426523173404,0.9454650550191217,0.9454642794662532,True,False,False,0.0,0.0,0.0,0.0,0.05718308649924886,0.018531089920196617,0.025327380952380952,0.026339285714285714,1.5023167133331299,1.458126187324524,1.4217565059661865,1.4546395540237427,dqn
4,concept,0,0,,4.029998308396898e-07,7.234900233360335e-07,0.9454650550191217,0.9437619855904607,0.9437612621004373,True,False,True,0.0,0.0,0.0,0.15,0.054916058394160555,0.020283683945252352,0.026339285714285714,0.025773809523809525,1.5023167133331299,1.458126187324524,1.4217565059661865,1.4546395540237427,dqn
5,concept,0,0,,4.019998414150905e-07,7.216947809642646e-07,0.9437619855904607,0.9070101098676201,0.9070093881728392,True,True,True,0.0,0.15,0.0,0.3,0.057726688102893914,0.015742810433782756,0.025773809523809525,0.026904761904761904,1.5023167133331299,1.458126187324524,1.4217565059661865,1.4546395540237427,dqn
6,concept,0,0,,4.0000008993956726e-07,7.181047044158997e-07,0.9070101098676201,0.8615770060298172,0.8615762879251129,True,True,True,0.0,0.3,0.0,0.44999999999999996,0.07268103645952761,0.024433491917330057,0.026904761904761904,0.023779761904761904,1.5023167133331299,1.458126187324524,1.4217565059661865,1.4546395540237427,dqn
7,concept,0,0,,3.6999995245423634e-07,6.642466168724826e-07,0.8615770060298172,0.8100632432711607,0.8100625790245439,True,True,True,0.0,0.44999999999999996,0.0,0.6,0.06865198711063372,0.02019837249509853,0.023779761904761904,0.02324404761904762,1.5023167133331299,1.458126187324524,1.4217565059661865,1.4546395540237427,dqn
8,concept,2,2,,0.023305312000047707,0.04183912605530422,0.8100632432711607,0.9210533444638428,0.8792142184085385,True,True,True,0.0,0.6,0.0,0.75,0.05974543893539386,0.0314940971798637,0.02324404761904762,0.028511904761904763,1.4112673997879028,1.4605982303619385,1.5310585498809814,1.4635136127471924,dqn
9,concept,0,0,,4.4700004764308687e-07,8.024819122793901e-07,0.9210533444638428,0.8744890763683042,0.8744882738863919,True,True,True,0.0,0.75,0.0,0.8999999999999999,0.07348128342245988,0.023105300472721798,0.028511904761904763,0.02705357142857143,1.538398265838623,0.865736722946167,1.4658459424972534,1.5307345390319824,dqn
10,concept,3,3,,0.02940371999989111,0.05278736227894291,0.8744890763683042,0.9200851533625878,0.8672977910836449,True,True,True,0.0,0.8999999999999999,0.0,1.05,0.07998157274480394,0.026947773341137522,0.02705357142857143,0.02214285714285714,1.4284032583236694,1.2703220844268799,1.2185496091842651,1.4988006353378296,dqn
11,concept,0,0,,3.60000058208243e-07,6.462941931547924e-07,0.9200851533625878,0.9197076645304102,0.919707018236217,True,True,True,0.0,1.05,0.0,1.2,0.0961338155515371,0.07312241359947172,0.02214285714285714,0.01842261904761905,1.5023167133331299,1.458126187324524,1.4217565059661865,1.4546395540237427,dqn
12,concept,0,0,,3.8100006349850446e-07,6.83994691157115e-07,0.9197076645304102,0.9060259402056277,0.9060252562109365,True,True,True,0.0,1.2,0.0,1.3499999999999999,0.0744561064606139,0.06118122526276426,0.01842261904761905,0.018273809523809526,1.5023167133331299,1.458126187324524,1.4217565059661865,1.4546395540237427,dqn
13,concept,0,0,,4.219998572807526e-07,7.576000365948181e-07,0.9060259402056277,0.8974032459425717,0.8974024883425351,True,True,True,0.0,1.3499999999999999,0.0,1.5,0.07194641313742439,0.036736962533590205,0.018273809523809526,0.015148809523809524,1.5023167133331299,1.458126187324524,1.4217565059661865,1.4546395540237427,dqn
14,concept,0,0,,3.7599988900183234e-07,6.750180711030967e-07,0.8974032459425717,0.8563800599679162,0.8563793849498451,True,True,True,0.0,1.5,0.0,1.65,0.08284368952913357,0.04877877607507808,0.015148809523809524,0.019642857142857142,1.5023167133331299,1.458126187324524,1.4217565059661865,1.4546395540237427,dqn
15,concept,0,0,,4.0300005821336526e-07,7.234904315312067e-07,0.8563800599679162,0.8523064687355367,0.8523057452451052,True,True,True,0.0,1.65,0.0,1.7999999999999998,0.08696791443850271,0.049815716280672724,0.019642857142857142,0.022589285714285715,1.5023167133331299,1.458126187324524,1.4217565059661865,1.4546395540237427,dqn
1,concept,0,0,,3.929999365936965e-07,7.055375996183433e-07,0.9350410005187699,0.9296125018095444,0.9296117962719448,True,False,False,0.0,0.0,0.0,0.0,0.059896247240618095,0.029401420158371123,0.024166666666666666,0.025833333333333333,,,,,A1
2,concept,0,0,,4.399998942972161e-07,7.899148074818337e-07,0.9296125018095444,0.9320426523173404,0.932041862402533,True,False,False,0.0,0.0,0.0,0.0,0.044462886821034386,0.015944007450155125,0.025833333333333333,0.025327380952380952,,,,,A1
3,concept,0,0,,4.0600002648716327e-07,7.288761586465138e-07,0.9320426523173404,0.9454650550191217,0.945464326142963,True,False,False,0.0,0.0,0.0,0.0,0.05718308649924886,0.018531089920196617,0.025327380952380952,0.026339285714285714,,,,,A1
4,concept,0,0,,3.65999994755839e-07,6.570656473854065e-07,0.9454650550191217,0.9437619855904607,0.9437613285248133,True,False,True,0.0,0.0,0.0,0.15,0.054916058394160555,0.020283683945252352,0.026339285714285714,0.025773809523809525,,,,,A1
5,concept,0,0,,3.8600001062150113e-07,6.929709030159601e-07,0.9437619855904607,0.9070101098676201,0.9070094168967171,True,True,True,0.0,0.15,0.0,0.3,0.057726688102893914,0.015742810433782756,0.025773809523809525,0.026904761904761904,,,,,A1
6,concept,0,0,,3.770001058001071e-07,6.76813721670039e-07,0.9070101098676201,0.8615770060298172,0.8615763292160956,True,True,True,0.0,0.3,0.0,0.44999999999999996,0.07268103645952761,0.024433491917330057,0.026904761904761904,0.023779761904761904,,,,,A1
7,concept,0,0,,4.0899999476096127e-07,7.342618857618208e-07,0.8615770060298172,0.8100632432711607,0.810062509009275,True,True,True,0.0,0.44999999999999996,0.0,0.6,0.06865198711063372,0.02019837249509853,0.023779761904761904,0.02324404761904762,,,,,A1
8,concept,0,0,,3.8600001062150113e-07,6.929709030159601e-07,0.8100632432711607,0.7757171443827164,0.7757164514118134,True,True,True,0.0,0.6,0.0,0.75,0.05974543893539386,0.0314940971798637,0.02324404761904762,0.028511904761904763,,,,,A1
9,concept,0,0,,4.290000106266234e-07,7.701671413923745e-07,0.7757171443827164,0.6886170296617207,0.6886162594945793,True,True,True,0.0,0.75,0.0,0.8999999999999999,0.07348128342245988,0.023105300472721798,0.028511904761904763,0.02705357142857143,,,,,A1
10,concept,0,0,,4.379999154480174e-07,7.863243227382958e-07,0.6886170296617207,0.6611538901729587,0.6611531038486359,True,True,True,0.0,0.8999999999999999,0.0,1.05,0.07998157274480394,0.026947773341137522,0.02705357142857143,0.02869047619047619,,,,,A1
11,concept,0,0,,3.730001481017098e-07,6.696327521829628e-07,0.6611538901729587,0.6577610951644955,0.6577604255317434,True,True,True,0.0,1.05,0.0,1.2,0.06963110307414111,0.027939572352067885,0.02869047619047619,0.02556547619047619,,,,,A1
12,concept,0,0,,4.1300017983303405e-07,7.414432634440702e-07,0.6577610951644955,0.6247731218434344,0.6247723804001709,True,True,True,0.0,1.2,0.0,1.3499999999999999,0.05888975356679638,0.015843721427232987,0.02556547619047619,0.02782738095238095,,,,,A1
13,concept,0,0,,3.989998731412925e-07,7.163090538489573e-07,0.6247731218434344,0.6025524432487559,0.602551726939702,True,True,True,0.0,1.3499999999999999,0.0,1.5,0.05820570440795164,0.02466577668595249,0.02782738095238095,0.025476190476190475,,,,,A1
14,concept,0,0,,4.170001375314314e-07,7.486242329311462e-07,0.6025524432487559,0.5212547348617407,0.5212539862375077,True,True,True,0.0,1.5,0.0,1.65,0.06445064377682408,0.023233859379868698,0.025476190476190475,0.02592261904761905,,,,,A1
15,concept,0,0,,4.2500005292822607e-07,7.629861719052984e-07,0.5212547348617407,0.5077144111060469,0.507713648119875,True,True,True,0.0,1.65,0.0,1.7999999999999998,0.042150684931506865,0.017630627663051835,0.02592261904761905,0.030833333333333334,,,,,A1
1,concept,1,1,,0.005068420000043261,0.009099138569035287,0.9350410005187699,0.928995636207022,0.9198964976379866,True,False,False,0.0,0.0,0.0,0.0,0.059896247240618095,0.029401420158371123,0.024166666666666666,0.017470238095238094,,,,,A2
2,concept,1,1,,0.004808808999996472,0.008633068972701243,0.928995636207022,0.9249680821223852,0.916335013149684,True,False,False,0.0,0.0,0.0,0.0,0.10198456260720412,0.04333751357544122,0.017470238095238094,0.022410714285714287,,,,,A2
3,concept,1,1,,0.0050691670001015154,0.009100479629373829,0.9249680821223852,0.9407804133774993,0.9316799337481254,True,False,False,0.0,0.0,0.0,0.0,0.07325760822974711,0.04087731311522473,0.022410714285714287,0.014553571428571428,,,,,A2
4,concept,1,1,,0.005120581000028324,0.009192781196670621,0.9407804133774993,0.9279717203611706,0.9187789391644999,True,False,True,0.0,0.0,0.0,0.15,0.0743542292829541,0.04338131992338812,0.014553571428571428,0.015416666666666667,,,,,A2
5,concept,1,1,,0.004777899000146135,0.0085775774444134,0.9279717203611706,0.8962940907692297,0.8877165133248163,True,True,True,0.0,0.15,0.0,0.3,0.1081186076493339,0.042449032621509675,0.015416666666666667,0.018571428571428572,,,,,A2
6,concept,1,1,,0.005064990999926522,0.009092982617631263,0.8962940907692297,0.8605097026281766,0.8514167200105454,True,True,True,0.0,0.3,0.0,0.44999999999999996,0.05356416881998283,0.03547167631585826,0.018571428571428572,0.017886904761904764,,,,,A2
7,concept,1,1,,0.004742310999972688,0.008513687682915676,0.8605097026281766,0.7944982811329311,0.7859845934500154,True,True,True,0.0,0.44999999999999996,0.0,0.6,0.07738112522686025,0.06931428160100964,0.017886904761904764,0.01657738095238095,,,,,A2
8,concept,1,1,,0.00481603899993388,0.008646048712202712,0.7944982811329311,0.7828798553699124,0.7742338066577097,True,True,True,0.0,0.6,0.0,0.75,0.0838951890034364,0.035338884881950555,0.01657738095238095,0.02205357142857143,,,,,A2
9,concept,1,1,,0.004997312999876158,0.008971482919396274,0.7828798553699124,0.7144946782307122,0.7055231953113159,True,True,True,0.0,0.75,0.0,0.8999999999999999,0.06505003411416865,0.07157862264045889,0.02205357142857143,0.024791666666666667,,,,,A2
10,concept,1,1,,0.005472865999990972,0.009825224843887185,0.7144946782307122,0.663889516966469,0.6540642921225819,True,True,True,0.0,0.8999999999999999,0.0,1.05,0.05603448275862069,0.05776518128008616,0.024791666666666667,0.02214285714285714,,,,,A2
11,concept,1,1,,0.004827683000030447,0.008666952735621373,0.663889516966469,0.6328925266426488,0.6242255739070275,True,True,True,0.0,1.05,0.0,1.2,0.0961338155515371,0.07312241359947172,0.02214285714285714,0.012857142857142857,,,,,A2
12,concept,1,1,,0.00503814900002908,0.009044794212460664,0.6328925266426488,0.6066718383612915,0.5976270441488308,True,True,True,0.0,1.2,0.0,1.3499999999999999,0.0656263855683547,0.0327831488898534,0.012857142857142857,0.01744047619047619,,,,,A2
13,concept,1,1,,0.004960658000072726,0.008905677614694504,0.6066718383612915,0.5866733484552761,0.5777676708405816,True,True,True,0.0,1.3499999999999999,0.0,1.5,0.08257821953327571,0.04216258966952483,0.01744047619047619,0.02107142857142857,,,,,A2
14,concept,1,1,,0.004967222999994192,0.008917463505364697,0.5866733484552761,0.46736339941375904,0.45844593590839433,True,True,True,0.0,1.5,0.0,1.65,0.0782778500216732,0.03741268552333986,0.02107142857142857,0.01550595238095238,,,,,A2
15,concept,1,1,,0.005160381999985475,0.009264234393878665,0.46736339941375904,0.4575115652766262,0.4482473308827475,True,True,True,0.0,1.65,0.0,1.7999999999999998,0.10431335616438353,0.05293869928767939,0.01550595238095238,0.020654761904761905,,,,,A2
1,concept,2,2,,0.023189563000187263,0.041631326348699704,0.9350410005187699,0.9188207747947201,0.8771894484460204,True,False,False,0.0,0.0,0.0,0.0,0.059896247240618095,0.029401420158371123,0.024166666666666666,0.025833333333333333,,,,,A3
2,concept,2,2,,0.02416129399989586,0.04337583746224204,0.9188207747947201,0.9241506170554159,0.8807747795931739,True,False,False,0.0,0.0,0.0,0.0,0.044462886821034386,0.015944007450155125,0.025833333333333333,0.025327380952380952,,,,,A3
3,concept,2,2,,0.022395535999976346,0.040205840358506925,0.9241506170554159,0.9308341705112864,0.8906283301527794,True,False,False,0.0,0.0,0.0,0.0,0.05718308649924886,0.018531089920196617,0.025327380952380952,0.026339285714285714,,,,,A3
4,concept,2,2,,0.023848965000070166,0.04281512527806671,0.9308341705112864,0.9347906210901203,0.8919754958120536,True,False,True,0.0,0.0,0.0,0.15,0.054916058394160555,0.020283683945252352,0.026339285714285714,0.025773809523809525,,,,,A3
5,concept,2,2,,0.023430886999904033,0.04206456599999892,0.9347906210901203,0.9209306308310102,0.8788660648310113,True,True,True,0.0,0.15,0.0,0.3,0.057726688102893914,0.015742810433782756,0.025773809523809525,0.026904761904761904,,,,,A3
6,concept,2,2,,0.022393619000013132,0.04020239884255087,0.9209306308310102,0.9229117323996842,0.8827093335571333,True,True,True,0.0,0.3,0.0,0.44999999999999996,0.07268103645952761,0.024433491917330057,0.026904761904761904,0.023779761904761904,,,,,A3
7,concept,2,2,,0.0228940419999617,0.041100788916701304,0.9229117323996842,0.9168378222919973,0.875737033375296,True,True,True,0.0,0.44999999999999996,0.0,0.6,0.06865198711063372,0.02019837249509853,0.023779761904761904,0.02324404761904762,,,,,A3
8,concept,2,2,,0.023978707999958715,0.04304804787215681,0.9168378222919973,0.9210533444638428,0.878005296591686,True,True,True,0.0,0.6,0.0,0.75,0.05974543893539386,0.0314940971798637,0.02324404761904762,0.028511904761904763,,,,,A3
9,concept,2,2,,0.023367946000007578,0.04195157045509013,0.9210533444638428,0.9254329479589798,0.8834813775038897,True,True,True,0.0,0.75,0.0,0.8999999999999999,0.07348128342245988,0.023105300472721798,0.028511904761904763,0.02705357142857143,,,,,A3
10,concept,2,2,,0.023375421000082497,0.041964990033871025,0.9254329479589798,0.9192006107705535,0.8772356207366825,True,True,True,0.0,0.8999999999999999,0.0,1.05,0.07998157274480394,0.026947773341137522,0.02705357142857143,0.02869047619047619,,,,,A3
11,concept,2,2,,0.023605045000067548,0.04237722512777057,0.9192006107705535,0.9400121160118617,0.8976348908840912,True,True,True,0.0,1.05,0.0,1.2,0.06963110307414111,0.027939572352067885,0.02869047619047619,0.02556547619047619,,,,,A3
12,concept,2,2,,0.023507311999992453,0.04220176884939521,0.9400121160118617,0.927682587594697,0.8854808187453018,True,True,True,0.0,1.2,0.0,1.3499999999999999,0.05888975356679638,0.015843721427232987,0.02556547619047619,0.02782738095238095,,,,,A3
13,concept,2,2,,0.022945131999904333,0.041192508819346704,0.927682587594697,0.9377978231436057,0.896605314324259,True,True,True,0.0,1.3499999999999999,0.0,1.5,0.05820570440795164,0.02466577668595249,0.02782738095238095,0.025476190476190475,,,,,A3
14,concept,2,2,,0.023401508999995713,0.042011824812006486,0.9377978231436057,0.923540206780126,0.8815283819681196,True,True,True,0.0,1.5,0.0,1.65,0.06445064377682408,0.023233859379868698,0.025476190476190475,0.02592261904761905,,,,,A3
15,concept,2,2,,0.023071839000067484,0.041419981000448795,0.923540206780126,0.9343345184498479,0.8929145374493992,True,True,True,0.0,1.65,0.0,1.7999999999999998,0.042150684931506865,0.017630627663051835,0.02592261904761905,0.030833333333333334,,,,,A3
1,concept,3,3,,0.029030363999936526,0.052117090679679526,0.9350410005187699,0.9186518839788516,0.866534793299172,True,False,False,0.0,0.0,0.0,0.0,0.059896247240618095,0.029401420158371123,0.024166666666666666,0.017470238095238094,,,,,A4
2,concept,3,3,,0.03023066200012181,0.05427193929674927,0.9186518839788516,0.9241972485976977,0.8699253093009485,True,False,False,0.0,0.0,0.0,0.0,0.10198456260720412,0.04333751357544122,0.017470238095238094,0.022410714285714287,,,,,A4
3,concept,3,3,,0.02904007500001171,0.05213452446285599,0.9241972485976977,0.9314061532401807,0.8792716287773248,True,False,False,0.0,0.0,0.0,0.0,0.07325760822974711,0.04087731311522473,0.022410714285714287,0.014553571428571428,,,,,A4
4,concept,3,3,,0.02767917099981787,0.04969134610020797,0.9314061532401807,0.9342713043429143,0.8845799582427063,True,False,True,0.0,0.0,0.0,0.15,0.0743542292829541,0.04338131992338812,0.014553571428571428,0.015416666666666667,,,,,A4
5,concept,3,3,,0.02908193600001141,0.05220967589853662,0.9342713043429143,0.9215271890560167,0.8693175131574801,True,True,True,0.0,0.15,0.0,0.3,0.1081186076493339,0.042449032621509675,0.015416666666666667,0.018571428571428572,,,,,A4
6,concept,3,3,,0.028111161999959222,0.05046688284949646,0.9215271890560167,0.9217743481046694,0.871307465255173,True,True,True,0.0,0.3,0.0,0.44999999999999996,0.05356416881998283,0.03547167631585826,0.018571428571428572,0.017886904761904764,,,,,A4
7,concept,3,3,,0.02734873700001117,0.049098130709191425,0.9217743481046694,0.9136494812976367,0.8645513505884452,True,True,True,0.0,0.44999999999999996,0.0,0.6,0.07738112522686025,0.06931428160100964,0.017886904761904764,0.01657738095238095,,,,,A4
8,concept,3,3,,0.028318470999920464,0.050839056686163384,0.9136494812976367,0.9218232601509464,0.870984203464783,True,True,True,0.0,0.6,0.0,0.75,0.0838951890034364,0.035338884881950555,0.01657738095238095,0.02205357142857143,,,,,A4
9,concept,3,3,,0.027992108000034932,0.0502531498039912,0.9218232601509464,0.9260853256539965,0.8758321758500053,True,True,True,0.0,0.75,0.0,0.8999999999999999,0.06505003411416865,0.07157862264045889,0.02205357142857143,0.024791666666666667,,,,,A4
10,concept,3,3,,0.02899940199995399,0.052061505797563766,0.9260853256539965,0.9200851533625878,0.868023647565024,True,True,True,0.0,0.8999999999999999,0.0,1.05,0.05603448275862069,0.05776518128008616,0.024791666666666667,0.02214285714285714,,,,,A4
11,concept,3,3,,0.028818503999900713,0.051736746608441304,0.9200851533625878,0.9407122454170173,0.888975498808576,True,True,True,0.0,1.05,0.0,1.2,0.0961338155515371,0.07312241359947172,0.02214285714285714,0.012857142857142857,,,,,A4
12,concept,3,3,,0.029885717000070144,0.05365267286773605,0.9407122454170173,0.927862610479798,0.874209937612062,True,True,True,0.0,1.2,0.0,1.3499999999999999,0.0656263855683547,0.0327831488898534,0.012857142857142857,0.01744047619047619,,,,,A4
13,concept,3,3,,0.02904856500003916,0.0521497662318294,0.927862610479798,0.9368032916600728,0.8846535254282434,True,True,True,0.0,1.3499999999999999,0.0,1.5,0.08257821953327571,0.04216258966952483,0.01744047619047619,0.02107142857142857,,,,,A4
14,concept,3,3,,0.02857459300003029,0.05129886261573471,0.9368032916600728,0.9241788706882312,0.8728800080724965,True,True,True,0.0,1.5,0.0,1.65,0.0782778500216732,0.03741268552333986,0.02107142857142857,0.01550595238095238,,,,,A4
15,concept,3,3,,0.027917033999983687,0.050118372352755465,0.9241788706882312,0.9357719447909938,0.8856535724382383,True,True,True,0.0,1.65,0.0,1.7999999999999998,0.10431335616438353,0.05293869928767939,0.01550595238095238,0.020654761904761905,,,,,A4
1,concept,0,0,,4.3599993659881875e-07,7.827338379947577e-07,0.9350410005187699,0.9296125018095444,0.9296117190757064,True,False,False,0.0,0.0,0.0,0.0,0.059896247240618095,0.029401420158371123,0.024166666666666666,0.025833333333333333,,,,,random
2,concept,3,3,,0.027890454999806025,0.05007065610081878,0.9296125018095444,0.9241972485976977,0.874126592496879,True,False,False,0.0,0.0,0.0,0.0,0.044462886821034386,0.015944007450155125,0.025833333333333333,0.022410714285714287,,,,,random
3,concept,2,2,,0.022276215000147204,0.03999162797839006,0.9241972485976977,0.9313894452300764,0.8913978172516863,True,False,False,0.0,0.0,0.0,0.0,0.07325760822974711,0.04087731311522473,0.022410714285714287,0.021904761904761906,,,,,random
4,concept,1,1,,0.0044613759998810565,0.008009335933316418,0.9313894452300764,0.9220054028711756,0.9139960669378592,True,False,True,0.0,0.0,0.0,0.15,0.09572445255474454,0.06098100567918673,0.021904761904761906,0.015416666666666667,,,,,random
5,concept,1,1,,0.004961582999840175,0.00890733823103259,0.9220054028711756,0.8964628609639158,0.8875555227328832,True,True,True,0.0,0.15,0.0,0.3,0.1081186076493339,0.042449032621509675,0.015416666666666667,0.018571428571428572,,,,,random
6,concept,3,3,,0.02823178500011636,0.05068343266048947,0.8964628609639158,0.9217743481046694,0.8710909154441799,True,True,True,0.0,0.3,0.0,0.44999999999999996,0.05356416881998283,0.03547167631585826,0.018571428571428572,0.017886904761904764,,,,,random
7,concept,0,0,,3.71999931303435e-07,6.678371016160207e-07,0.9217743481046694,0.8810430081128828,0.8810423402757812,True,True,True,0.0,0.44999999999999996,0.0,0.6,0.07738112522686025,0.06931428160100964,0.017886904761904764,0.017261904761904763,,,,,random
8,concept,2,2,,0.02387210699998832,0.042856671216252196,0.8810430081128828,0.9206060091919378,0.8777493379756856,True,True,True,0.0,0.6,0.0,0.75,0.06860348681269557,0.046601000500494504,0.017261904761904763,0.02217261904761905,,,,,random
9,concept,0,0,,3.51000153386849e-07,6.301370118088712e-07,0.9206060091919378,0.8775141524438478,0.877513522306836,True,True,True,0.0,0.75,0.0,0.8999999999999999,0.08931339549692974,0.07448099639213154,0.02217261904761905,0.019583333333333335,,,,,random
10,concept,0,0,,4.0699978853808716e-07,7.306709928231096e-07,0.8775141524438478,0.8538756573878672,0.8538749267168744,True,True,True,0.0,0.8999999999999999,0.0,1.05,0.06521839080459768,0.028861948657440968,0.019583333333333335,0.022113095238095237,,,,,random
11,concept,2,2,,0.024922671000012997,0.0447427081689481,0.8538756573878672,0.9389751978110126,0.8942324896420645,True,True,True,0.0,1.05,0.0,1.2,0.07761490145115879,0.03103588266628575,0.022113095238095237,0.01806547619047619,,,,,random
12,concept,3,3,,0.030170572000088214,0.054164062041724165,0.9389751978110126,0.927862610479798,0.8736985484380738,True,True,True,0.0,1.2,0.0,1.3499999999999999,0.06987246000864678,0.031887582464040255,0.01806547619047619,0.01744047619047619,,,,,random
13,concept,2,2,,0.02438641399999142,0.04377998669918634,0.927862610479798,0.9366693042148019,0.8928893175156155,True,True,True,0.0,1.3499999999999999,0.0,1.5,0.08257821953327571,0.04216258966952483,0.01744047619047619,0.01586309523809524,,,,,random
14,concept,3,3,,0.028947310000148718,0.05196798704328486,0.9366693042148019,0.9241788706882312,0.8722108836449464,True,True,True,0.0,1.5,0.0,1.65,0.10492804508019066,0.06434486885046481,0.01586309523809524,0.01550595238095238,,,,,random
15,concept,2,2,,0.025640612999950463,0.04603160169827391,0.9241788706882312,0.9362696373712533,0.8902380356729794,True,True,True,0.0,1.65,0.0,1.7999999999999998,0.10431335616438353,0.05293869928767939,0.01550595238095238,0.01767857142857143,,,,,random
1,concept,0,0,,3.619998096837662e-07,6.498842697031572e-07,0.9350410005187699,0.9296125018095444,0.9296118519252746,True,False,False,0.0,0.0,0.0,0.0,0.059896247240618095,0.029401420158371123,0.024166666666666666,0.025833333333333333,,,,,heuristic
2,concept,0,0,,4.70000031782547e-07,8.437728950252508e-07,0.9296125018095444,0.9320426523173404,0.9320418085444454,True,False,False,0.0,0.0,0.0,0.0,0.044462886821034386,0.015944007450155125,0.025833333333333333,0.025327380952380952,,,,,heuristic
3,concept,0,0,,4.87999841425335e-07,8.760872577170932e-07,0.9320426523173404,0.9454650550191217,0.945464178931864,True,False,False,0.0,0.0,0.0,0.0,0.05718308649924886,0.018531089920196617,0.025327380952380952,0.026339285714285714,,,,,heuristic
4,concept,0,0,,4.209998678561533e-07,7.558047942230491e-07,0.9454650550191217,0.9437619855904607,0.9437612297856665,True,False,True,0.0,0.0,0.0,0.15,0.054916058394160555,0.020283683945252352,0.026339285714285714,0.025773809523809525,,,,,heuristic
5,concept,0,0,,4.429998625710141e-07,7.953005345971408e-07,0.9437619855904607,0.9070101098676201,0.9070093145670854,True,True,True,0.0,0.15,0.0,0.3,0.057726688102893914,0.015742810433782756,0.025773809523809525,0.026904761904761904,,,,,heuristic
6,concept,0,0,,4.480000370676862e-07,8.042771546511591e-07,0.9070101098676201,0.8615770060298172,0.8615762017526626,True,True,True,0.0,0.3,0.0,0.44999999999999996,0.07268103645952761,0.024433491917330057,0.026904761904761904,0.023779761904761904,,,,,heuristic
7,concept,0,0,,4.029998308396898e-07,7.234900233360335e-07,0.8615770060298172,0.8100632432711607,0.8100625197811374,True,True,True,0.0,0.44999999999999996,0.0,0.6,0.06865198711063372,0.02019837249509853,0.023779761904761904,0.02324404761904762,,,,,heuristic
8,concept,2,2,,0.023661602000174753,0.042478759724552215,0.8100632432711607,0.9210533444638428,0.8785745847392906,True,True,True,0.0,0.6,0.0,0.75,0.05974543893539386,0.0314940971798637,0.02324404761904762,0.028511904761904763,,,,,heuristic
9,concept,0,0,,3.65999994755839e-07,6.570656473854065e-07,0.9210533444638428,0.8744890763683042,0.8744884193026569,True,True,True,0.0,0.75,0.0,0.8999999999999999,0.07348128342245988,0.023105300472721798,0.028511904761904763,0.02705357142857143,,,,,heuristic
10,concept,0,0,,3.390000529179815e-07,6.085936951524697e-07,0.8744890763683042,0.8536858383858685,0.8536852297921734,True,True,True,0.0,0.8999999999999999,0.0,1.05,0.07998157274480394,0.026947773341137522,0.02705357142857143,0.02869047619047619,,,,,heuristic
11,concept,0,0,,3.909999577444978e-07,7.019471148748053e-07,0.8536858383858685,0.8490497944330628,0.849049092485948,True,True,True,0.0,1.05,0.0,1.2,0.06963110307414111,0.027939572352067885,0.02869047619047619,0.02556547619047619,,,,,heuristic
12,concept,2,2,,0.024507758000027025,0.04399783089339984,0.8490497944330628,0.927682587594697,0.8836847567012972,True,True,True,0.0,1.2,0.0,1.3499999999999999,0.05888975356679638,0.015843721427232987,0.02556547619047619,0.02782738095238095,,,,,heuristic
13,concept,0,0,,4.6200011638575234e-07,8.294109560510986e-07,0.927682587594697,0.9280480385433701,0.9280472091324141,True,True,True,0.0,1.3499999999999999,0.0,1.5,0.05820570440795164,0.02466577668595249,0.02782738095238095,0.025476190476190475,,,,,heuristic
14,concept,0,0,,4.930000159220072e-07,8.850638777711115e-07,0.9280480385433701,0.9023243166821113,0.9023234316182336,True,True,True,0.0,1.5,0.0,1.65,0.06445064377682408,0.023233859379868698,0.025476190476190475,0.02592261904761905,,,,,heuristic
15,concept,0,0,,4.830001216760138e-07,8.671114540534213e-07,0.9023243166821113,0.9059741425281658,0.9059732754167117,True,True,True,0.0,1.65,0.0,1.7999999999999998,0.042150684931506865,0.017630627663051835,0.02592261904761905,0.030833333333333334,,,,,heuristic
1,combined,0,0,,4.2500005292822607e-07,7.629861719052984e-07,0.9350410005187699,0.9296125018095444,0.9296117388233724,True,False,False,0.0,0.0,0.0,0.0,0.059896247240618095,0.029401420158371123,0.024166666666666666,0.025833333333333333,1.7376269102096558,1.731085181236267,1.6520226001739502,1.6685761213302612,dqn
2,combined,0,0,,4.070000159117626e-07,7.306714010182827e-07,0.9296125018095444,0.9320426523173404,0.9320419216459394,True,False,False,0.0,0.0,0.0,0.0,0.044462886821034386,0.015944007450155125,0.025833333333333333,0.025327380952380952,1.6148121356964111,1.58070707321167,1.5620830059051514,1.524579405784607,dqn
3,combined,0,0,,4.0200006878876593e-07,7.216951891594377e-07,0.9320426523173404,0.9454650550191217,0.9454643333239325,True,False,False,0.0,0.0,0.0,0.0,0.05718308649924886,0.018531089920196617,0.025327380952380952,0.026339285714285714,1.5023167133331299,1.458126187324524,1.4217565059661865,1.4546395540237427,dqn
4,combined,0,0,,3.969998942920938e-07,7.127185691054195e-07,0.9454650550191217,0.937937212980055,0.9379365002614859,True,False,True,0.0,0.0,0.25,0.0,0.054916058394160555,0.020283683945252352,0.026339285714285714,0.03994047619047619,1.5023167133331299,1.458126187324524,1.4217565059661865,1.4546395540237427,dqn
5,combined,1,1,,0.004709612999931778,0.008454986226978715,0.937937212980055,0.9148088078810971,0.9063538216541184,True,True,True,0.25,0.0,0.5,0.0,0.22099999999999997,0.33766241406510855,0.03994047619047619,0.03113095238095238,0.9866217970848083,1.0479356050491333,0.9838652610778809,1.0300859212875366,dqn
6,combined,1,1,,0.004972073999852,0.008926172317954064,0.9148088078810971,0.912158203125,0.9032320308070458,True,True,True,0.5,0.0,0.75,0.15,0.26312722535822836,1.2279905400285258,0.03113095238095238,0.028601190476190474,0.8751657605171204,0.9161285161972046,0.8717778921127319,0.8605724573135376,dqn
7,combined,1,1,,0.005147692000036841,0.009241452527345763,0.912158203125,0.9033051052947662,0.8940636527674204,True,True,True,0.75,0.15,1.0,0.3,0.24931559593337654,0.41675512313221885,0.028601190476190474,0.027142857142857142,0.7790190577507019,0.8185539245605469,0.682485818862915,0.7826457023620605,dqn
8,combined,1,1,,0.004901966000034008,0.008800310135037815,0.9033051052947662,0.8872193916031773,0.8784190814681395,True,True,True,1.0,0.3,1.25,0.44999999999999996,0.20299999999999996,0.1893828354620008,0.027142857142857142,0.03273809523809524,0.8129875659942627,0.8226767778396606,0.7498472332954407,0.375356525182724,dqn
9,combined,1,1,,0.004766362000054869,0.00855686551396949,0.8872193916031773,0.8457005992844814,0.8371437337705119,True,True,True,1.25,0.44999999999999996,1.5,0.6,0.2346916451335056,0.1370945877407709,0.03273809523809524,0.036517857142857144,1.1204088926315308,1.135833978652954,1.014876365661621,0.8633096218109131,dqn
10,combined,3,3,,0.02795388100003038,0.050184522348074564,0.8457005992844814,0.9204669658110053,0.8702824434629307,True,True,True,1.5,0.6,1.75,0.75,0.22599999999999998,0.2221332026515189,0.036517857142857144,0.03720238095238095,1.0720587968826294,1.1054643392562866,1.1363215446472168,1.2265158891677856,dqn
11,combined,0,0,,4.309999894758221e-07,7.737576261359126e-07,0.9204669658110053,0.8895904249478422,0.8895896511902162,True,True,True,1.75,0.75,2.0,0.8999999999999999,0.2571184752003466,0.27684816845661503,0.03720238095238095,0.049523809523809526,0.949663519859314,0.8999080657958984,0.9432891607284546,0.860220193862915,dqn
12,combined,1,1,,0.00513076899983389,0.00921107131903052,0.8895904249478422,0.8470558346218753,0.8378447633028447,True,True,True,2.0,0.8999999999999999,2.25,1.05,0.3479947837426646,8.194840264548805,0.049523809523809526,0.025863095238095237,0.863010823726654,0.8738244771957397,0.8421475291252136,0.772754430770874,dqn
13,combined,3,3,,0.02893104999998286,0.05193879609331615,0.8470558346218753,0.9287412126041208,0.8768024165108046,True,True,True,2.25,1.05,2.5,1.2,0.259,0.15109050651392766,0.025863095238095237,0.03360119047619048,0.7364469170570374,0.677771806716919,0.7107881307601929,0.9560837745666504,dqn
14,combined,0,0,,3.7099994187883567e-07,6.660418592442516e-07,0.9287412126041208,0.9139169409622522,0.913916274920393,True,True,True,2.5,1.2,2.75,1.3499999999999999,0.268,0.5452792108160223,0.03360119047619048,0.05282738095238095,0.9986092448234558,0.9567959308624268,0.9694678783416748,0.9532395601272583,dqn
15,combined,1,1,,0.004588138999906732,0.008236908648807715,0.9139169409622522,0.9224183268141616,0.9141814181653539,True,True,True,2.75,1.3499999999999999,3.0,1.5,0.394,8.03313931172239,0.05282738095238095,0.029464285714285714,0.863010823726654,0.8738244771957397,0.8421475291252136,0.772754430770874,dqn
1,combined,0,0,,3.68999963029637e-07,6.624513745007136e-07,0.9350410005187699,0.9296125018095444,0.9296118393581698,True,False,False,0.0,0.0,0.0,0.0,0.059896247240618095,0.029401420158371123,0.024166666666666666,0.025833333333333333,,,,,A1
2,combined,0,0,,4.5900014811195433e-07,8.240252289357916e-07,0.9296125018095444,0.9320426523173404,0.9320418282921115,True,False,False,0.0,0.0,0.0,0.0,0.044462886821034386,0.015944007450155125,0.025833333333333333,0.025327380952380952,,,,,A1
3,combined,0,0,,4.339999577496201e-07,7.791433532512196e-07,0.9320426523173404,0.9454650550191217,0.9454642758757684,True,False,False,0.0,0.0,0.0,0.0,0.05718308649924886,0.018531089920196617,0.025327380952380952,0.026339285714285714,,,,,A1
4,combined,0,0,,3.57000089934445e-07,6.409084660394854e-07,0.9454650550191217,0.937937212980055,0.9379365720715889,True,False,True,0.0,0.0,0.25,0.0,0.054916058394160555,0.020283683945252352,0.026339285714285714,0.03994047619047619,,,,,A1
5,combined,0,0,,4.4900002649228554e-07,8.060723970229282e-07,0.937937212980055,0.8967325856131076,0.8967317795407106,True,True,True,0.25,0.0,0.5,0.0,0.22099999999999997,0.33766241406510855,0.03994047619047619,0.06488095238095239,,,,,A1
6,combined,0,0,,3.8199982554942835e-07,6.857895253337109e-07,0.8967325856131076,0.8622898582175926,0.8622891724280674,True,True,True,0.5,0.0,0.75,0.15,0.4003304385584021,7.476221722717217,0.06488095238095239,0.09321428571428571,,,,,A1
7,combined,0,0,,4.0000008993956726e-07,7.181047044158997e-07,0.8622898582175926,0.835321325961243,0.8353206078565386,True,True,True,0.75,0.15,1.0,0.3,0.5845340687865023,10.665616829188968,0.09321428571428571,0.1430952380952381,,,,,A1
8,combined,0,0,,3.8199982554942835e-07,6.857895253337109e-07,0.835321325961243,0.8060904023546048,0.8060897165650796,True,True,True,1.0,0.3,1.25,0.44999999999999996,0.6580391859709893,10.633112650687831,0.1430952380952381,0.21642857142857144,,,,,A1
9,combined,0,0,,3.5600010050984565e-07,6.391132236677162e-07,0.8060904023546048,0.7265923593205378,0.7265917202073141,True,True,True,1.25,0.44999999999999996,1.5,0.6,0.7423195521102498,13.608250265992002,0.21642857142857144,0.2839285714285714,,,,,A1
10,combined,0,0,,4.070000159117626e-07,7.306714010182827e-07,0.7265923593205378,0.7305512863019241,0.7305505556305231,True,True,True,1.5,0.6,1.75,0.75,0.781833836858006,16.29538486959767,0.2839285714285714,0.4004761904761905,,,,,A1
11,combined,0,0,,3.7200015867711045e-07,6.678375098111939e-07,0.7305512863019241,0.6919143879664205,0.6919137201289106,True,True,True,1.75,0.75,2.0,0.8999999999999999,0.8399166125189518,16.43256024051294,0.4004761904761905,0.4548214285714286,,,,,A1
12,combined,0,0,,3.9799988371669315e-07,7.145138114771884e-07,0.6919143879664205,0.6069244881402311,0.6069237736264197,True,True,True,2.0,0.8999999999999999,2.25,1.05,0.8733983916539882,18.74762710130151,0.4548214285714286,0.5794642857142858,,,,,A1
13,combined,0,0,,4.500000159168849e-07,8.078676393946972e-07,0.6069244881402311,0.6284471456503804,0.6284463377827411,True,True,True,2.25,1.05,2.5,1.2,0.895886636145629,18.744668311422565,0.5794642857142858,0.668125,,,,,A1
14,combined,0,0,,3.8899997889529914e-07,6.983566301312672e-07,0.6284471456503804,0.5787926325372926,0.5787919341806625,True,True,True,2.5,1.2,2.75,1.3499999999999999,0.9225958369470945,20.60726595925569,0.668125,0.742827380952381,,,,,A1
15,combined,0,0,,3.8100006349850446e-07,6.83994691157115e-07,0.5787926325372926,0.5910492160404801,0.591048532045789,True,True,True,2.75,1.3499999999999999,3.0,1.5,0.945,20.61074868156496,0.742827380952381,0.8215178571428572,,,,,A1
1,combined,1,1,,0.0049382070001229295,0.00886537220205016,0.9350410005187699,0.928995636207022,0.9201302640049718,True,False,False,0.0,0.0,0.0,0.0,0.059896247240618095,0.029401420158371123,0.024166666666666666,0.017470238095238094,,,,,A2
2,combined,1,1,,0.005262500999833719,0.009447564688160225,0.928995636207022,0.9249680821223852,0.915520517434225,True,False,False,0.0,0.0,0.0,0.0,0.10198456260720412,0.04333751357544122,0.017470238095238094,0.022410714285714287,,,,,A2
3,combined,1,1,,0.0048851169999579724,0.008770061776290864,0.9249680821223852,0.9407804133774993,0.9320103516012084,True,False,False,0.0,0.0,0.0,0.0,0.07325760822974711,0.04087731311522473,0.022410714285714287,0.014553571428571428,,,,,A2
4,combined,1,1,,0.004732023999849844,0.0084952198291118,0.9407804133774993,0.9180860553329431,0.9095908355038312,True,False,True,0.0,0.0,0.25,0.0,0.0743542292829541,0.04338131992338812,0.014553571428571428,0.027410714285714285,,,,,A2
5,combined,1,1,,0.004891162999911103,0.008780915926373423,0.9180860553329431,0.9148088078810971,0.9060278919547237,True,True,True,0.25,0.0,0.5,0.0,0.29000000000000004,0.25921377901459774,0.027410714285714285,0.03113095238095238,,,,,A2
6,combined,1,1,,0.0048756329999832815,0.008753035517622933,0.9148088078810971,0.912158203125,0.903405167607377,True,True,True,0.5,0.0,0.75,0.15,0.26312722535822836,1.2279905400285258,0.03113095238095238,0.028601190476190474,,,,,A2
7,combined,1,1,,0.004939882999906331,0.008868381059696272,0.912158203125,0.9033051052947662,0.8944367242350699,True,True,True,0.75,0.15,1.0,0.3,0.24931559593337654,0.41675512313221885,0.028601190476190474,0.027142857142857142,,,,,A2
8,combined,1,1,,0.0049204689998987305,0.008833527855690507,0.9033051052947662,0.8872193916031773,0.8783858637474868,True,True,True,1.0,0.3,1.25,0.44999999999999996,0.20299999999999996,0.1893828354620008,0.027142857142857142,0.03273809523809524,,,,,A2
9,combined,1,1,,0.004639709999992192,0.008329492072422437,0.8872193916031773,0.8457005992844814,0.837371107212059,True,True,True,1.25,0.44999999999999996,1.5,0.6,0.2346916451335056,0.1370945877407709,0.03273809523809524,0.036517857142857144,,,,,A2
10,combined,1,1,,0.004624097000032634,0.00830146265692231,0.8457005992844814,0.7984087703425643,0.790107307685642,True,True,True,1.5,0.6,1.75,0.75,0.22599999999999998,0.2221332026515189,0.036517857142857144,0.03720238095238095,,,,,A2
11,combined,1,1,,0.005382684999858611,0.00966332637917993,0.7984087703425643,0.6987705964264908,0.6891072700473109,True,True,True,1.75,0.75,2.0,0.8999999999999999,0.2571184752003466,0.27684816845661503,0.03720238095238095,0.019910714285714285,,,,,A2
12,combined,1,1,,0.0046198750001167355,0.008293883063622448,0.6987705964264908,0.6371544610879158,0.6288605780242934,True,True,True,2.0,0.8999999999999999,2.25,1.05,0.269,0.32403389040082275,0.019910714285714285,0.025863095238095237,,,,,A2
13,combined,1,1,,0.004662812000105987,0.008370966200504855,0.6371544610879158,0.6261238542479006,0.6177528880473958,True,True,True,2.25,1.05,2.5,1.2,0.259,0.15109050651392766,0.025863095238095237,0.03360119047619048,,,,,A2
14,combined,1,1,,0.004646828999966601,0.008342272537979662,0.6261238542479006,0.5233111562434344,0.5149688837054547,True,True,True,2.5,1.2,2.75,1.3499999999999999,0.268,0.5452792108160223,0.03360119047619048,0.023095238095238096,,,,,A2
15,combined,1,1,,0.004932251999889559,0.008854681420248015,0.5233111562434344,0.49689818726788465,0.4880435058476366,True,True,True,2.75,1.3499999999999999,3.0,1.5,0.20191978609625671,0.1820277067451849,0.023095238095238096,0.029464285714285714,,,,,A2
1,combined,2,2,,0.03395647899992582,0.06096075458115637,0.9350410005187699,0.9188207747947201,0.8578600202135638,True,False,False,0.0,0.0,0.0,0.0,0.059896247240618095,0.029401420158371123,0.024166666666666666,0.025833333333333333,,,,,A3
2,combined,2,2,,0.022617094999986875,0.04060359666960496,0.9188207747947201,0.9241506170554159,0.8835470203858109,True,False,False,0.0,0.0,0.0,0.0,0.044462886821034386,0.015944007450155125,0.025833333333333333,0.025327380952380952,,,,,A3
3,combined,2,2,,0.022368564999851515,0.040157420364213,0.9241506170554159,0.9308341705112864,0.8906767501470734,True,False,False,0.0,0.0,0.0,0.0,0.05718308649924886,0.018531089920196617,0.025327380952380952,0.026339285714285714,,,,,A3
4,combined,2,2,,0.022642988999905356,0.04065008316704653,0.9308341705112864,0.9359632473774256,0.8953131642103791,True,False,True,0.0,0.0,0.25,0.0,0.054916058394160555,0.020283683945252352,0.026339285714285714,0.03994047619047619,,,,,A3
5,combined,2,2,,0.023079413999994358,0.04143358010509965,0.9359632473774256,0.9180840169795994,0.8766504368744997,True,True,True,0.25,0.0,0.5,0.0,0.22099999999999997,0.33766241406510855,0.03994047619047619,0.06488095238095239,,,,,A3
6,combined,2,2,,0.02182790400001977,0.039186792563774164,0.9180840169795994,0.9219437210648149,0.8827569285010408,True,True,True,0.5,0.0,0.75,0.15,0.4003304385584021,7.476221722717217,0.06488095238095239,0.09321428571428571,,,,,A3
7,combined,2,2,,0.0449766050001017,0.08074476094269963,0.9219437210648149,0.9081976676976691,0.8274529067549694,True,True,True,0.75,0.15,1.0,0.3,0.5845340687865023,10.665616829188968,0.09321428571428571,0.1430952380952381,,,,,A3
8,combined,2,2,,0.03149074299994936,0.05653411402290487,0.9081976676976691,0.9136990443890473,0.8571649303661424,True,True,True,1.0,0.3,1.25,0.44999999999999996,0.6580391859709893,10.633112650687831,0.1430952380952381,0.21642857142857144,,,,,A3
9,combined,2,2,,0.023145226999986335,0.04155173164079831,0.9136990443890473,0.9026707227570681,0.8611189911162698,True,True,True,1.25,0.44999999999999996,1.5,0.6,0.7423195521102498,13.608250265992002,0.21642857142857144,0.2839285714285714,,,,,A3
10,combined,2,2,,0.023120741999946404,0.041507774666391245,0.9026707227570681,0.8974403912290955,0.8559326165627043,True,True,True,1.5,0.6,1.75,0.75,0.781833836858006,16.29538486959767,0.2839285714285714,0.4004761904761905,,,,,A3
11,combined,2,2,,0.025513667000041096,0.045803700450163014,0.8974403912290955,0.8815746129351048,0.8357709124849417,True,True,True,1.75,0.75,2.0,0.8999999999999999,0.8399166125189518,16.43256024051294,0.4004761904761905,0.4548214285714286,,,,,A3
12,combined,2,2,,0.021786731000020154,0.03911287626790756,0.8815746129351048,0.8369620984907804,0.7978492222228728,True,True,True,2.0,0.8999999999999999,2.25,1.05,0.8733983916539882,18.74762710130151,0.4548214285714286,0.5794642857142858,,,,,A3
13,combined,2,2,,0.02099760300006892,0.037696185263570776,0.8369620984907804,0.8341043496196837,0.796408164356113,True,True,True,2.25,1.05,2.5,1.2,0.895886636145629,18.744668311422565,0.5794642857142858,0.668125,,,,,A3
14,combined,2,2,,0.022280594999983805,0.03999949122284203,0.8341043496196837,0.7500696827508929,0.7100701915280508,True,True,True,2.5,1.2,2.75,1.3499999999999999,0.9225958369470945,20.60726595925569,0.668125,0.742827380952381,,,,,A3
15,combined,2,2,,0.020033525999906487,0.03596541507964305,0.7500696827508929,0.7631493493887791,0.7271839343091361,True,True,True,2.75,1.3499999999999999,3.0,1.5,0.945,20.61074868156496,0.742827380952381,0.8215178571428572,,,,,A3
1,combined,3,3,,0.029851226999880964,0.053590754303180485,0.9350410005187699,0.9186518839788516,0.8650611296756711,True,False,False,0.0,0.0,0.0,0.0,0.059896247240618095,0.029401420158371123,0.024166666666666666,0.017470238095238094,,,,,A4
2,combined,3,3,,0.03174979699997493,0.05699918365862477,0.9186518839788516,0.9241972485976977,0.8671980649390729,True,False,False,0.0,0.0,0.0,0.0,0.10198456260720412,0.04333751357544122,0.017470238095238094,0.022410714285714287,,,,,A4
3,combined,3,3,,0.028036300000167103,0.05033248599413369,0.9241972485976977,0.9314061532401807,0.8810736672460471,True,False,False,0.0,0.0,0.0,0.0,0.07325760822974711,0.04087731311522473,0.022410714285714287,0.014553571428571428,,,,,A4
4,combined,3,3,,0.02802078900003835,0.05030463969498826,0.9314061532401807,0.9367405930619962,0.886435953367008,True,False,True,0.0,0.0,0.25,0.0,0.0743542292829541,0.04338131992338812,0.014553571428571428,0.027410714285714285,,,,,A4
5,combined,3,3,,0.028626886999973067,0.05139274401305466,0.9367405930619962,0.9193740775066076,0.8679813334935529,True,True,True,0.25,0.0,0.5,0.0,0.29000000000000004,0.25921377901459774,0.027410714285714285,0.03113095238095238,,,,,A4
6,combined,3,3,,0.028413741999884223,0.051010093030877,0.9193740775066076,0.9219759114583334,0.8709658184274564,True,True,True,0.5,0.0,0.75,0.15,0.26312722535822836,1.2279905400285258,0.03113095238095238,0.028601190476190474,,,,,A4
7,combined,3,3,,0.028280497000196192,0.05077088343187335,0.9219759114583334,0.9112201871593674,0.8604493037274941,True,True,True,0.75,0.15,1.0,0.3,0.24931559593337654,0.41675512313221885,0.028601190476190474,0.027142857142857142,,,,,A4
8,combined,3,3,,0.030513564000102633,0.05477982232523956,0.9112201871593674,0.92149005820026,0.8667102358750204,True,True,True,1.0,0.3,1.25,0.44999999999999996,0.20299999999999996,0.1893828354620008,0.027142857142857142,0.03273809523809524,,,,,A4
9,combined,3,3,,0.028788690000055794,0.05168322268661088,0.92149005820026,0.9275729805148082,0.8758897578281973,True,True,True,1.25,0.44999999999999996,1.5,0.6,0.2346916451335056,0.1370945877407709,0.03273809523809524,0.036517857142857144,,,,,A4
10,combined,3,3,,0.028740879999986646,0.05159739124099053,0.9275729805148082,0.9204669658110053,0.8688695745700148,True,True,True,1.5,0.6,1.75,0.75,0.22599999999999998,0.2221332026515189,0.036517857142857144,0.03720238095238095,,,,,A4
11,combined,3,3,,0.028062205999958678,0.050378994034483725,0.9204669658110053,0.9199835081714283,0.8696045141369445,True,True,True,1.75,0.75,2.0,0.8999999999999999,0.2571184752003466,0.27684816845661503,0.03720238095238095,0.019910714285714285,,,,,A4
12,combined,3,3,,0.028178543000194622,0.050587849355440494,0.9199835081714283,0.9273128033491728,0.8767249539937323,True,True,True,2.0,0.8999999999999999,2.25,1.05,0.269,0.32403389040082275,0.019910714285714285,0.025863095238095237,,,,,A4
13,combined,3,3,,0.027760703000012654,0.04983771734954733,0.9273128033491728,0.9287412126041208,0.8789034952545735,True,True,True,2.25,1.05,2.5,1.2,0.259,0.15109050651392766,0.025863095238095237,0.03360119047619048,,,,,A4
14,combined,3,3,,0.028333480999890526,0.05086600355908387,0.9287412126041208,0.9215799425730092,0.8707139390139254,True,True,True,2.5,1.2,2.75,1.3499999999999999,0.268,0.5452792108160223,0.03360119047619048,0.023095238095238096,,,,,A4
15,combined,3,3,,0.02947056700008943,0.052907370115255536,0.9215799425730092,0.9365681414042585,0.883660771289003,True,True,True,2.75,1.3499999999999999,3.0,1.5,0.20191978609625671,0.1820277067451849,0.023095238095238096,0.029464285714285714,,,,,A4
1,combined,0,0,,4.850001005252125e-07,8.707019387969593e-07,0.9350410005187699,0.9296125018095444,0.9296116311076056,True,False,False,0.0,0.0,0.0,0.0,0.059896247240618095,0.029401420158371123,0.024166666666666666,0.025833333333333333,,,,,random
2,combined,3,3,,0.030681651000122656,0.05508158242105296,0.9296125018095444,0.9241972485976977,0.8691156661766447,True,False,False,0.0,0.0,0.0,0.0,0.044462886821034386,0.015944007450155125,0.025833333333333333,0.022410714285714287,,,,,random
3,combined,2,2,,0.024287534999984928,0.04360247305141859,0.9241972485976977,0.9313894452300764,0.8877869721786578,True,False,False,0.0,0.0,0.0,0.0,0.07325760822974711,0.04087731311522473,0.022410714285714287,0.021904761904761906,,,,,random
4,combined,1,1,,0.0048401700000795245,0.008689370164279049,0.9313894452300764,0.9243741136148756,0.9156847434505966,True,False,True,0.0,0.0,0.25,0.0,0.09572445255474454,0.06098100567918673,0.021904761904761906,0.027410714285714285,,,,,random
5,combined,1,1,,0.0047920100000737875,0.008602910377297464,0.9243741136148756,0.9177747314042494,0.9091718210269519,True,True,True,0.25,0.0,0.5,0.0,0.29000000000000004,0.25921377901459774,0.027410714285714285,0.03113095238095238,,,,,random
6,combined,3,3,,0.028765320000047723,0.05164126742867448,0.9177747314042494,0.9219759114583334,0.8703346440296589,True,True,True,0.5,0.0,0.75,0.15,0.26312722535822836,1.2279905400285258,0.03113095238095238,0.028601190476190474,,,,,random
7,combined,0,0,,4.0000008993956726e-07,7.181047044158997e-07,0.9219759114583334,0.9090822903479563,0.9090815722432519,True,True,True,0.75,0.15,1.0,0.3,0.24931559593337654,0.41675512313221885,0.028601190476190474,0.052529761904761905,,,,,random
8,combined,2,2,,0.0237996270000167,0.04272655067312045,0.9090822903479563,0.9183477016938197,0.8756211510206993,True,True,True,1.0,0.3,1.25,0.44999999999999996,0.4554812730028145,7.6427972974683,0.052529761904761905,0.09369047619047619,,,,,random
9,combined,0,0,,4.829998943023384e-07,8.671110458582481e-07,0.9183477016938197,0.871757649556952,0.8717567824459062,True,True,True,1.25,0.44999999999999996,1.5,0.6,0.559037037037037,8.131687411991015,0.09369047619047619,0.14169642857142858,,,,,random
10,combined,0,0,,4.129999524593586e-07,7.41442855248897e-07,0.871757649556952,0.8298133063972308,0.8298125649543756,True,True,True,1.5,0.6,1.75,0.75,0.676833836858006,11.338563968609936,0.14169642857142858,0.21901785714285715,,,,,random
11,combined,2,2,,0.021895267999980206,0.03930772854978149,0.8298133063972308,0.900207301865507,0.8608995733157255,True,True,True,1.75,0.75,2.0,0.8999999999999999,0.7065845787307775,14.269637507902521,0.21901785714285715,0.2687202380952381,,,,,random
12,combined,3,3,,0.027857079000114027,0.050010737458307905,0.900207301865507,0.9273128033491728,0.8773020658908649,True,True,True,2.0,0.8999999999999999,2.25,1.05,0.7825848728537275,14.678799836649326,0.2687202380952381,0.025863095238095237,,,,,random
13,combined,2,2,,0.023476072999983444,0.04214568667983593,0.9273128033491728,0.929696594672182,0.887550907992346,True,True,True,2.25,1.05,2.5,1.2,0.259,0.15109050651392766,0.025863095238095237,0.03401785714285714,,,,,random
14,combined,3,3,,0.028299135999986902,0.050804345307937766,0.929696594672182,0.9215799425730092,0.8707755972650715,True,True,True,2.5,1.2,2.75,1.3499999999999999,0.399,9.622920472247731,0.03401785714285714,0.023095238095238096,,,,,random
15,combined,2,2,,0.022676936000152637,0.04071102690478935,0.9215799425730092,0.9356949182932829,0.8949838913884935,True,True,True,2.75,1.3499999999999999,3.0,1.5,0.20191978609625671,0.1820277067451849,0.023095238095238096,0.03619047619047619,,,,,random
1,combined,0,0,,4.2500005292822607e-07,7.629861719052984e-07,0.9350410005187699,0.9296125018095444,0.9296117388233724,True,False,False,0.0,0.0,0.0,0.0,0.059896247240618095,0.029401420158371123,0.024166666666666666,0.025833333333333333,,,,,heuristic
2,combined,0,0,,4.1099997361015994e-07,7.378523705053589e-07,0.9296125018095444,0.9320426523173404,0.9320419144649699,True,False,False,0.0,0.0,0.0,0.0,0.044462886821034386,0.015944007450155125,0.025833333333333333,0.025327380952380952,,,,,heuristic
3,combined,0,0,,3.559998731361702e-07,6.39112815472543e-07,0.9320426523173404,0.9454650550191217,0.9454644159063063,True,False,False,0.0,0.0,0.0,0.0,0.05718308649924886,0.018531089920196617,0.025327380952380952,0.026339285714285714,,,,,heuristic
4,combined,0,0,,3.580000793590443e-07,6.427037084112543e-07,0.9454650550191217,0.937937212980055,0.9379365702763466,True,False,True,0.0,0.0,0.25,0.0,0.054916058394160555,0.020283683945252352,0.026339285714285714,0.03994047619047619,,,,,heuristic
5,combined,1,1,,0.004717468000080771,0.008469088005208392,0.937937212980055,0.9148088078810971,0.9063397198758887,True,True,True,0.25,0.0,0.5,0.0,0.22099999999999997,0.33766241406510855,0.03994047619047619,0.03113095238095238,,,,,heuristic
6,combined,1,1,,0.004407658999980413,0.007912899879160558,0.9148088078810971,0.912158203125,0.9042453032458394,True,True,True,0.5,0.0,0.75,0.15,0.26312722535822836,1.2279905400285258,0.03113095238095238,0.028601190476190474,,,,,heuristic
7,combined,1,1,,0.004756849000159491,0.008539787192864585,0.912158203125,0.9033051052947662,0.8947653181019015,True,True,True,0.75,0.15,1.0,0.3,0.24931559593337654,0.41675512313221885,0.028601190476190474,0.027142857142857142,,,,,heuristic
8,combined,0,0,,3.8600001062150113e-07,6.929709030159601e-07,0.9033051052947662,0.8796893174176843,0.8796886244467813,True,True,True,1.0,0.3,1.25,0.44999999999999996,0.20299999999999996,0.1893828354620008,0.027142857142857142,0.05074404761904762,,,,,heuristic
9,combined,1,1,,0.004282782000018415,0.007688713026703592,0.8796893174176843,0.8457005992844814,0.8380118862577778,True,True,True,1.25,0.44999999999999996,1.5,0.6,0.35623169681309214,6.757675485484852,0.05074404761904762,0.036517857142857144,,,,,heuristic
10,combined,2,2,,0.02391921799994634,0.04294124777398423,0.8457005992844814,0.9198266948390578,0.8768854470650735,True,True,True,1.5,0.6,1.75,0.75,0.22599999999999998,0.2221332026515189,0.036517857142857144,0.0637202380952381,,,,,heuristic
11,combined,1,1,,0.0046668830000271555,0.008378274709349215,0.9198266948390578,0.8937193269823241,0.8853410522729749,True,True,True,1.75,0.75,2.0,0.8999999999999999,0.35187394411955814,10.143710726193854,0.0637202380952381,0.019910714285714285,,,,,heuristic
12,combined,1,1,,0.004896942000186755,0.008791290742252572,0.8937193269823241,0.8568566453432986,0.848065354601046,True,True,True,2.0,0.8999999999999999,2.25,1.05,0.269,0.32403389040082275,0.019910714285714285,0.025863095238095237,,,,,heuristic
13,combined,0,0,,3.6699998418043833e-07,6.588608897571755e-07,0.8568566453432986,0.8362662326653783,0.8362655738044885,True,True,True,2.25,1.05,2.5,1.2,0.259,0.15109050651392766,0.025863095238095237,0.03401785714285714,,,,,heuristic
14,combined,3,3,,0.027787922000015897,0.04988658256843961,0.8362662326653783,0.9215799425730092,0.8716933600045697,True,True,True,2.5,1.2,2.75,1.3499999999999999,0.399,9.622920472247731,0.03401785714285714,0.023095238095238096,,,,,heuristic
15,combined,0,0,,4.3500017454789486e-07,7.809390038181619e-07,0.9215799425730092,0.9352646600183115,0.9352638790793077,True,True,True,2.75,1.3499999999999999,3.0,1.5,0.20191978609625671,0.1820277067451849,0.023095238095238096,0.03619047619047619,,,,,heuristic
