episode,scenario,onset,rate_factor,train_return,epsilon,lr,loss,updates,validation_return,train_count_A1,train_count_A2,train_count_A3,train_count_A4,val_count_A1,val_count_A2,val_count_A3,val_count_A4,agreement_prev,tie_agreement_prev
1,stable,6,1.0,13.60270755928178,1.0,0.0005,,0,,4,4,5,2,,,,,,
2,covariate,3,1.0,13.505119368451055,0.99,0.00049955,,0,,4,5,2,4,,,,,,
3,concept,3,1.0,13.333780346649093,0.9801,0.0004991,,0,,3,3,4,5,,,,,,
4,combined,5,1.25,13.243248304265583,0.9702989999999999,0.00049865,,0,,6,3,2,4,,,,,,
5,covariate,5,0.75,13.592773412572813,0.96059601,0.0004982,0.0046967025846242905,12,,4,4,4,3,,,,,,
6,concept,5,1.0,13.240277615907672,0.9509900498999999,0.00049775,0.0029377522878348827,27,,5,3,5,2,,,,,,
7,combined,3,1.0,13.281807646733565,0.9414801494009999,0.0004973,0.003779664868488908,42,,5,6,0,4,,,,,,
8,stable,3,1.0,13.68238766049058,0.9320653479069899,0.00049685,0.003862189594656229,57,,7,4,1,3,,,,,,
9,covariate,6,0.75,13.690472034863845,0.92274469442792,0.0004964,0.0014710756950080395,72,,1,10,1,3,,,,,,
10,concept,6,0.75,13.537385382915392,0.9135172474836407,0.00049595,0.0012644496746361256,87,13.196505814021158,5,6,3,1,4.0,8.0,48.0,0.0,,
11,combined,4,0.75,13.460788414046114,0.9043820750088043,0.0004955000000000001,0.0050452519208192825,102,,2,6,5,2,,,,,,
12,covariate,5,1.25,13.374796467856777,0.8953382542587163,0.00049505,0.0015614985022693872,117,,5,4,0,6,,,,,,
13,concept,3,1.25,13.192381443908934,0.8863848717161291,0.0004946,0.0009269653237424791,132,,4,3,3,5,,,,,,
14,combined,6,0.75,13.386704272090697,0.8775210229989678,0.0004941500000000001,0.0008004243718460202,147,,4,2,4,5,,,,,,
15,stable,6,1.0,13.683365002712684,0.8687458127689781,0.0004937,0.003610719693824649,162,,4,5,4,2,,,,,,
16,covariate,3,1.25,13.245999213642506,0.8600583546412883,0.00049325,0.002883328590542078,177,,7,1,3,4,,,,,,
17,concept,5,1.25,13.316109337348182,0.8514577710948754,0.0004928,0.0015009210910648108,192,,4,3,6,2,,,,,,
18,combined,6,1.0,13.387214524574379,0.8429431933839266,0.00049235,0.003392084501683712,207,,4,4,3,4,,,,,,
19,covariate,5,0.75,13.527211912674511,0.8345137614500874,0.0004919,0.002791060134768486,222,,3,6,3,3,,,,,,
20,concept,6,1.0,13.476227414649852,0.8261686238355865,0.00049145,0.0007003342034295201,237,13.504339660825973,7,1,1,6,30.0,21.0,2.0,7.0,0.1,0.13333333333333333
21,combined,3,1.25,13.283122152767278,0.8179069375972307,0.000491,0.007910777814686298,252,,6,3,4,2,,,,,,
22,stable,4,0.75,13.649309990089504,0.8097278682212583,0.00049055,0.005590608809143305,267,,4,5,4,2,,,,,,
23,covariate,7,0.75,13.530367101593233,0.8016305895390458,0.0004901,0.0020572368521243334,282,,5,2,5,3,,,,,,
24,concept,6,1.0,12.871260813625407,0.7936142836436553,0.00048965,0.003930474631488323,297,,8,4,3,0,,,,,,
25,combined,5,0.75,13.263630180467294,0.7856781408072188,0.0004892,0.00609100516885519,312,,1,2,5,7,,,,,,
26,covariate,5,1.25,13.337120727263756,0.7778213593991465,0.00048875,0.005101809743791819,327,,3,2,5,5,,,,,,
27,concept,6,1.0,13.290842665668936,0.7700431458051551,0.0004883,0.00734192319214344,342,,2,3,4,6,,,,,,
28,combined,4,1.25,13.07931888013156,0.7623427143471035,0.00048785,0.007047732826322317,357,,3,5,3,4,,,,,,
29,stable,5,1.25,13.672343415695778,0.7547192872036325,0.00048740000000000003,0.011564679443836212,372,,5,4,1,5,,,,,,
30,covariate,4,1.25,13.413141978728309,0.7471720943315961,0.00048695,0.007312864065170288,387,13.60981149839563,4,3,2,6,13.0,35.0,6.0,6.0,0.35,0.35
31,concept,5,0.75,13.274381564051833,0.7397003733882802,0.0004865,0.014651840552687645,402,,1,5,5,4,,,,,,
32,combined,6,1.0,13.261379651566115,0.7323033696543974,0.00048605,0.0082319974899292,417,,5,4,2,4,,,,,,
33,covariate,3,0.75,13.636943810331497,0.7249803359578534,0.0004856,0.0019465966615825891,432,,5,4,2,4,,,,,,
34,concept,3,1.25,13.21978407009695,0.7177305325982748,0.00048515,0.015073655173182487,447,,6,3,3,3,,,,,,
35,combined,6,1.25,12.239627050495828,0.7105532272722921,0.0004847,0.018193736672401428,462,,4,6,3,2,,,,,,
36,stable,6,1.25,13.701792260036424,0.7034476949995692,0.00048425000000000003,0.005933910608291626,477,,5,7,1,2,,,,,,
37,covariate,7,1.0,13.593510625957132,0.6964132180495735,0.0004838,0.010037822648882866,492,,4,5,3,3,,,,,,
38,concept,3,1.25,13.161896385032449,0.6894490858690777,0.00048335,0.006021630018949509,507,,5,3,4,3,,,,,,
39,combined,5,0.75,13.274067227806103,0.682554595010387,0.00048290000000000003,0.025214582681655884,522,,5,3,5,2,,,,,,
40,covariate,3,1.0,13.423736473310603,0.6757290490602831,0.00048245,0.01288170088082552,537,13.599189974722767,2,4,5,4,23.0,30.0,1.0,6.0,0.6333333333333333,0.6833333333333333
41,concept,4,0.75,13.409087749804117,0.6689717585696803,0.000482,0.030249379575252533,552,,4,5,3,3,,,,,,
42,combined,5,1.25,13.189345458770289,0.6622820409839835,0.00048155,0.014999397099018097,567,,1,6,5,3,,,,,,
43,stable,7,1.25,13.817540382182756,0.6556592205741436,0.0004811,0.013722829520702362,582,,10,2,0,3,,,,,,
44,covariate,3,1.25,13.281620695684634,0.6491026283684022,0.00048065,0.033212810754776,597,,2,3,3,7,,,,,,
45,concept,6,0.75,13.320116018945999,0.6426116020847181,0.0004802,0.019475378096103668,612,,2,7,2,4,,,,,,
46,combined,5,1.25,13.062106934769497,0.6361854860638709,0.00047975000000000003,0.01591583341360092,627,,3,5,3,4,,,,,,
47,covariate,6,1.25,13.458252475958112,0.6298236312032323,0.0004793,0.011839193291962147,642,,4,3,3,5,,,,,,
48,concept,5,1.25,13.298842433527513,0.6235253948912,0.00047885,0.021242182701826096,657,,2,4,6,3,,,,,,
49,combined,7,0.75,13.52242513528181,0.617290140942288,0.00047840000000000003,0.01710776798427105,672,,5,5,3,2,,,,,,
50,stable,7,1.0,13.583235980146869,0.6111172395328651,0.00047795,0.03870333731174469,687,13.525135192511376,4,3,6,2,13.0,14.0,31.0,2.0,0.2833333333333333,0.2833333333333333
51,covariate,3,1.25,13.425712601603419,0.6050060671375365,0.0004775,0.027674052864313126,702,,5,3,4,3,,,,,,
52,concept,4,0.75,13.265860458664976,0.5989560064661611,0.00047705,0.02307584136724472,717,,4,7,2,2,,,,,,
53,combined,4,0.75,13.448568362151786,0.5929664464014994,0.0004766,0.031006556004285812,732,,4,5,4,2,,,,,,
54,covariate,5,0.75,13.662038724476535,0.5870367819374844,0.00047615,0.019477112218737602,747,,5,5,3,2,,,,,,
55,concept,6,1.25,12.885144763550418,0.5811664141181095,0.0004757,0.03609854727983475,762,,3,6,4,2,,,,,,
56,combined,5,0.75,13.366678951332245,0.5753547499769285,0.00047525000000000003,0.0412651002407074,777,,5,2,3,5,,,,,,
57,stable,3,1.25,13.641782704105172,0.5696012024771592,0.0004748,0.038562845438718796,792,,4,3,6,2,,,,,,
58,covariate,3,1.25,13.376464942626317,0.5639051904523876,0.00047435,0.045936547219753265,807,,5,2,2,6,,,,,,
59,concept,6,1.25,13.2611611930863,0.5582661385478638,0.0004739,0.06277631223201752,822,,2,4,6,3,,,,,,
60,combined,3,0.75,13.356916276206885,0.5526834771623851,0.00047345,0.0381736159324646,837,13.74650097766185,4,2,2,7,40.0,12.0,0.0,8.0,0.4166666666666667,0.45
61,covariate,7,0.75,13.739442530344178,0.5471566423907612,0.000473,0.03997132182121277,852,,6,6,0,3,,,,,,
62,concept,5,0.75,13.422019417600676,0.5416850759668536,0.00047255,0.04756998270750046,867,,3,4,4,4,,,,,,
63,combined,4,0.75,13.398324856064482,0.536268225207185,0.00047210000000000004,0.031214693561196327,882,,2,6,5,2,,,,,,
64,stable,5,1.0,13.634086444578173,0.5309055429551132,0.00047165,0.054126009345054626,897,,6,3,4,2,,,,,,
65,covariate,5,1.25,13.58816283766272,0.525596487525562,0.0004712,0.07968635857105255,912,,5,3,3,4,,,,,,
66,concept,5,1.0,13.255381699020363,0.5203405226503064,0.00047075000000000003,0.03686196729540825,927,,0,6,2,7,,,,,,
67,combined,7,0.75,13.369466150085286,0.5151371174238033,0.0004703,0.04959619790315628,942,,3,2,7,3,,,,,,
68,covariate,6,1.25,13.469489640538239,0.5099857462495653,0.00046985,0.03466067463159561,957,,5,6,3,1,,,,,,
69,concept,4,0.75,13.592068211730888,0.5048858887870696,0.0004694,0.02147497422993183,972,,7,2,4,2,,,,,,
70,combined,5,1.25,12.5940521999558,0.4998370298991989,0.00046895,0.05992317199707031,987,13.512840121437796,3,9,1,2,15.0,12.0,30.0,3.0,0.4,0.4
71,stable,6,1.0,13.737387732879121,0.49483865960020695,0.0004685,0.0898544192314148,1002,,8,3,3,1,,,,,,
72,covariate,5,1.0,13.48087644474982,0.4898902730042049,0.00046805,0.08081600815057755,1017,,7,2,2,4,,,,,,
73,concept,4,0.75,13.370177452091294,0.48499137027416284,0.00046760000000000004,0.0203060545027256,1032,,6,2,4,3,,,,,,
74,combined,3,1.25,12.936349252776674,0.4801414565714212,0.00046715,0.08111051470041275,1047,,2,5,3,5,,,,,,
75,covariate,4,1.25,13.44616809006094,0.475340042005707,0.0004667,0.04447375237941742,1062,,6,2,4,3,,,,,,
76,concept,6,1.25,13.157915955697511,0.47058664158564995,0.00046625000000000003,0.020552748814225197,1077,,5,7,2,1,,,,,,
77,combined,3,1.0,13.18029024256959,0.4658807751697934,0.0004658,0.044015638530254364,1092,,8,3,2,2,,,,,,
78,stable,5,1.0,13.711582551089641,0.4612219674180955,0.00046535,0.06462963670492172,1107,,4,6,1,4,,,,,,
79,covariate,5,0.75,13.51062427453661,0.45660974774391455,0.0004649,0.0596955344080925,1122,,3,3,5,4,,,,,,
80,concept,7,1.25,13.457110606964779,0.4520436502664754,0.00046445000000000004,0.03924539312720299,1137,13.613668894397325,3,3,6,3,45.0,5.0,6.0,4.0,0.4,0.4
81,combined,4,0.75,13.094866185207486,0.44752321376381066,0.000464,0.03649811074137688,1152,,6,1,4,4,,,,,,
82,covariate,7,0.75,13.623140213168895,0.44304798162617254,0.00046355,0.039781469851732254,1167,,3,7,4,1,,,,,,
83,concept,6,1.25,12.949347543802782,0.4386175018099108,0.00046310000000000004,0.07401961833238602,1182,,7,5,2,1,,,,,,
84,combined,3,0.75,13.297193868147044,0.4342313267918117,0.00046265,0.014608656987547874,1197,,8,2,0,5,,,,,,
85,stable,3,0.75,13.68934298178036,0.4298890135238936,0.0004622,0.06108420342206955,1212,,3,6,3,3,,,,,,
86,covariate,5,1.25,13.0518211710144,0.42559012338865465,0.00046175000000000003,0.05244899541139603,1227,,5,1,5,4,,,,,,
87,concept,7,1.0,13.43171711881909,0.4213342221547681,0.0004613,0.037619154900312424,1242,,5,1,6,3,,,,,,
88,combined,7,1.0,13.293176496958884,0.41712087993322045,0.00046085,0.046542584896087646,1257,,5,8,0,2,,,,,,
89,covariate,5,1.25,13.160340429898106,0.41294967113388825,0.0004604,0.0333271324634552,1272,,6,4,1,4,,,,,,
90,concept,5,1.0,13.306509446567572,0.40882017442254937,0.00045995,0.0906715989112854,1287,13.698840340153389,4,5,2,4,19.0,33.0,4.0,4.0,0.3333333333333333,0.3333333333333333
91,combined,4,1.0,13.101915091376629,0.4047319726783239,0.0004595,0.030306316912174225,1302,,3,7,3,2,,,,,,
92,stable,7,1.25,13.953999067765373,0.40068465295154065,0.00045905,0.04747861251235008,1317,,12,1,2,0,,,,,,
93,covariate,5,1.0,13.342487991186566,0.39667780642202527,0.00045860000000000003,0.06036246195435524,1332,,9,1,4,1,,,,,,
94,concept,7,1.0,13.413949749182041,0.392711028357805,0.00045815,0.04146168380975723,1347,,4,7,2,2,,,,,,
95,combined,6,0.75,13.381325900468838,0.38878391807422696,0.0004577,0.05200166255235672,1362,,11,1,3,0,,,,,,
96,covariate,6,1.0,12.877507449446249,0.3848960788934847,0.00045725000000000003,0.041812680661678314,1377,,8,0,2,5,,,,,,
97,concept,3,0.75,13.302957510670133,0.38104711810454983,0.0004568,0.05699092149734497,1392,,8,2,4,1,,,,,,
98,combined,5,0.75,13.456029757427112,0.37723664692350434,0.00045635,0.016883427277207375,1407,,2,5,6,2,,,,,,
99,stable,7,1.25,13.759426262593754,0.37346428045426927,0.0004559,0.038809873163700104,1422,,10,0,1,4,,,,,,
100,covariate,3,1.0,13.50522765997587,0.36972963764972655,0.00045545000000000004,0.037883106619119644,1437,13.663116757932968,4,4,5,2,35.0,4.0,17.0,4.0,0.38333333333333336,0.38333333333333336
101,concept,5,1.0,13.428097843373587,0.36603234127322926,0.000455,0.0655723437666893,1452,,9,2,4,0,,,,,,
102,combined,7,1.0,13.41265696509733,0.36237201786049694,0.00045455,0.05883248150348663,1467,,5,8,1,1,,,,,,
103,covariate,6,0.75,13.486682904282304,0.358748297681892,0.00045410000000000003,0.0543534979224205,1482,,3,2,10,0,,,,,,
104,concept,5,0.75,13.179556086527409,0.35516081470507305,0.00045365,0.06105487048625946,1497,,0,8,5,2,,,,,,
105,combined,6,1.25,13.226415010405123,0.3516092065580223,0.0004532,0.051935240626335144,1512,,2,2,7,4,,,,,,
106,stable,7,1.25,13.784901413076806,0.34809311449244207,0.00045275000000000003,0.040023259818553925,1527,,5,6,3,1,,,,,,
107,covariate,6,1.0,13.549085631710376,0.34461218334751764,0.0004523,0.04951263964176178,1542,,4,5,5,1,,,,,,
108,concept,3,1.0,13.303525412274016,0.34116606151404244,0.00045185,0.05756618082523346,1557,,10,0,1,4,,,,,,
109,combined,3,1.25,13.234553649567866,0.337754400898902,0.0004514,0.04479070007801056,1572,,5,1,7,2,,,,,,
110,covariate,4,1.25,13.329601304540503,0.334376856889913,0.00045095,0.03940971940755844,1587,13.726336979261774,7,0,3,5,44.0,8.0,4.0,4.0,0.7166666666666667,0.7166666666666667
111,concept,4,1.0,13.311478704742191,0.33103308832101386,0.0004505,0.04261155426502228,1602,,4,6,2,3,,,,,,
112,combined,7,0.75,13.46629870650112,0.3277227574378037,0.00045005,0.10926783829927444,1617,,1,7,5,2,,,,,,
113,stable,6,0.75,13.762737845527365,0.3244455298634257,0.00044960000000000003,0.07966025918722153,1632,,5,5,5,0,,,,,,
114,covariate,3,1.25,13.372493902055762,0.3212010745647914,0.00044915,0.07369664311408997,1647,,1,6,5,3,,,,,,
115,concept,6,0.75,13.53255426744101,0.3179890638191435,0.0004487,0.09270079433917999,1662,,9,3,2,1,,,,,,
116,combined,6,1.0,13.471636718794116,0.31480917318095203,0.00044825,0.06095398589968681,1677,,5,3,6,1,,,,,,
117,covariate,3,1.0,13.624380863139944,0.3116610814491425,0.0004478,0.05678534880280495,1692,,3,9,3,0,,,,,,
118,concept,6,1.25,13.319584884177207,0.30854447063465107,0.00044735,0.03990711271762848,1707,,6,3,2,4,,,,,,
119,combined,4,1.25,13.184197106072888,0.30545902592830454,0.0004469,0.046765077859163284,1722,,8,1,4,2,,,,,,
120,stable,7,1.0,13.604290854335142,0.3024044356690215,0.00044645000000000004,0.06086111441254616,1737,13.682821126251596,6,2,3,4,39.0,8.0,10.0,3.0,0.9,0.9
121,covariate,4,1.0,13.593565724621362,0.29938039131233124,0.000446,0.0662764385342598,1752,,6,3,5,1,,,,,,
122,concept,5,0.75,13.487767588237933,0.2963865873992079,0.00044555,0.046026792377233505,1767,,0,9,5,1,,,,,,
123,combined,5,0.75,13.508771760785256,0.29342272152521587,0.00044510000000000003,0.07433611154556274,1782,,5,4,5,1,,,,,,
124,covariate,3,1.25,13.263221582480215,0.2904884943099637,0.00044465,0.03784427046775818,1797,,2,2,8,3,,,,,,
125,concept,5,1.25,13.156746264991407,0.28758360936686406,0.0004442,0.021739792078733444,1812,,9,3,2,1,,,,,,
126,combined,4,1.25,12.953633620974703,0.2847077732731954,0.00044375,0.03838815540075302,1827,,6,5,0,4,,,,,,
127,stable,6,1.25,13.588727784354806,0.28186069554046345,0.0004433,0.020634746178984642,1842,,1,8,5,1,,,,,,
128,covariate,6,0.75,13.637895561588632,0.2790420885850588,0.00044285,0.03629831224679947,1857,,3,8,3,1,,,,,,
129,concept,4,0.75,13.432278701796726,0.2762516676992082,0.0004424,0.04692007973790169,1872,,9,3,2,1,,,,,,
130,combined,3,1.25,13.217041594423518,0.27348915102221616,0.00044195,0.06632114201784134,1887,13.467841367768123,6,3,3,3,7.0,41.0,7.0,5.0,0.26666666666666666,0.26666666666666666
131,covariate,5,1.25,13.63795731462161,0.270754259511994,0.0004415,0.1057073175907135,1902,,4,7,3,1,,,,,,
132,concept,7,0.75,13.385348537740066,0.26804671691687404,0.00044105,0.08238790929317474,1917,,9,3,1,2,,,,,,
133,combined,6,1.25,13.321790893891574,0.2653662497477053,0.00044060000000000003,0.09174307435750961,1932,,9,3,2,1,,,,,,
134,stable,6,1.0,13.883491480512886,0.2627125872502282,0.00044015,0.05794590711593628,1947,,4,10,1,0,,,,,,
135,covariate,7,1.0,13.615385520929658,0.2600854613777259,0.0004397,0.0907866507768631,1962,,7,4,1,3,,,,,,
136,concept,7,1.0,13.325231086591499,0.2574846067639487,0.00043925,0.07309318333864212,1977,,3,10,1,1,,,,,,
137,combined,7,1.25,13.481696580789793,0.2549097606963092,0.00043880000000000004,0.062675341963768,1992,,6,6,1,2,,,,,,
138,covariate,4,1.0,13.535500075388146,0.2523606630893461,0.00043835,0.054477594792842865,2007,,2,10,2,1,,,,,,
139,concept,7,1.25,13.543732682837687,0.24983705645845267,0.0004379,0.04648713394999504,2022,,12,0,3,0,,,,,,
140,combined,3,1.0,13.304383413476286,0.24733868589386815,0.00043745000000000003,0.04944754019379616,2037,13.667294541343779,5,3,4,3,13.0,42.0,0.0,5.0,0.7166666666666667,0.7333333333333333
141,stable,6,0.75,13.893160787885096,0.24486529903492946,0.000437,0.05821041762828827,2052,,3,10,2,0,,,,,,
142,covariate,4,1.25,13.527842983381529,0.24241664604458016,0.00043655,0.09607678651809692,2067,,1,8,2,4,,,,,,
143,concept,3,0.75,13.41805457660372,0.23999247958413436,0.00043610000000000003,0.04559437185525894,2082,,7,4,4,0,,,,,,
144,combined,3,1.0,13.206521880500429,0.23759255478829303,0.00043565,0.07253006845712662,2097,,6,4,4,1,,,,,,
145,covariate,5,1.25,13.200365581869514,0.2352166292404101,0.0004352,0.04116179794073105,2112,,4,3,2,6,,,,,,
146,concept,7,1.25,13.214270286618016,0.232864462948006,0.00043475,0.10986974835395813,2127,,2,5,4,4,,,,,,
147,combined,3,0.75,13.34197282520068,0.23053581831852593,0.0004343,0.07221521437168121,2142,,3,7,1,4,,,,,,
148,stable,7,1.25,13.48898843436141,0.22823046013534068,0.00043385,0.05774902179837227,2157,,4,1,1,9,,,,,,
149,covariate,5,0.75,13.721574431302596,0.22594815553398728,0.0004334,0.05508517101407051,2172,,4,8,2,1,,,,,,
150,concept,6,1.0,13.3255218512046,0.22368867397864742,0.00043295000000000003,0.05650996416807175,2187,13.684284086351377,9,2,1,3,40.0,8.0,0.0,12.0,0.36666666666666664,0.36666666666666664
151,combined,5,1.0,13.338758654719651,0.22145178723886094,0.0004325,0.09571447223424911,2202,,5,5,0,5,,,,,,
152,covariate,3,1.0,13.65103174286854,0.21923726936647234,0.00043205,0.03434683382511139,2217,,2,10,0,3,,,,,,
153,concept,7,1.0,13.276742324610833,0.2170448966728076,0.00043160000000000003,0.10268684476613998,2232,,4,7,1,3,,,,,,
154,combined,6,0.75,13.394149875327429,0.21487444770607952,0.00043115000000000004,0.0647454708814621,2247,,3,10,0,2,,,,,,
155,stable,5,0.75,13.633009631840856,0.21272570322901874,0.0004307,0.033840030431747437,2262,,3,5,4,3,,,,,,
156,covariate,6,1.0,13.604803065961207,0.21059844619672854,0.00043025,0.08948414027690887,2277,,8,2,1,4,,,,,,
157,concept,3,1.0,13.213652514238508,0.20849246173476127,0.00042980000000000004,0.07127681374549866,2292,,8,5,1,1,,,,,,
158,combined,3,1.25,13.00600454538965,0.20640753711741366,0.00042935,0.0788714811205864,2307,,5,6,1,3,,,,,,
159,covariate,5,0.75,13.552599191196533,0.20434346174623952,0.0004289,0.04103660210967064,2322,,2,6,4,3,,,,,,
160,concept,5,0.75,13.444744054452334,0.20230002712877712,0.00042845000000000003,0.06341473758220673,2337,13.420441756653068,4,6,3,2,14.0,6.0,6.0,34.0,0.3333333333333333,0.3333333333333333
161,combined,5,0.75,13.350609596310298,0.20027702685748935,0.000428,0.0357174351811409,2352,,6,3,3,3,,,,,,
162,stable,6,1.0,13.83781389831399,0.19827425658891445,0.00042755,0.03483053669333458,2367,,3,9,3,0,,,,,,
163,covariate,7,0.75,13.662285805342464,0.1962915140230253,0.00042710000000000003,0.09023869782686234,2382,,6,5,2,2,,,,,,
164,concept,7,1.25,13.453484883155683,0.19432859888279505,0.00042665,0.09927334636449814,2397,,8,0,1,6,,,,,,
165,combined,4,1.0,13.348834573445973,0.1923853128939671,0.0004262,0.04295545443892479,2412,,4,3,4,4,,,,,,
166,covariate,5,1.25,13.353086023859865,0.19046145976502743,0.00042575,0.06119755655527115,2427,,7,4,3,1,,,,,,
167,concept,4,1.25,13.188949420411486,0.18855684516737714,0.0004253,0.13211503624916077,2442,,2,3,3,7,,,,,,
168,combined,7,1.0,13.086863960274906,0.18667127671570335,0.00042485,0.05699828639626503,2457,,6,1,2,6,,,,,,
169,stable,5,1.0,13.886118939410046,0.18480456394854633,0.0004244,0.06478071957826614,2472,,6,7,0,2,,,,,,
170,covariate,5,1.0,13.224129373425143,0.18295651830906087,0.00042395,0.03412817418575287,2487,13.679791702436306,8,2,2,3,16.0,34.0,6.0,4.0,0.31666666666666665,0.38333333333333336
171,concept,3,0.75,13.354818385939911,0.18112695312597027,0.0004235,0.05014258250594139,2502,,6,6,1,2,,,,,,
172,combined,6,0.75,13.194339009088393,0.17931568359471056,0.00042305,0.12622004747390747,2517,,8,4,2,1,,,,,,
173,covariate,6,1.25,13.414029926884869,0.17752252675876345,0.0004226,0.08521877974271774,2532,,8,1,2,4,,,,,,
174,concept,6,1.0,13.198578348870438,0.17574730149117582,0.00042215000000000004,0.08835694193840027,2547,,3,3,3,6,,,,,,
175,combined,3,1.25,13.136771800904794,0.17398982847626407,0.0004217,0.07591494917869568,2562,,6,4,3,2,,,,,,
176,stable,5,1.0,13.317833710283148,0.17224993019150142,0.00042125,0.12480523437261581,2577,,1,1,1,12,,,,,,
177,covariate,6,1.25,12.809160409907923,0.1705274308895864,0.00042080000000000004,0.08832359313964844,2592,,7,4,3,1,,,,,,
178,concept,4,1.0,13.26123407742669,0.16882215658069055,0.00042035,0.053551189601421356,2607,,11,2,0,2,,,,,,
179,combined,7,0.75,13.311390913604775,0.16713393501488363,0.0004199,0.06665286421775818,2622,,10,0,2,3,,,,,,
180,covariate,7,1.0,13.380711796760371,0.16546259566473479,0.00041945000000000003,0.11760388314723969,2637,13.406081877624146,8,3,3,1,19.0,18.0,21.0,2.0,0.45,0.45
181,concept,4,1.0,13.33808374044466,0.16380796970808745,0.000419,0.028338465839624405,2652,,3,3,7,2,,,,,,
182,combined,4,0.75,13.245015717730169,0.16216989001100657,0.00041855,0.09562236070632935,2667,,8,1,4,2,,,,,,
183,stable,6,1.25,13.86600673222918,0.1605481911108965,0.0004181,0.13107410073280334,2682,,10,4,0,1,,,,,,
184,covariate,3,1.0,12.45951314892558,0.15894270919978754,0.00041765,0.09862493723630905,2697,,4,1,10,0,,,,,,
185,concept,3,1.0,13.282557933360758,0.15735328210778965,0.0004172,0.11562125384807587,2712,,5,6,2,2,,,,,,
186,combined,4,0.75,13.313286578411741,0.15577974928671176,0.00041675,0.06611859798431396,2727,,5,5,4,1,,,,,,
187,covariate,7,1.25,13.582314862723557,0.15422195179384465,0.0004163,0.06179015338420868,2742,,8,2,1,4,,,,,,
188,concept,6,1.0,13.375064273716802,0.1526797322759062,0.00041585,0.11080963909626007,2757,,11,1,0,3,,,,,,
189,combined,7,0.75,13.388775649526275,0.15115293495314713,0.0004154,0.020752549171447754,2772,,7,6,1,1,,,,,,
190,stable,6,0.75,13.681025607204683,0.14964140560361566,0.00041495000000000003,0.029620707035064697,2787,13.463366960648532,6,2,6,1,12.0,4.0,36.0,8.0,0.36666666666666664,0.4
191,covariate,7,1.25,13.546925226504971,0.1481449915475795,0.0004145,0.11218833923339844,2802,,2,6,4,3,,,,,,
192,concept,7,0.75,13.34060829192919,0.1466635416321037,0.00041405,0.16547466814517975,2817,,5,7,1,2,,,,,,
193,combined,3,1.25,12.856267097697845,0.14519690621578268,0.0004136,0.0715564638376236,2832,,5,4,1,5,,,,,,
194,covariate,5,1.25,13.510089150465818,0.14374493715362485,0.00041315000000000004,0.030873414129018784,2847,,6,3,2,4,,,,,,
195,concept,3,1.25,12.927425306421114,0.1423074877820886,0.0004127,0.058234792202711105,2862,,1,6,2,6,,,,,,
196,combined,4,1.0,13.458902194642077,0.1408844129042677,0.00041225,0.11575907468795776,2877,,0,10,2,3,,,,,,
197,stable,6,1.0,13.959349024087166,0.13947556877522502,0.00041180000000000003,0.1191139668226242,2892,,11,3,1,0,,,,,,
198,covariate,6,0.75,13.69406880219837,0.13808081308747278,0.00041135,0.102332204580307,2907,,5,7,1,2,,,,,,
199,concept,4,0.75,13.337987043016708,0.13670000495659804,0.0004109,0.11660116910934448,2922,,10,0,3,2,,,,,,
200,combined,4,1.25,13.391801085355333,0.13533300490703207,0.00041045000000000003,0.11335918307304382,2937,13.44624281874464,3,6,2,4,4.0,29.0,21.0,6.0,0.2833333333333333,0.2833333333333333
201,covariate,6,0.75,13.684074224080783,0.13397967485796175,0.00041,0.15688782930374146,2952,,2,8,4,1,,,,,,
202,concept,5,0.75,13.38328280490691,0.13263987810938213,0.00040955,0.06283443421125412,2967,,6,7,2,0,,,,,,
203,combined,3,1.0,13.32705648779002,0.1313134793282883,0.0004091,0.14369767904281616,2982,,3,6,5,1,,,,,,
204,stable,4,1.25,13.756894710004122,0.13000034453500542,0.00040865,0.08556601405143738,2997,,1,13,1,0,,,,,,
205,covariate,5,0.75,13.630423138717859,0.12870034108965536,0.0004082,0.13017112016677856,3012,,3,5,5,2,,,,,,
206,concept,3,0.75,13.463617141085088,0.12741333767875881,0.00040775,0.08033311367034912,3027,,3,6,6,0,,,,,,
207,combined,4,1.25,13.113166871623692,0.12613920430197123,0.00040730000000000003,0.05112874507904053,3042,,3,1,9,2,,,,,,
208,covariate,7,1.0,13.456609192411511,0.12487781225895152,0.00040685000000000005,0.04367132484912872,3057,,8,1,3,3,,,,,,
209,concept,5,0.75,13.350556810731339,0.123629034136362,0.0004064,0.1034112274646759,3072,,9,3,1,2,,,,,,
210,combined,5,0.75,13.35494128843731,0.12239274379499838,0.00040595000000000003,0.022422324866056442,3087,13.449876819820588,3,7,2,3,2.0,40.0,16.0,2.0,0.6666666666666666,0.6666666666666666
211,stable,4,1.25,13.654035973271542,0.1211688163570484,0.00040550000000000004,0.11315534263849258,3102,,2,7,6,0,,,,,,
212,covariate,4,1.25,13.348408167271256,0.11995712819347792,0.00040505,0.09308857470750809,3117,,4,6,2,3,,,,,,
213,concept,3,1.25,13.171897452540808,0.11875755691154315,0.0004046,0.0808081179857254,3132,,9,1,3,2,,,,,,
214,combined,4,0.75,13.209167060087054,0.11756998134242772,0.00040415000000000004,0.08000284433364868,3147,,2,5,5,3,,,,,,
215,covariate,7,1.25,13.578644838356562,0.11639428152900344,0.0004037,0.045652538537979126,3162,,6,7,0,2,,,,,,
216,concept,6,1.0,13.26067036106182,0.11523033871371341,0.00040325,0.13778966665267944,3177,,2,0,2,11,,,,,,
217,combined,6,0.75,13.432939932503498,0.11407803532657627,0.00040280000000000003,0.09044668078422546,3192,,0,10,3,2,,,,,,
218,stable,5,0.75,13.794333199932703,0.11293725497331052,0.00040235,0.12672065198421478,3207,,3,10,1,1,,,,,,
219,covariate,6,0.75,13.563722751692248,0.1118078824235774,0.0004019,0.035554468631744385,3222,,7,3,1,4,,,,,,
220,concept,6,0.75,13.35402124001452,0.11068980359934164,0.00040145000000000003,0.11502014100551605,3237,13.560024619600565,3,9,2,1,8.0,38.0,11.0,3.0,0.7666666666666667,0.7666666666666667
221,combined,6,1.0,13.414617926418218,0.10958290556334822,0.000401,0.08267146348953247,3252,,4,7,2,2,,,,,,
222,covariate,3,0.75,13.812472069649127,0.10848707650771475,0.00040055,0.05647743493318558,3267,,2,12,0,1,,,,,,
223,concept,5,0.75,12.996715729830983,0.1074022057426376,0.0004001,0.06417667865753174,3282,,6,6,0,3,,,,,,
224,combined,6,1.0,13.330586045759757,0.10632818368521123,0.00039965,0.12777866423130035,3297,,10,0,2,3,,,,,,
225,stable,3,0.75,13.937149475828239,0.10526490184835911,0.0003992,0.05829368531703949,3312,,6,7,2,0,,,,,,
226,covariate,5,1.25,13.421850778121929,0.10421225282987552,0.00039875,0.02669627219438553,3327,,2,8,1,4,,,,,,
227,concept,5,0.75,13.284364672012417,0.10317013030157676,0.0003983,0.06500673294067383,3342,,7,5,2,1,,,,,,
228,combined,5,0.75,13.304129076873657,0.10213842899856099,0.00039785,0.14597633481025696,3357,,5,4,4,2,,,,,,
229,covariate,4,1.0,13.578980539454047,0.10111704470857538,0.0003974,0.0475262850522995,3372,,0,11,0,4,,,,,,
230,concept,5,1.25,13.226798017000876,0.10010587426148963,0.00039695,0.10377203673124313,3387,13.665092370645388,12,0,1,2,17.0,38.0,1.0,4.0,0.6,0.6
231,combined,7,0.75,13.295272657826661,0.09910481551887473,0.00039650000000000004,0.05249815061688423,3402,,4,7,2,2,,,,,,
232,stable,4,0.75,13.767620922070265,0.09811376736368599,0.00039605,0.06696321070194244,3417,,1,12,0,2,,,,,,
233,covariate,4,0.75,13.743530775881181,0.09713262969004913,0.0003956,0.03595986217260361,3432,,2,10,1,2,,,,,,
234,concept,5,0.75,13.425590651496186,0.09616130339314863,0.00039515000000000004,0.07088875025510788,3447,,9,2,2,2,,,,,,
235,combined,5,1.25,13.375638323749493,0.09519969035921715,0.0003947,0.08814846724271774,3462,,4,5,1,5,,,,,,
236,covariate,5,0.75,13.632173357505096,0.09424769345562498,0.00039425,0.06790399551391602,3477,,6,6,0,3,,,,,,
237,concept,5,1.0,13.22079830860026,0.09330521652106873,0.00039380000000000003,0.1123340055346489,3492,,3,8,1,3,,,,,,
238,combined,3,0.75,13.41788026753522,0.09237216435585804,0.00039335,0.08081435412168503,3507,,6,4,1,4,,,,,,
239,stable,4,1.25,13.873570585508297,0.09144844271229946,0.0003929,0.07090814411640167,3522,,10,2,3,0,,,,,,
240,covariate,4,1.0,13.399185421543233,0.09053395828517646,0.00039245,0.038911450654268265,3537,13.511192371289575,5,4,1,5,11.0,34.0,10.0,5.0,0.55,0.6333333333333333
241,concept,3,0.75,13.408154983999804,0.08962861870232469,0.000392,0.05732832849025726,3552,,4,7,3,1,,,,,,
242,combined,5,1.0,13.39375144559338,0.08873233251530144,0.00039155,0.08499373495578766,3567,,8,3,3,1,,,,,,
243,covariate,4,1.0,13.47434949698996,0.08784500919014843,0.0003911,0.059965964406728745,3582,,4,4,2,5,,,,,,
244,concept,6,1.0,13.211096453154624,0.08696655909824694,0.00039065000000000004,0.1183704063296318,3597,,3,9,3,0,,,,,,
245,combined,7,1.0,13.363583736564937,0.08609689350726446,0.0003902,0.03618834167718887,3612,,9,1,1,4,,,,,,
246,stable,6,1.0,13.817380946545335,0.08523592457219181,0.00038975,0.0590144619345665,3627,,5,7,2,1,,,,,,
247,covariate,7,0.75,13.467801141040312,0.0843835653264699,0.00038930000000000003,0.07499859482049942,3642,,2,3,7,3,,,,,,
248,concept,6,1.0,13.537058265045665,0.0835397296732052,0.00038885000000000005,0.07638420164585114,3657,,8,3,3,1,,,,,,
249,combined,7,1.25,13.323757901434979,0.08270433237647315,0.0003884,0.05940527096390724,3672,,6,1,3,5,,,,,,
250,covariate,5,1.0,13.389798661841368,0.08187728905270841,0.00038795,0.11829401552677155,3687,13.628443365653272,5,3,3,4,46.0,0.0,6.0,8.0,0.21666666666666667,0.25
251,concept,6,1.0,13.284184117961914,0.08105851616218133,0.00038750000000000004,0.07940029352903366,3702,,7,5,1,2,,,,,,
252,combined,7,1.0,13.406850349726824,0.08024793100055952,0.00038705,0.06629836559295654,3717,,3,6,2,4,,,,,,
253,stable,6,0.75,13.886235479400334,0.07944545169055392,0.0003866,0.06563087552785873,3732,,6,8,1,0,,,,,,
254,covariate,7,1.0,13.696024110878419,0.07865099717364837,0.00038615000000000003,0.09559282660484314,3747,,3,9,2,1,,,,,,
255,concept,5,1.25,13.270812886686292,0.07786448720191189,0.0003857,0.09276431798934937,3762,,2,8,0,5,,,,,,
256,combined,3,1.25,13.07968287695342,0.07708584232989277,0.00038525,0.09343086928129196,3777,,3,5,4,3,,,,,,
257,covariate,3,1.0,13.495919397564677,0.07631498390659384,0.00038480000000000003,0.10738589614629745,3792,,2,6,3,4,,,,,,
258,concept,5,1.25,13.144199821948778,0.07555183406752791,0.00038435,0.12070813030004501,3807,,2,10,3,0,,,,,,
259,combined,5,0.75,13.407519294086027,0.07479631572685264,0.0003839,0.13037294149398804,3822,,2,10,0,3,,,,,,
260,stable,5,1.0,13.296304780577502,0.07404835256958411,0.00038345,0.10294343531131744,3837,13.63108329110641,0,3,1,11,12.0,39.0,2.0,7.0,0.26666666666666666,0.2833333333333333
261,covariate,6,1.25,13.595463753780821,0.07330786904388827,0.000383,0.07034828513860703,3852,,7,5,1,2,,,,,,
262,concept,3,1.25,13.091338285730426,0.07257479035344938,0.00038255,0.07218773663043976,3867,,2,4,5,4,,,,,,
263,combined,3,1.25,13.086184905433845,0.07184904244991488,0.0003821,0.039383187890052795,3882,,4,7,1,3,,,,,,
264,covariate,6,1.25,13.7280104494784,0.07113055202541574,0.00038165,0.04143042862415314,3897,,5,8,0,2,,,,,,
265,concept,4,0.75,13.466581614285397,0.07041924650516158,0.0003812,0.03740473836660385,3912,,3,4,7,1,,,,,,
266,combined,6,1.25,13.302132698320804,0.06971505404010997,0.00038075,0.05843199044466019,3927,,6,2,2,5,,,,,,
267,stable,6,1.0,13.688108330820091,0.06901790349970886,0.0003803,0.04461800679564476,3942,,5,5,0,5,,,,,,
268,covariate,6,0.75,13.625093056037906,0.06832772446471178,0.00037985,0.04326837509870529,3957,,3,9,0,3,,,,,,
269,concept,7,0.75,13.460607112534557,0.06764444722006466,0.0003794,0.040609411895275116,3972,,12,2,0,1,,,,,,
270,combined,4,1.25,13.240281345081868,0.066968002747864,0.00037895,0.046232111752033234,3987,13.342269841361833,4,7,1,3,11.0,9.0,1.0,39.0,0.26666666666666666,0.3
271,covariate,4,1.0,13.530890349237064,0.06629832272038537,0.00037850000000000004,0.0762859433889389,4002,,1,8,0,6,,,,,,
272,concept,3,1.0,12.92537729680589,0.06563533949318151,0.00037805,0.09769357740879059,4017,,4,8,2,1,,,,,,
273,combined,5,0.75,13.373971529678949,0.06497898609824969,0.0003776,0.04984873905777931,4032,,2,5,4,4,,,,,,
274,stable,4,1.0,13.660861973488249,0.0643291962372672,0.00037715000000000003,0.09286506474018097,4047,,2,8,1,4,,,,,,
275,covariate,4,0.75,13.463738058357066,0.06368590427489453,0.0003767,0.04391925409436226,4062,,4,2,0,9,,,,,,
276,concept,3,1.0,13.317690330721533,0.06304904523214558,0.00037625,0.13456346094608307,4077,,2,0,9,4,,,,,,
277,combined,3,0.75,13.286171336053728,0.06241855477982412,0.00037580000000000003,0.10537174344062805,4092,,7,4,1,3,,,,,,
278,covariate,7,1.25,13.54580963886379,0.06179436923202588,0.00037535,0.06404988467693329,4107,,3,9,2,1,,,,,,
279,concept,3,1.0,13.13971930530125,0.06117642553970562,0.0003749,0.06934691965579987,4122,,5,5,4,1,,,,,,
280,combined,7,1.25,13.238084399097538,0.06056466128430856,0.00037445,0.06405816227197647,4137,13.603304786097713,4,8,1,2,18.0,31.0,2.0,9.0,0.31666666666666665,0.31666666666666665
281,stable,5,1.25,14.05643562499758,0.05995901467146548,0.000374,0.07128012180328369,4152,,12,3,0,0,,,,,,
282,covariate,3,1.25,13.325501840802264,0.05935942452475082,0.00037355,0.0922234058380127,4167,,6,3,2,4,,,,,,
283,concept,3,1.0,13.005815833817092,0.058765830279503314,0.0003731,0.04446191340684891,4182,,3,6,3,3,,,,,,
284,combined,3,1.25,13.266215218061031,0.05817817197670828,0.00037265000000000003,0.10734515637159348,4197,,6,3,4,2,,,,,,
285,covariate,3,1.0,13.493041581704157,0.057596390256941195,0.00037220000000000005,0.07606275379657745,4212,,7,3,1,4,,,,,,
286,concept,3,0.75,13.183355210131428,0.05702042635437178,0.00037175,0.01980041153728962,4227,,6,6,2,1,,,,,,
287,combined,6,0.75,13.077323298072011,0.05645022209082806,0.0003713,0.09313105046749115,4242,,1,10,1,3,,,,,,
288,stable,5,0.75,13.57603427577368,0.05588571986991978,0.00037085000000000004,0.07655851542949677,4257,,7,1,0,7,,,,,,
289,covariate,5,0.75,13.751036844303195,0.055326862671220584,0.0003704,0.08790694922208786,4272,,6,6,3,0,,,,,,
290,concept,5,1.25,12.936306015208975,0.05477359404450838,0.00036995,0.07612966001033783,4287,13.609029224671879,2,9,2,2,43.0,9.0,1.0,7.0,0.5333333333333333,0.55
291,combined,6,0.75,13.49993194818482,0.054225858104063294,0.00036950000000000004,0.07623070478439331,4302,,11,0,0,4,,,,,,
292,covariate,3,1.25,13.307508035979392,0.05368359952302266,0.00036905,0.03421112895011902,4317,,7,4,2,2,,,,,,
293,concept,6,1.25,13.230095611260928,0.053146763527792434,0.0003686,0.05349941924214363,4332,,1,10,1,3,,,,,,
294,combined,5,1.0,13.356246647593679,0.052615295892514506,0.00036815000000000003,0.05542392283678055,4347,,6,3,4,2,,,,,,
295,stable,6,1.25,13.95947227665345,0.052089142933589364,0.0003677,0.044280000030994415,4362,,5,10,0,0,,,,,,
296,covariate,7,0.75,13.60194091675107,0.05156825150425347,0.00036725,0.11591597646474838,4377,,1,9,0,5,,,,,,
297,concept,3,0.75,13.499074785374049,0.051052568989210935,0.0003668,0.10395514965057373,4392,,12,1,0,2,,,,,,
298,combined,5,1.0,12.76484347772502,0.05054204329931883,0.00036635,0.07801628112792969,4407,,8,2,3,2,,,,,,
299,covariate,3,1.0,13.53104849618095,0.05003662286632564,0.00036590000000000006,0.037722911685705185,4422,,1,8,0,6,,,,,,
300,concept,7,1.0,13.37977766770563,0.05,0.00036545,0.05008748546242714,4437,13.429786515981668,10,1,2,2,19.0,35.0,3.0,3.0,0.35,0.35
301,combined,7,1.0,13.386899686684984,0.05,0.000365,0.06531401723623276,4452,,3,8,3,1,,,,,,
302,stable,7,1.0,14.122266070536401,0.05,0.00036455000000000005,0.14569038152694702,4467,,15,0,0,0,,,,,,
303,covariate,5,0.75,13.611275602303603,0.05,0.0003641,0.031127460300922394,4482,,6,4,0,5,,,,,,
304,concept,7,1.0,13.526734063956367,0.05,0.00036365000000000003,0.10945460200309753,4497,,11,0,0,4,,,,,,
305,combined,5,0.75,13.455901371901367,0.05,0.00036320000000000005,0.06516844034194946,4512,,7,5,3,0,,,,,,
306,covariate,6,0.75,13.510302932181354,0.05,0.00036275,0.060624364763498306,4527,,5,6,1,3,,,,,,
307,concept,6,0.75,13.499244786310491,0.05,0.0003623,0.0810738354921341,4542,,9,1,4,1,,,,,,
308,combined,7,0.75,13.31050180453718,0.05,0.00036185000000000004,0.0803677886724472,4557,,2,3,10,0,,,,,,
309,stable,3,0.75,14.076512286500618,0.05,0.0003614,0.039066288620233536,4572,,13,2,0,0,,,,,,
310,covariate,5,1.25,13.496401892872713,0.05,0.00036095,0.08750220388174057,4587,13.598363204386263,4,5,2,4,4.0,47.0,2.0,7.0,0.5833333333333334,0.5833333333333334
311,concept,5,1.0,13.292627082935839,0.05,0.00036050000000000003,0.06714046001434326,4602,,0,10,0,5,,,,,,
312,combined,7,1.25,13.345069817196482,0.05,0.00036005,0.11139854788780212,4617,,1,6,1,7,,,,,,
313,covariate,3,1.0,13.43849660709099,0.05,0.0003596,0.027740715071558952,4632,,3,3,0,9,,,,,,
314,concept,7,1.0,13.400861036116611,0.05,0.00035915000000000003,0.1432236284017563,4647,,0,12,1,2,,,,,,
315,combined,3,0.75,13.393921056600888,0.05,0.0003587,0.054598912596702576,4662,,9,2,2,2,,,,,,
316,stable,5,1.25,14.058468773320335,0.05,0.00035825,0.09725204110145569,4677,,11,4,0,0,,,,,,
317,covariate,5,1.25,13.569694356936536,0.05,0.0003578,0.08564436435699463,4692,,5,6,2,2,,,,,,
318,concept,4,0.75,13.317194674308809,0.05,0.00035735,0.09402799606323242,4707,,10,3,1,1,,,,,,
319,combined,7,1.25,13.439138936760035,0.05,0.0003569,0.055113766342401505,4722,,3,6,0,6,,,,,,
320,covariate,3,1.0,13.191070667127157,0.05,0.00035645,0.04962212219834328,4737,13.685409628606234,4,2,4,5,40.0,9.0,4.0,7.0,0.08333333333333333,0.08333333333333333
321,concept,6,0.75,13.510647031587043,0.05,0.000356,0.056858062744140625,4752,,13,0,2,0,,,,,,
322,combined,3,0.75,13.430900948076772,0.05,0.00035555000000000005,0.09749987721443176,4767,,5,5,3,2,,,,,,
323,stable,5,1.0,13.691319233254104,0.05,0.0003551,0.010421700775623322,4782,,7,3,0,5,,,,,,
324,covariate,5,0.75,13.563183909983808,0.05,0.00035465,0.09833291172981262,4797,,1,9,0,5,,,,,,
325,concept,6,0.75,13.366936712478443,0.05,0.00035420000000000004,0.05868714302778244,4812,,0,10,1,4,,,,,,
326,combined,4,1.25,13.266938108734141,0.05,0.00035375,0.030759964138269424,4827,,0,9,3,3,,,,,,
327,covariate,4,1.0,13.299741020973919,0.05,0.0003533,0.06646449863910675,4842,,7,3,2,3,,,,,,
328,concept,7,1.0,13.354421998599399,0.05,0.00035285000000000004,0.03390371799468994,4857,,9,3,0,3,,,,,,
329,combined,7,0.75,13.583836603122535,0.05,0.0003524,0.05249379575252533,4872,,3,9,0,3,,,,,,
330,stable,6,1.25,13.998771396310538,0.05,0.00035195,0.08971057832241058,4887,13.586409424254914,9,5,1,0,16.0,35.0,3.0,6.0,0.5166666666666667,0.5833333333333334
331,covariate,3,1.25,13.528440546875485,0.05,0.00035150000000000003,0.11552198976278305,4902,,4,6,1,4,,,,,,
332,concept,3,1.0,13.146767155661438,0.05,0.00035105,0.06717886030673981,4917,,11,1,1,2,,,,,,
333,combined,3,0.75,13.439864973846039,0.05,0.0003506,0.06785286962985992,4932,,6,2,1,6,,,,,,
334,covariate,4,1.0,13.61499512942198,0.05,0.00035015000000000003,0.06194514408707619,4947,,4,8,1,2,,,,,,
335,concept,4,1.25,13.220295982081982,0.05,0.0003497,0.04265141859650612,4962,,10,0,1,4,,,,,,
336,combined,6,0.75,13.479185617242214,0.05,0.00034925,0.053244512528181076,4977,,7,3,2,3,,,,,,
337,stable,5,1.25,13.963366379025912,0.05,0.0003488,0.08609235286712646,4992,,13,0,2,0,,,,,,
338,covariate,6,1.25,13.653427820044117,0.05,0.00034835,0.06744469702243805,5007,,7,4,0,4,,,,,,
339,concept,4,1.0,13.19148719738128,0.05,0.0003479,0.06806632876396179,5022,,12,1,1,1,,,,,,
340,combined,3,1.25,13.181264909203001,0.05,0.00034745,0.08055878430604935,5037,13.568817407203278,4,2,1,8,3.0,48.0,2.0,7.0,0.5833333333333334,0.5833333333333334
341,covariate,5,1.25,13.560822252668729,0.05,0.000347,0.11897005140781403,5052,,1,8,0,6,,,,,,
342,concept,4,1.0,13.113354532633585,0.05,0.00034655,0.05217447876930237,5067,,7,5,0,3,,,,,,
343,combined,5,1.0,13.400247962929805,0.05,0.0003461,0.06621957570314407,5082,,5,5,1,4,,,,,,
344,stable,3,0.75,13.410773962466351,0.05,0.00034564999999999997,0.12641370296478271,5097,,3,1,4,7,,,,,,
345,covariate,4,0.75,13.640223841219633,0.05,0.00034520000000000004,0.05899374186992645,5112,,5,5,0,5,,,,,,
346,concept,6,1.25,13.327234284650025,0.05,0.00034475,0.05398275703191757,5127,,7,4,3,1,,,,,,
347,combined,5,1.25,13.408141638089862,0.05,0.0003443,0.0838928371667862,5142,,3,6,3,3,,,,,,
348,covariate,3,1.25,13.308835392587866,0.05,0.00034385000000000004,0.021563641726970673,5157,,3,2,4,6,,,,,,
349,concept,6,1.25,13.270752419921306,0.05,0.0003434,0.08484019339084625,5172,,13,0,1,1,,,,,,
350,combined,4,1.25,13.164906075142953,0.05,0.00034295,0.08347906172275543,5187,13.57752768360594,3,6,2,4,31.0,9.0,11.0,9.0,0.11666666666666667,0.18333333333333332
351,stable,5,1.0,13.952323220135497,0.05,0.00034250000000000003,0.06627073884010315,5202,,14,0,1,0,,,,,,
352,covariate,4,0.75,13.561103490100134,0.05,0.00034205,0.04506751149892807,5217,,11,1,0,3,,,,,,
353,concept,3,1.25,13.019798747981298,0.05,0.00034160000000000006,0.04655544459819794,5232,,9,2,2,2,,,,,,
354,combined,5,1.0,13.377037729494816,0.05,0.00034115,0.06490517407655716,5247,,3,4,5,3,,,,,,
355,covariate,6,1.0,13.42010311526687,0.05,0.0003407,0.08679002523422241,5262,,4,4,5,2,,,,,,
356,concept,3,1.0,13.162121791463939,0.05,0.00034025000000000006,0.07115529477596283,5277,,10,2,1,2,,,,,,
357,combined,4,1.25,13.231381206679588,0.05,0.0003398,0.05885131657123566,5292,,6,2,3,4,,,,,,
358,stable,7,1.25,13.68239313174781,0.05,0.00033935,0.06542114168405533,5307,,7,2,1,5,,,,,,
359,covariate,6,0.75,13.602610415285579,0.05,0.00033890000000000005,0.0788746327161789,5322,,8,1,1,5,,,,,,
360,concept,3,1.0,13.354974936326917,0.05,0.00033845,0.087517648935318,5337,13.600084200578355,12,0,1,2,31.0,13.0,1.0,15.0,0.5166666666666667,0.5166666666666667
361,combined,4,1.25,13.31965863618715,0.05,0.00033800000000000003,0.04808025434613228,5352,,3,7,1,4,,,,,,
362,covariate,3,0.75,13.638028419973079,0.05,0.00033755000000000005,0.06187725439667702,5367,,6,4,2,3,,,,,,
363,concept,6,1.25,13.08844904308325,0.05,0.0003371,0.03840982913970947,5382,,8,3,1,3,,,,,,
364,combined,4,1.25,13.278759083760635,0.05,0.00033665,0.08913379907608032,5397,,1,9,2,3,,,,,,
365,stable,4,1.25,14.034794077857788,0.05,0.00033620000000000004,0.0501965694129467,5412,,12,3,0,0,,,,,,
366,covariate,5,1.0,13.453370037034126,0.05,0.00033575,0.04593057557940483,5427,,10,1,2,2,,,,,,
367,concept,7,0.75,13.321558497799556,0.05,0.0003353,0.05083060264587402,5442,,2,6,4,3,,,,,,
368,combined,3,0.75,13.151112374178833,0.05,0.00033485000000000003,0.041029877960681915,5457,,6,5,2,2,,,,,,
369,covariate,7,1.0,13.725016888064735,0.05,0.0003344,0.0940699353814125,5472,,5,6,0,4,,,,,,
370,concept,7,0.75,13.370004774689331,0.05,0.00033395,0.1002480685710907,5487,13.58291988609912,10,1,0,4,24.0,17.0,10.0,9.0,0.43333333333333335,0.48333333333333334
371,combined,7,1.0,13.438113755873356,0.05,0.00033350000000000003,0.04033646360039711,5502,,4,7,3,1,,,,,,
372,stable,6,1.25,14.105547816837285,0.05,0.00033305,0.07991489768028259,5517,,15,0,0,0,,,,,,
373,covariate,7,1.0,13.761080588431113,0.05,0.0003326,0.030715394765138626,5532,,5,6,0,4,,,,,,
374,concept,5,1.0,13.23401953099282,0.05,0.00033215,0.09788505733013153,5547,,4,2,1,8,,,,,,
375,combined,7,1.25,13.35535150325829,0.05,0.0003317,0.06603366136550903,5562,,8,4,1,2,,,,,,
376,covariate,5,1.0,13.621638622753233,0.05,0.00033125,0.048831306397914886,5577,,1,12,0,2,,,,,,
377,concept,7,1.25,13.58406530461013,0.05,0.0003308,0.04882681369781494,5592,,10,0,3,2,,,,,,
378,combined,7,0.75,13.311130344917913,0.05,0.00033035,0.08325634151697159,5607,,1,6,5,3,,,,,,
379,stable,3,0.75,13.780441460308475,0.05,0.00032990000000000005,0.0516531765460968,5622,,7,5,2,1,,,,,,
380,covariate,5,0.75,13.587241782668626,0.05,0.00032945,0.04876009374856949,5637,13.544756432563284,4,6,0,5,8.0,38.0,2.0,12.0,0.3333333333333333,0.3333333333333333
381,concept,7,1.25,13.365471959484605,0.05,0.000329,0.04224594682455063,5652,,4,5,0,6,,,,,,
382,combined,4,1.25,13.02405204132842,0.05,0.00032855000000000004,0.06564019620418549,5667,,5,2,2,6,,,,,,
383,covariate,7,1.0,13.59962703409263,0.05,0.0003281,0.031275127083063126,5682,,2,7,1,5,,,,,,
384,concept,4,1.0,13.202764337845458,0.05,0.00032765,0.0673285499215126,5697,,8,1,4,2,,,,,,
385,combined,5,1.25,13.179581132974983,0.05,0.00032720000000000004,0.0652439221739769,5712,,9,0,3,3,,,,,,
386,stable,6,1.25,13.504109956627854,0.05,0.00032675,0.022628381848335266,5727,,4,2,2,7,,,,,,
387,covariate,3,1.0,13.487572287652462,0.05,0.0003263,0.062451452016830444,5742,,3,6,1,5,,,,,,
388,concept,7,1.25,13.232352798160155,0.05,0.00032585000000000003,0.09482879936695099,5757,,2,0,0,13,,,,,,
389,combined,7,1.0,13.301890190087802,0.05,0.0003254,0.04918695241212845,5772,,8,2,3,2,,,,,,
390,covariate,7,0.75,13.539936993384204,0.05,0.00032495,0.10660785436630249,5787,13.510298496399624,6,1,5,3,30.0,10.0,7.0,13.0,0.2,0.25
391,concept,4,0.75,13.426424726440692,0.05,0.00032450000000000003,0.08008939027786255,5802,,8,2,1,4,,,,,,
392,combined,4,1.0,13.252658247407652,0.05,0.00032405,0.02840369939804077,5817,,7,2,2,4,,,,,,
393,stable,3,1.0,13.750487172135704,0.05,0.0003236,0.04911112040281296,5832,,0,11,3,1,,,,,,
394,covariate,4,1.0,13.694003910074516,0.05,0.00032315,0.03452572599053383,5847,,1,12,1,1,,,,,,
395,concept,3,1.25,13.00509826844701,0.05,0.0003227,0.030789867043495178,5862,,11,1,0,3,,,,,,
396,combined,3,1.25,13.096052992818903,0.05,0.00032225,0.03542625904083252,5877,,8,3,0,4,,,,,,
397,covariate,3,1.25,13.453885153634404,0.05,0.0003218,0.06306217610836029,5892,,5,4,1,5,,,,,,
398,concept,3,1.0,13.164524888962651,0.05,0.00032135,0.03413897752761841,5907,,4,8,1,2,,,,,,
399,combined,3,1.25,13.346283881791067,0.05,0.0003209,0.05553819611668587,5922,,4,7,1,3,,,,,,
400,stable,6,1.25,13.412063700953357,0.05,0.00032045,0.03703693673014641,5937,13.435120197489002,3,1,0,11,11.0,10.0,4.0,35.0,0.31666666666666665,0.35
401,covariate,4,0.75,13.583731611506517,0.05,0.00031999999999999997,0.0829538106918335,5952,,6,2,1,6,,,,,,
402,concept,7,1.25,13.362049105218539,0.05,0.00031955000000000004,0.04410778358578682,5967,,11,2,1,1,,,,,,
403,combined,4,1.25,13.254065332743648,0.05,0.0003191,0.025169719010591507,5982,,1,7,1,6,,,,,,
404,covariate,7,0.75,13.602564892789339,0.05,0.00031864999999999997,0.06373807787895203,5997,,6,2,1,6,,,,,,
405,concept,7,0.75,13.426398086207529,0.05,0.00031820000000000004,0.05456919968128204,6012,,4,7,2,2,,,,,,
406,combined,3,1.0,13.302298351203186,0.05,0.00031775,0.09832806140184402,6027,,1,7,1,6,,,,,,
407,stable,7,0.75,14.019418987108915,0.05,0.0003173,0.04948989301919937,6042,,14,0,0,1,,,,,,
408,covariate,3,1.0,13.42546297602951,0.05,0.00031685000000000003,0.07611724734306335,6057,,9,1,1,4,,,,,,
409,concept,7,1.0,13.411857470600024,0.05,0.0003164,0.052063651382923126,6072,,1,10,2,2,,,,,,
410,combined,3,1.0,13.339784717779688,0.05,0.00031595000000000006,0.017494212836027145,6087,13.675724704757014,7,3,3,2,47.0,2.0,3.0,8.0,0.23333333333333334,0.23333333333333334
411,covariate,4,1.25,13.489492735192744,0.05,0.0003155,0.05883702263236046,6102,,7,3,2,3,,,,,,
412,concept,7,1.25,13.098546364421905,0.05,0.00031505,0.0633866935968399,6117,,12,2,0,1,,,,,,
413,combined,3,0.75,13.483186640611576,0.05,0.00031460000000000006,0.05220077931880951,6132,,6,5,0,4,,,,,,
414,stable,4,0.75,14.060676743304969,0.05,0.00031415,0.02798372320830822,6147,,14,0,1,0,,,,,,
415,covariate,7,1.0,13.72537237532051,0.05,0.00031370000000000004,0.06826151907444,6162,,8,3,0,4,,,,,,
416,concept,7,0.75,13.31363981818541,0.05,0.00031325000000000005,0.08891188353300095,6177,,1,2,12,0,,,,,,
417,combined,5,1.0,13.374112454252373,0.05,0.0003128,0.04202914983034134,6192,,3,4,4,4,,,,,,
418,covariate,4,0.75,13.627578033063724,0.05,0.00031235000000000003,0.06492754071950912,6207,,7,3,1,4,,,,,,
419,concept,4,0.75,13.44900477587647,0.05,0.00031190000000000005,0.0528465211391449,6222,,12,0,1,2,,,,,,
420,combined,7,1.0,13.371077148123128,0.05,0.00031145,0.0432906299829483,6237,13.409896703271784,8,1,3,3,10.0,6.0,38.0,6.0,0.15,0.6166666666666667
421,stable,6,0.75,13.741611539646343,0.05,0.000311,0.08353803306818008,6252,,7,3,1,4,,,,,,
422,covariate,7,1.25,13.546345027581449,0.05,0.00031055000000000004,0.031063981354236603,6267,,4,6,0,5,,,,,,
423,concept,4,0.75,13.343423578836504,0.05,0.0003101,0.04231075942516327,6282,,8,5,0,2,,,,,,
424,combined,7,0.75,13.311163426042024,0.05,0.00030965,0.03116440214216709,6297,,2,10,3,0,,,,,,
425,covariate,4,0.75,13.604985215304234,0.05,0.00030920000000000003,0.0335799977183342,6312,,2,7,2,4,,,,,,
426,concept,3,0.75,13.323054596466385,0.05,0.00030875,0.05809075012803078,6327,,4,3,0,8,,,,,,
427,combined,7,1.0,13.412943384609903,0.05,0.0003083,0.022794704884290695,6342,,7,3,3,2,,,,,,
428,stable,5,0.75,13.587223047110625,0.05,0.00030785000000000003,0.0348452627658844,6357,,1,8,1,5,,,,,,
429,covariate,6,0.75,13.698658431535485,0.05,0.0003074,0.029528262093663216,6372,,7,4,2,2,,,,,,
430,concept,6,1.25,13.407917360631787,0.05,0.00030695,0.048628125339746475,6387,13.725142848546572,12,0,1,2,43.0,6.0,4.0,7.0,0.4166666666666667,0.4166666666666667
431,combined,6,1.25,13.245568903471495,0.05,0.0003065,0.009009876288473606,6402,,9,4,1,1,,,,,,
432,covariate,7,0.75,13.404560540819286,0.05,0.00030605,0.04426751285791397,6417,,9,1,1,4,,,,,,
433,concept,7,0.75,13.293275798418158,0.05,0.00030560000000000006,0.06068594381213188,6432,,6,7,0,2,,,,,,
434,combined,7,1.25,13.41410921369898,0.05,0.00030515,0.054705217480659485,6447,,6,6,2,1,,,,,,
435,stable,3,1.25,14.089044343456312,0.05,0.0003047,0.02319929003715515,6462,,14,1,0,0,,,,,,
436,covariate,6,1.25,13.577745864512178,0.05,0.00030425000000000005,0.03644373267889023,6477,,4,9,0,2,,,,,,
437,concept,3,1.25,13.05496030731558,0.05,0.0003038,0.04327788203954697,6492,,8,3,3,1,,,,,,
438,combined,5,1.25,13.180520698612241,0.05,0.00030335000000000003,0.045731715857982635,6507,,5,6,2,2,,,,,,
439,covariate,6,1.0,13.565401339074311,0.05,0.00030290000000000004,0.0898989588022232,6522,,6,2,3,4,,,,,,
440,concept,4,1.0,13.370535997908528,0.05,0.00030245,0.01415975484997034,6537,13.687125726981614,10,0,5,0,47.0,2.0,4.0,7.0,0.7,0.7
441,combined,5,0.75,13.474880411520017,0.05,0.000302,0.029200270771980286,6552,,8,3,0,4,,,,,,
442,stable,4,1.0,14.122268379242584,0.05,0.00030155000000000004,0.06120926886796951,6567,,15,0,0,0,,,,,,
443,covariate,7,0.75,13.331650621608107,0.05,0.0003011,0.04969539865851402,6582,,8,1,6,0,,,,,,
444,concept,7,0.75,13.543470624846512,0.05,0.00030065,0.04308435320854187,6597,,13,0,1,1,,,,,,
445,combined,5,1.25,13.087832024660285,0.05,0.00030020000000000003,0.06259503960609436,6612,,4,2,6,3,,,,,,
446,covariate,4,1.0,13.558377407159,0.05,0.00029975,0.025778867304325104,6627,,2,7,4,2,,,,,,
447,concept,3,1.0,13.203688067658263,0.05,0.0002993,0.041754309087991714,6642,,4,5,5,1,,,,,,
448,combined,7,1.0,13.449651065802826,0.05,0.00029885,0.04309980571269989,6657,,9,2,0,4,,,,,,
449,stable,7,1.25,14.10780193866131,0.05,0.0002984,0.06097327172756195,6672,,14,1,0,0,,,,,,
450,covariate,7,1.25,13.614537051746149,0.05,0.00029795,0.07089963555335999,6687,13.703253521106921,7,4,0,4,39.0,6.0,5.0,10.0,0.65,0.65
451,concept,5,0.75,13.424080200611991,0.05,0.0002975,0.04656084626913071,6702,,13,0,1,1,,,,,,
452,combined,4,1.25,13.281886308470085,0.05,0.00029705,0.03679247200489044,6717,,5,2,2,6,,,,,,
453,covariate,6,1.25,13.484389863068875,0.05,0.0002966,0.04000269994139671,6732,,8,1,0,6,,,,,,
454,concept,3,0.75,13.343923359917373,0.05,0.00029615,0.03533007577061653,6747,,11,1,1,2,,,,,,
455,combined,6,1.0,13.279599241935479,0.05,0.0002957,0.05958809331059456,6762,,6,6,1,2,,,,,,
456,stable,4,0.75,13.671912470105768,0.05,0.00029525000000000005,0.0293996874243021,6777,,6,2,7,0,,,,,,
457,covariate,5,0.75,13.681235827000188,0.05,0.0002948,0.08518436551094055,6792,,6,7,1,1,,,,,,
458,concept,6,1.0,13.339393656228513,0.05,0.00029434999999999997,0.031157705932855606,6807,,8,4,1,2,,,,,,
459,combined,5,0.75,13.53569519751106,0.05,0.00029390000000000004,0.045714691281318665,6822,,7,6,2,0,,,,,,
460,covariate,5,1.0,13.509767286085363,0.05,0.00029345,0.05914676934480667,6837,13.697143516546273,8,5,1,1,39.0,8.0,6.0,7.0,0.8833333333333333,0.8833333333333333
461,concept,4,0.75,13.37116578294344,0.05,0.000293,0.04611203446984291,6852,,12,1,2,0,,,,,,
462,combined,4,1.0,13.330411396917011,0.05,0.00029255000000000004,0.03644900768995285,6867,,3,7,1,4,,,,,,
463,stable,4,0.75,14.099972274251275,0.05,0.0002921,0.051089055836200714,6882,,15,0,0,0,,,,,,
464,covariate,7,0.75,13.611425022031481,0.05,0.00029165,0.04094140976667404,6897,,10,2,0,3,,,,,,
465,concept,5,0.75,13.306671738783367,0.05,0.00029120000000000003,0.04616257920861244,6912,,7,6,2,0,,,,,,
466,combined,5,1.25,13.293302949025984,0.05,0.00029075,0.0766175389289856,6927,,3,2,6,4,,,,,,
467,covariate,3,0.75,13.503026345056703,0.05,0.0002903,0.037838056683540344,6942,,5,2,0,8,,,,,,
468,concept,6,0.75,13.503882284362108,0.05,0.00028985,0.05262281745672226,6957,,11,0,1,3,,,,,,
469,combined,5,1.0,13.487577654478919,0.05,0.0002894,0.03577931970357895,6972,,6,2,1,6,,,,,,
470,stable,4,1.25,14.122268679051329,0.05,0.00028895000000000006,0.030740436166524887,6987,13.672660296129118,15,0,0,0,42.0,9.0,1.0,8.0,0.6333333333333333,0.6333333333333333
471,covariate,5,0.75,13.610314402499839,0.05,0.0002885,0.06519954651594162,7002,,10,3,0,2,,,,,,
472,concept,3,1.0,13.13590275941923,0.05,0.00028805000000000004,0.04166930913925171,7017,,8,2,0,5,,,,,,
473,combined,3,1.0,13.37396818479357,0.05,0.00028760000000000005,0.016301818192005157,7032,,1,7,1,6,,,,,,
474,covariate,6,1.25,13.69967197291976,0.05,0.00028715,0.017064478248357773,7047,,10,3,1,1,,,,,,
475,concept,4,0.75,13.490019247193857,0.05,0.00028670000000000003,0.04603240638971329,7062,,12,1,1,1,,,,,,
476,combined,6,1.0,13.44851842733071,0.05,0.00028625000000000005,0.10122603178024292,7077,,7,2,1,5,,,,,,
477,stable,6,0.75,13.376663703818089,0.05,0.0002858,0.05366319417953491,7092,,0,3,1,11,,,,,,
478,covariate,6,0.75,13.40032760584645,0.05,0.00028535,0.06740041077136993,7107,,3,3,0,9,,,,,,
479,concept,4,1.0,13.331399349977264,0.05,0.00028490000000000004,0.05841702222824097,7122,,11,1,2,1,,,,,,
480,combined,3,1.0,13.303619646301991,0.05,0.00028445,0.059180308133363724,7137,13.292149962203244,6,5,0,4,10.0,0.0,4.0,46.0,0.23333333333333334,0.23333333333333334
481,covariate,5,0.75,13.39319639992653,0.05,0.000284,0.050596363842487335,7152,,3,2,1,9,,,,,,
482,concept,4,1.0,13.28332677075012,0.05,0.00028355000000000003,0.046717479825019836,7167,,6,6,2,1,,,,,,
483,combined,3,1.25,12.926237906551396,0.05,0.0002831,0.0536004975438118,7182,,7,5,0,3,,,,,,
484,stable,4,1.25,14.105547929938366,0.05,0.00028265,0.030980000272393227,7197,,15,0,0,0,,,,,,
485,covariate,5,0.75,13.702065480180076,0.05,0.00028220000000000003,0.03257683664560318,7212,,8,2,0,5,,,,,,
486,concept,7,0.75,13.470420516982278,0.05,0.00028175,0.04439103975892067,7227,,12,1,1,1,,,,,,
487,combined,6,1.0,13.377507136842205,0.05,0.00028130000000000006,0.053060710430145264,7242,,8,5,1,1,,,,,,
488,covariate,4,1.0,13.388535579313018,0.05,0.00028085,0.044584084302186966,7257,,9,2,0,4,,,,,,
489,concept,4,0.75,13.16830282226732,0.05,0.0002804,0.04421047121286392,7272,,4,5,4,2,,,,,,
490,combined,3,1.25,13.217380416781921,0.05,0.00027995000000000006,0.030729301273822784,7287,13.686626828764382,7,3,2,3,42.0,5.0,4.0,9.0,0.16666666666666666,0.55
491,stable,3,1.0,14.099972575854032,0.05,0.0002795,0.07133828103542328,7302,,15,0,0,0,,,,,,
492,covariate,6,1.25,13.580999481011848,0.05,0.00027905,0.03939089924097061,7317,,9,2,1,3,,,,,,
493,concept,6,1.25,13.44653241237664,0.05,0.00027860000000000005,0.0573258101940155,7332,,5,2,3,5,,,,,,
494,combined,7,1.0,13.443041128789996,0.05,0.00027815,0.024816347286105156,7347,,6,4,1,4,,,,,,
495,covariate,5,0.75,13.657661578535368,0.05,0.00027770000000000003,0.014848152175545692,7362,,8,2,1,4,,,,,,
496,concept,3,1.0,13.267613496493329,0.05,0.00027725000000000004,0.055702243000268936,7377,,13,0,0,2,,,,,,
497,combined,4,1.0,13.434352343908825,0.05,0.0002768,0.044752661138772964,7392,,7,1,0,7,,,,,,
498,stable,4,0.75,14.122268237417622,0.05,0.00027635,0.08363162726163864,7407,,15,0,0,0,,,,,,
499,covariate,5,0.75,13.616167100069461,0.05,0.00027590000000000004,0.05452703312039375,7422,,8,2,1,4,,,,,,
500,concept,3,1.25,13.088158053461646,0.05,0.00027545,0.07147365808486938,7437,13.557025855985495,6,2,6,1,35.0,2.0,17.0,6.0,0.5666666666666667,0.5666666666666667
501,combined,5,1.0,13.347145991280732,0.05,0.000275,0.035830140113830566,7452,,3,3,6,3,,,,,,
502,covariate,7,1.25,13.587174439531212,0.05,0.00027455000000000003,0.08764155954122543,7467,,4,6,2,3,,,,,,
503,concept,3,0.75,13.212548089979615,0.05,0.0002741,0.033902108669281006,7482,,8,3,2,2,,,,,,
504,combined,5,0.75,13.474202668122002,0.05,0.00027365,0.030125845223665237,7497,,6,4,1,4,,,,,,
505,stable,4,1.0,14.150734417692693,0.05,0.0002732,0.029859675094485283,7512,,15,0,0,0,,,,,,
506,covariate,6,0.75,13.650237393389881,0.05,0.00027275,0.036499861627817154,7527,,8,2,1,4,,,,,,
507,concept,6,0.75,13.523088235488647,0.05,0.0002723,0.06982765346765518,7542,,13,0,1,1,,,,,,
508,combined,7,1.25,13.37981123296328,0.05,0.00027185,0.05419231206178665,7557,,6,4,2,3,,,,,,
509,covariate,7,0.75,13.800926833756805,0.05,0.0002714,0.010143419727683067,7572,,11,1,1,2,,,,,,
510,concept,6,1.25,13.415536518052471,0.05,0.00027095000000000005,0.08402886986732483,7587,13.63246275973239,12,0,1,2,34.0,20.0,1.0,5.0,0.4666666666666667,0.48333333333333334
511,combined,5,0.75,13.40361138384535,0.05,0.0002705,0.06288174539804459,7602,,2,9,2,2,,,,,,
512,stable,5,1.0,14.078563458443156,0.05,0.00027005,0.012909067794680595,7617,,14,1,0,0,,,,,,
513,covariate,7,1.0,13.679839250518546,0.05,0.00026960000000000005,0.0497494712471962,7632,,10,0,2,3,,,,,,
514,concept,3,1.25,13.172500648886386,0.05,0.00026915,0.04662361368536949,7647,,8,0,3,4,,,,,,
515,combined,7,1.0,13.367395619740478,0.05,0.00026869999999999997,0.0709129273891449,7662,,9,2,2,2,,,,,,
516,covariate,4,1.25,13.395833693015119,0.05,0.00026825000000000004,0.052553556859493256,7677,,7,1,2,5,,,,,,
517,concept,6,1.25,13.499696998150487,0.05,0.0002678,0.04209927096962929,7692,,7,3,3,2,,,,,,
518,combined,6,1.25,13.399630537751966,0.05,0.00026735,0.032808128744363785,7707,,5,3,4,3,,,,,,
519,stable,6,0.75,13.868172624240673,0.05,0.00026690000000000004,0.04213705286383629,7722,,11,2,1,1,,,,,,
520,covariate,6,1.0,13.439683495988588,0.05,0.00026645,0.06529730558395386,7737,13.305914982482621,7,0,2,6,8.0,4.0,12.0,36.0,0.18333333333333332,0.21666666666666667
521,concept,3,1.0,13.397446647292965,0.05,0.000266,0.034357037395238876,7752,,6,2,3,4,,,,,,
522,combined,6,1.0,13.314892190086647,0.05,0.00026555000000000003,0.05807318538427353,7767,,8,4,1,2,,,,,,
523,covariate,7,1.0,13.7894804927514,0.05,0.0002651,0.05657302588224411,7782,,9,4,0,2,,,,,,
524,concept,6,1.25,13.059264131710549,0.05,0.00026465,0.047681424766778946,7797,,2,5,0,8,,,,,,
525,combined,5,1.0,13.442170395009507,0.05,0.0002642,0.04372895136475563,7812,,9,2,2,2,,,,,,
526,stable,5,0.75,13.605563382368292,0.05,0.00026375,0.044962815940380096,7827,,6,1,1,7,,,,,,
527,covariate,6,1.0,13.311991425273177,0.05,0.0002633,0.034212980419397354,7842,,7,5,0,3,,,,,,
528,concept,3,1.0,13.331313856381996,0.05,0.00026285,0.06333756446838379,7857,,5,0,0,10,,,,,,
529,combined,6,0.75,13.516680424974329,0.05,0.0002624,0.04580213129520416,7872,,6,4,2,3,,,,,,
530,covariate,7,0.75,13.502285711061687,0.05,0.00026195,0.1113327294588089,7887,13.44030209188848,1,7,5,2,5.0,11.0,39.0,5.0,0.31666666666666665,0.31666666666666665
531,concept,7,1.0,13.32017137198948,0.05,0.0002615,0.02508510649204254,7902,,10,0,3,2,,,,,,
532,combined,6,0.75,13.420260315343569,0.05,0.00026105,0.028378276154398918,7917,,5,5,2,3,,,,,,
533,stable,5,1.25,13.982221462697758,0.05,0.0002606,0.05758414417505264,7932,,12,2,1,0,,,,,,
534,covariate,5,1.0,13.501156895387954,0.05,0.00026015,0.049893349409103394,7947,,9,0,2,4,,,,,,
535,concept,4,0.75,13.305482184952265,0.05,0.00025969999999999997,0.07240124046802521,7962,,12,1,0,2,,,,,,
536,combined,5,1.0,13.344126383048199,0.05,0.00025925000000000004,0.026035066694021225,7977,,2,8,2,3,,,,,,
537,covariate,3,1.25,13.623232342288633,0.05,0.0002588,0.06472831219434738,7992,,1,9,1,4,,,,,,
538,concept,7,0.75,13.375506407006801,0.05,0.00025834999999999996,0.09520812332630157,8007,,11,1,1,2,,,,,,
539,combined,5,1.25,13.117147408084767,0.05,0.00025790000000000003,0.09762614965438843,8022,,7,4,1,3,,,,,,
540,stable,4,0.75,14.050546460414873,0.05,0.00025745,0.06925110518932343,8037,13.685510137517316,14,1,0,0,43.0,6.0,1.0,10.0,0.16666666666666666,0.2
541,covariate,4,1.25,13.368683325279745,0.05,0.000257,0.05224839597940445,8052,,8,2,1,4,,,,,,
542,concept,4,0.75,13.472470443514844,0.05,0.00025655000000000003,0.0664222314953804,8067,,13,0,2,0,,,,,,
543,combined,7,1.25,13.343783515199702,0.05,0.0002561,0.07132383435964584,8082,,9,3,1,2,,,,,,
544,covariate,6,1.0,13.434703555228865,0.05,0.00025565,0.07503119856119156,8097,,1,6,2,6,,,,,,
545,concept,7,1.0,13.243230563928668,0.05,0.0002552,0.055678434669971466,8112,,9,1,1,4,,,,,,
546,combined,6,0.75,13.445602774130775,0.05,0.00025475,0.02274916134774685,8127,,9,3,1,2,,,,,,
547,stable,6,1.25,14.035594872673801,0.05,0.0002543,0.03539127856492996,8142,,14,1,0,0,,,,,,
548,covariate,6,1.0,13.412612718195872,0.05,0.00025385,0.042953215539455414,8157,,5,1,3,6,,,,,,
549,concept,5,0.75,13.52070975619264,0.05,0.0002534,0.06063298135995865,8172,,12,1,2,0,,,,,,
550,combined,4,1.0,13.358832481969886,0.05,0.00025295,0.018707767128944397,8187,13.641362682929653,5,6,2,2,37.0,15.0,1.0,7.0,0.75,0.8166666666666667
551,covariate,6,1.25,13.608636658430868,0.05,0.0002525,0.020101042464375496,8202,,6,4,0,5,,,,,,
552,concept,4,1.0,13.284901113857007,0.05,0.00025205,0.020955823361873627,8217,,11,0,0,4,,,,,,
553,combined,4,1.25,13.317937271859686,0.05,0.0002516,0.04433155804872513,8232,,7,4,3,1,,,,,,
554,stable,3,0.75,14.122268129701444,0.05,0.00025115,0.03732616826891899,8247,,15,0,0,0,,,,,,
555,covariate,5,1.0,13.677361564882021,0.05,0.0002507,0.06446748226881027,8262,,5,6,0,4,,,,,,
556,concept,5,1.25,13.224018200835083,0.05,0.00025025,0.054715193808078766,8277,,5,1,0,9,,,,,,
557,combined,6,0.75,13.19975334781272,0.05,0.0002498,0.06455479562282562,8292,,2,1,1,11,,,,,,
558,covariate,3,0.75,13.61206702619658,0.05,0.00024935,0.07971182465553284,8307,,6,7,1,1,,,,,,
559,concept,6,1.0,13.325686242834042,0.05,0.0002489,0.02729819528758526,8322,,4,5,5,1,,,,,,
560,combined,6,1.25,13.253949519850071,0.05,0.00024845,0.026616089046001434,8337,13.738618099972586,6,5,2,2,38.0,15.0,4.0,3.0,0.7333333333333333,0.7833333333333333
561,stable,7,1.0,14.15073513579658,0.05,0.000248,0.06803061813116074,8352,,15,0,0,0,,,,,,
562,covariate,5,1.0,13.565744500912169,0.05,0.00024754999999999997,0.07276053726673126,8367,,6,4,3,2,,,,,,
563,concept,4,0.75,13.281071749634716,0.05,0.0002471,0.022044150158762932,8382,,11,2,0,2,,,,,,
564,combined,4,1.25,12.992926299635322,0.05,0.00024665000000000006,0.046751685440540314,8397,,6,4,0,5,,,,,,
565,covariate,5,1.25,13.589527079623341,0.05,0.0002462,0.022947290912270546,8412,,7,4,0,4,,,,,,
566,concept,5,1.0,13.312260454887848,0.05,0.00024575000000000004,0.05963808298110962,8427,,7,6,1,1,,,,,,
567,combined,7,1.25,13.485759933993466,0.05,0.00024530000000000005,0.04779388755559921,8442,,8,3,1,3,,,,,,
568,stable,6,1.0,14.071315252910965,0.05,0.00024485,0.013084543868899345,8457,,14,1,0,0,,,,,,
569,covariate,7,0.75,13.746644777929047,0.05,0.00024440000000000003,0.0769801139831543,8472,,6,4,1,4,,,,,,
570,concept,3,0.75,13.326405956954133,0.05,0.00024395000000000005,0.05785001814365387,8487,13.692147897249846,10,3,2,0,28.0,24.0,6.0,2.0,0.8,0.8
571,combined,4,1.25,13.297835645206478,0.05,0.00024350000000000006,0.035711031407117844,8502,,1,9,1,4,,,,,,
572,covariate,5,1.25,13.40357514296794,0.05,0.00024305000000000003,0.018876545131206512,8517,,8,3,1,3,,,,,,
573,concept,6,1.0,13.38701138168334,0.05,0.00024260000000000004,0.04438508301973343,8532,,9,1,3,2,,,,,,
574,combined,7,1.25,13.479255515361308,0.05,0.00024215000000000006,0.08874146640300751,8547,,9,1,3,2,,,,,,
575,stable,7,1.25,14.09997085060897,0.05,0.00024170000000000002,0.04689720645546913,8562,,15,0,0,0,,,,,,
576,covariate,6,0.75,13.459890884529027,0.05,0.00024125000000000004,0.0719895288348198,8577,,6,0,4,5,,,,,,
577,concept,7,0.75,13.352752654418595,0.05,0.00024080000000000005,0.08219227194786072,8592,,3,3,5,4,,,,,,
578,combined,6,0.75,13.457616188234104,0.05,0.00024035000000000001,0.058271490037441254,8607,,4,9,0,2,,,,,,
579,covariate,5,1.25,13.545977788689337,0.05,0.00023990000000000003,0.0535660982131958,8622,,6,3,4,2,,,,,,
580,concept,6,1.0,13.345006709642156,0.05,0.00023945000000000005,0.024631323292851448,8637,13.659136904327083,11,1,1,2,38.0,15.0,2.0,5.0,0.6666666666666666,0.6833333333333333
581,combined,5,0.75,13.520891215648936,0.05,0.000239,0.04300173744559288,8652,,11,1,1,2,,,,,,
582,stable,7,0.75,14.026614610852768,0.05,0.00023855000000000003,0.08834460377693176,8667,,14,0,1,0,,,,,,
583,covariate,3,1.25,13.52011022617506,0.05,0.00023810000000000004,0.02573980763554573,8682,,4,6,2,3,,,,,,
584,concept,4,1.0,13.128977322099782,0.05,0.00023765000000000006,0.057993389666080475,8697,,0,1,0,14,,,,,,
585,combined,6,1.25,13.301078083772758,0.05,0.00023720000000000002,0.03570115566253662,8712,,4,4,1,6,,,,,,
586,covariate,7,0.75,13.880077491891228,0.05,0.00023675000000000004,0.06393221020698547,8727,,8,6,0,1,,,,,,
587,concept,6,0.75,13.323446415127114,0.05,0.00023630000000000005,0.08435238897800446,8742,,7,5,1,2,,,,,,
588,combined,6,1.25,13.259213254257133,0.05,0.00023585000000000001,0.045662976801395416,8757,,2,8,2,3,,,,,,
589,stable,3,0.75,13.93690243929916,0.05,0.00023540000000000003,0.02479822374880314,8772,,13,0,2,0,,,,,,
590,covariate,7,1.0,13.679769924091936,0.05,0.00023495000000000005,0.04973159357905388,8787,13.669641949786762,8,4,1,2,40.0,9.0,2.0,9.0,0.7833333333333333,0.8
591,concept,7,1.0,13.422786815730511,0.05,0.0002345,0.038773417472839355,8802,,11,0,1,3,,,,,,
592,combined,4,1.0,13.408380439080318,0.05,0.00023405000000000002,0.08407534658908844,8817,,6,3,1,5,,,,,,
593,covariate,3,1.0,13.572148878897917,0.05,0.00023360000000000004,0.058715518563985825,8832,,2,7,2,4,,,,,,
594,concept,5,1.25,12.896536200608052,0.05,0.00023315000000000006,0.09269671142101288,8847,,6,6,0,3,,,,,,
595,combined,5,1.0,13.404119372771147,0.05,0.00023270000000000002,0.029041625559329987,8862,,8,0,4,3,,,,,,
596,stable,5,1.25,14.105547920962158,0.05,0.00023225000000000003,0.028390122577548027,8877,,15,0,0,0,,,,,,
597,covariate,6,1.25,13.556300377377667,0.05,0.00023180000000000005,0.06267626583576202,8892,,10,3,1,1,,,,,,
598,concept,3,1.0,13.208487025141197,0.05,0.00023135,0.016325749456882477,8907,,10,0,5,0,,,,,,
599,combined,7,1.0,13.436659015170742,0.05,0.00023090000000000003,0.06678235530853271,8922,,9,1,2,3,,,,,,
600,covariate,5,0.75,13.54486524847428,0.05,0.00023045000000000004,0.04303772747516632,8937,13.627793831779103,9,2,1,3,33.0,17.0,3.0,7.0,0.8,0.8
601,concept,4,1.25,13.274425042636365,0.05,0.00023,0.08279632031917572,8952,,5,5,1,4,,,,,,
602,combined,5,0.75,13.39070025439738,0.05,0.00022955000000000002,0.06343407928943634,8967,,4,7,2,2,,,,,,
603,stable,5,0.75,13.95195485045783,0.05,0.00022910000000000004,0.0592232309281826,8982,,14,0,1,0,,,,,,
604,covariate,6,0.75,13.627787654073291,0.05,0.00022865,0.049366191029548645,8997,,8,3,1,3,,,,,,
605,concept,6,0.75,13.391473288451913,0.05,0.00022820000000000002,0.051380399614572525,9012,,5,2,0,8,,,,,,
606,combined,4,1.0,13.390577995596702,0.05,0.00022775000000000003,0.0536339208483696,9027,,5,3,0,7,,,,,,
607,covariate,5,0.75,13.695148581603966,0.05,0.00022730000000000005,0.04738188162446022,9042,,3,8,1,3,,,,,,
608,concept,7,1.25,13.399071392772536,0.05,0.00022685,0.06169166415929794,9057,,10,1,3,1,,,,,,
609,combined,7,1.0,13.420569599591792,0.05,0.00022640000000000003,0.05555577203631401,9072,,6,6,2,1,,,,,,
610,stable,3,0.75,13.983183161887322,0.05,0.00022595000000000004,0.04973485320806503,9087,13.659183841099026,7,8,0,0,3.0,51.0,2.0,4.0,0.3333333333333333,0.36666666666666664
611,covariate,3,1.25,13.515756833408188,0.05,0.0002255,0.034553587436676025,9102,,1,8,3,3,,,,,,
612,concept,4,1.25,13.268232046429668,0.05,0.00022505000000000002,0.0647684782743454,9117,,9,2,2,2,,,,,,
613,combined,6,1.25,13.446319003583481,0.05,0.00022460000000000004,0.07182896882295609,9132,,9,1,0,5,,,,,,
614,covariate,7,1.0,13.731277816305473,0.05,0.00022415,0.08161988854408264,9147,,6,5,1,3,,,,,,
615,concept,3,1.0,13.228193289146533,0.05,0.00022370000000000002,0.032803796231746674,9162,,11,1,2,1,,,,,,
616,combined,4,1.0,13.312885142312645,0.05,0.00022325000000000003,0.044099871069192886,9177,,4,5,1,5,,,,,,
617,stable,4,1.0,13.646386888561487,0.05,0.0002228,0.052686657756567,9192,,6,1,4,4,,,,,,
618,covariate,5,0.75,13.622917740145208,0.05,0.00022235,0.045757077634334564,9207,,4,7,2,2,,,,,,
619,concept,5,0.75,13.372222870350539,0.05,0.00022190000000000003,0.0385250598192215,9222,,12,0,2,1,,,,,,
620,combined,7,1.0,13.378450628974704,0.05,0.00022145000000000004,0.028665713965892792,9237,13.66644185007363,5,4,0,6,39.0,8.0,2.0,11.0,0.16666666666666666,0.2
621,covariate,4,1.0,13.506672199428303,0.05,0.000221,0.030872732400894165,9252,,3,4,0,8,,,,,,
622,concept,7,1.25,13.484699723977299,0.05,0.00022055000000000002,0.04838551953434944,9267,,13,0,1,1,,,,,,
623,combined,5,1.0,13.384892398609665,0.05,0.00022010000000000004,0.020641233772039413,9282,,5,6,1,3,,,,,,
624,stable,4,1.0,14.01895684950091,0.05,0.00021965,0.017648611217737198,9297,,11,4,0,0,,,,,,
625,covariate,7,0.75,13.652499676892221,0.05,0.00021920000000000002,0.05135411024093628,9312,,8,5,2,0,,,,,,
626,concept,3,0.75,13.465491626206553,0.05,0.00021875000000000003,0.046476565301418304,9327,,11,0,1,3,,,,,,
627,combined,5,0.75,13.351988487345384,0.05,0.0002183,0.03386427462100983,9342,,1,6,0,8,,,,,,
628,covariate,7,1.0,13.596693975042477,0.05,0.00021785,0.03276488184928894,9357,,0,12,0,3,,,,,,
629,concept,3,1.0,13.39819764794342,0.05,0.00021740000000000003,0.06717142462730408,9372,,8,0,2,5,,,,,,
630,combined,6,1.0,13.380627203797095,0.05,0.00021695000000000004,0.06140287220478058,9387,13.758880573485731,5,7,2,1,36.0,18.0,1.0,5.0,0.7333333333333333,0.7833333333333333
631,stable,3,1.0,13.951743309716006,0.05,0.0002165,0.0543668307363987,9402,,14,0,0,1,,,,,,
632,covariate,7,1.25,13.602667972203367,0.05,0.00021605000000000002,0.015820574015378952,9417,,6,6,1,2,,,,,,
633,concept,4,0.75,13.509493589338998,0.05,0.00021560000000000004,0.012933839112520218,9432,,11,0,0,4,,,,,,
634,combined,6,1.0,13.38618319380311,0.05,0.00021515,0.06989067792892456,9447,,6,5,2,2,,,,,,
635,covariate,5,1.25,13.409138741796463,0.05,0.00021470000000000001,0.06907454133033752,9462,,2,4,3,6,,,,,,
636,concept,5,1.0,13.26873363879738,0.05,0.00021425000000000003,0.0854056254029274,9477,,7,4,2,2,,,,,,
637,combined,5,0.75,12.89931834214371,0.05,0.0002138,0.053985439240932465,9492,,5,8,1,1,,,,,,
638,stable,5,1.25,14.049391633451831,0.05,0.00021335,0.024374516680836678,9507,,14,0,0,1,,,,,,
639,covariate,3,0.75,13.554780641686124,0.05,0.00021290000000000002,0.07685130834579468,9522,,4,5,1,5,,,,,,
640,concept,6,1.25,13.25716619012017,0.05,0.00021245,0.06453344225883484,9537,13.642151105831925,8,2,2,3,25.0,29.0,3.0,3.0,0.7833333333333333,0.7833333333333333
641,combined,7,1.25,13.453874792351733,0.05,0.000212,0.025118669494986534,9552,,1,12,0,2,,,,,,
642,covariate,6,1.25,13.740724764636525,0.05,0.00021155000000000002,0.03216199949383736,9567,,3,11,0,1,,,,,,
643,concept,4,0.75,13.273006163025997,0.05,0.00021110000000000004,0.0731954500079155,9582,,10,0,3,2,,,,,,
644,combined,4,1.0,13.343681730884821,0.05,0.00021065,0.06631652265787125,9597,,6,1,1,7,,,,,,
645,stable,4,1.0,13.806702096838519,0.05,0.00021020000000000001,0.049423206597566605,9612,,10,0,0,5,,,,,,
646,covariate,7,0.75,13.754967955792619,0.05,0.00020975000000000003,0.056911200284957886,9627,,10,1,0,4,,,,,,
647,concept,6,0.75,13.586581960738261,0.05,0.0002093,0.05372234061360359,9642,,12,0,2,1,,,,,,
648,combined,5,0.75,13.436796491816153,0.05,0.00020885,0.05091455578804016,9657,,8,0,0,7,,,,,,
649,covariate,7,1.25,13.610632830763722,0.05,0.00020840000000000002,0.05968455970287323,9672,,9,1,0,5,,,,,,
650,concept,4,1.25,13.197953602193977,0.05,0.00020794999999999999,0.03494776040315628,9687,13.653133622459073,9,2,1,3,47.0,4.0,2.0,7.0,0.55,0.6
651,combined,7,1.25,13.445895524066872,0.05,0.0002075,0.014588689431548119,9702,,9,3,2,1,,,,,,
652,stable,6,0.75,14.105546567334304,0.05,0.00020705000000000002,0.01575743779540062,9717,,15,0,0,0,,,,,,
653,covariate,5,1.25,13.447893824243401,0.05,0.00020660000000000003,0.03381653130054474,9732,,10,2,1,2,,,,,,
654,concept,4,1.0,13.461437830785483,0.05,0.00020615,0.014634921215474606,9747,,10,0,3,2,,,,,,
655,combined,5,1.25,13.38700385199328,0.05,0.0002057,0.07111475616693497,9762,,8,5,0,2,,,,,,
656,covariate,7,1.25,13.412759723948842,0.05,0.00020525000000000003,0.03509530425071716,9777,,2,7,0,6,,,,,,
657,concept,7,1.25,13.498519669673941,0.05,0.0002048,0.009307056665420532,9792,,8,2,0,5,,,,,,
658,combined,4,1.0,13.327313495415236,0.05,0.00020435,0.014453385956585407,9807,,9,1,1,4,,,,,,
659,stable,7,1.0,13.988299691610356,0.05,0.00020390000000000002,0.05145923048257828,9822,,14,0,1,0,,,,,,
660,covariate,5,1.0,13.604727497441798,0.05,0.00020344999999999999,0.045845240354537964,9837,13.634249406632279,6,8,0,1,18.0,36.0,1.0,5.0,0.31666666666666665,0.4
661,concept,4,1.0,13.345724119032779,0.05,0.000203,0.050138480961322784,9852,,3,8,2,2,,,,,,
662,combined,3,1.25,13.231412930024625,0.05,0.00020255000000000002,0.027262957766652107,9867,,1,8,2,4,,,,,,
663,covariate,6,0.75,13.648320722261605,0.05,0.00020209999999999998,0.04563547298312187,9882,,9,0,0,6,,,,,,
664,concept,5,0.75,13.44691873156386,0.05,0.00020165,0.03836565092206001,9897,,12,0,1,2,,,,,,
665,combined,6,1.0,13.494281313261158,0.05,0.0002012,0.058688510209321976,9912,,6,4,2,3,,,,,,
666,stable,4,0.75,14.122267941198954,0.05,0.00020075000000000003,0.06148684769868851,9927,,15,0,0,0,,,,,,
667,covariate,6,1.0,13.636297269041956,0.05,0.0002003,0.05162378400564194,9942,,10,2,1,2,,,,,,
668,concept,6,1.0,13.49193712249228,0.05,0.00019985,0.0594622977077961,9957,,12,0,1,2,,,,,,
669,combined,7,1.25,13.498859683745835,0.05,0.00019940000000000002,0.07039688527584076,9972,,4,8,0,3,,,,,,
670,covariate,3,1.0,13.555903717620422,0.05,0.00019894999999999998,0.04236486926674843,9987,13.7229980711006,5,7,0,3,38.0,8.0,5.0,9.0,0.2833333333333333,0.2833333333333333
671,concept,7,1.25,13.593599730655217,0.05,0.0001985,0.01585891656577587,10002,,11,0,2,2,,,,,,
672,combined,5,1.0,13.344432885148146,0.05,0.00019805000000000002,0.06127897650003433,10017,,6,5,1,3,,,,,,
673,stable,5,1.0,13.89506652368139,0.05,0.00019759999999999998,0.04367081820964813,10032,,9,4,2,0,,,,,,
674,covariate,6,1.25,13.573950104575,0.05,0.00019715,0.04712408035993576,10047,,9,4,0,2,,,,,,
675,concept,5,0.75,13.506704240536521,0.05,0.0001967,0.03294965252280235,10062,,12,0,1,2,,,,,,
676,combined,4,1.25,13.317324095573612,0.05,0.00019624999999999997,0.04150129109621048,10077,,3,3,3,6,,,,,,
677,covariate,3,1.0,13.691469006677888,0.05,0.0001958,0.04437427967786789,10092,,0,12,0,3,,,,,,
678,concept,4,1.0,13.397343314257734,0.05,0.00019535,0.037948787212371826,10107,,8,3,0,4,,,,,,
679,combined,6,0.75,13.511912616951893,0.05,0.00019490000000000002,0.07398230582475662,10122,,6,2,2,5,,,,,,
680,stable,7,0.75,13.94954143185379,0.05,0.00019444999999999998,0.04797698184847832,10137,13.661261257367968,14,0,1,0,29.0,19.0,5.0,7.0,0.8166666666666667,0.8166666666666667
681,covariate,5,0.75,13.702151911178532,0.05,0.000194,0.07325085252523422,10152,,4,7,1,3,,,,,,
682,concept,5,1.0,13.549488563692792,0.05,0.00019355000000000002,0.057675644755363464,10167,,10,0,1,4,,,,,,
683,combined,6,1.0,13.41811315818278,0.05,0.00019309999999999998,0.028656717389822006,10182,,10,1,1,3,,,,,,
684,covariate,4,1.0,13.404968220321926,0.05,0.00019265,0.05389709025621414,10197,,8,1,2,4,,,,,,
685,concept,7,1.25,13.340808533067362,0.05,0.0001922,0.040349386632442474,10212,,6,2,4,3,,,,,,
686,combined,3,1.25,13.239982365175944,0.05,0.00019174999999999997,0.05076342076063156,10227,,4,3,1,7,,,,,,
687,stable,4,1.0,13.93289248748416,0.05,0.0001913,0.04151573032140732,10242,,14,0,0,1,,,,,,
688,covariate,6,1.25,13.435979392448829,0.05,0.00019085,0.02970551699399948,10257,,9,3,0,3,,,,,,
689,concept,5,1.25,13.390233534675685,0.05,0.00019040000000000002,0.03750975430011749,10272,,10,1,2,2,,,,,,
690,combined,4,1.25,13.189517442708738,0.05,0.00018995000000000004,0.03299626335501671,10287,13.749916965466861,7,5,0,3,43.0,7.0,4.0,6.0,0.6833333333333333,0.6833333333333333
691,covariate,4,1.0,13.558204634805534,0.05,0.00018950000000000005,0.017156973481178284,10302,,8,1,1,5,,,,,,
692,concept,5,1.25,13.361284203691119,0.05,0.00018905000000000007,0.07522854208946228,10317,,9,0,2,4,,,,,,
693,combined,4,1.25,13.185516444289487,0.05,0.00018860000000000003,0.013839693740010262,10332,,8,4,1,2,,,,,,
694,stable,6,1.0,14.122267941198139,0.05,0.00018815000000000005,0.05731029808521271,10347,,15,0,0,0,,,,,,
695,covariate,6,1.0,13.637942677326262,0.05,0.00018770000000000006,0.059343770146369934,10362,,9,2,0,4,,,,,,
696,concept,3,1.25,13.137604111419154,0.05,0.00018725000000000002,0.03153736889362335,10377,,8,0,0,7,,,,,,
697,combined,4,0.75,13.427648314757175,0.05,0.00018680000000000004,0.09254331886768341,10392,,7,1,1,6,,,,,,
698,covariate,3,1.25,13.383399705665266,0.05,0.00018635000000000006,0.03583870083093643,10407,,7,2,0,6,,,,,,
699,concept,4,1.25,13.25676470291131,0.05,0.00018590000000000002,0.04713264852762222,10422,,12,0,2,1,,,,,,
700,combined,4,1.25,13.269736697771545,0.05,0.00018545000000000004,0.12436209619045258,10437,13.653296607175706,4,7,1,3,16.0,38.0,3.0,3.0,0.35,0.35
701,stable,4,1.0,14.062300105275376,0.05,0.00018500000000000005,0.061978645622730255,10452,,11,4,0,0,,,,,,
702,covariate,3,1.25,13.382963360199042,0.05,0.00018455,0.06219495087862015,10467,,6,3,0,6,,,,,,
703,concept,5,0.75,13.504718074675699,0.05,0.00018410000000000003,0.041999589651823044,10482,,12,0,1,2,,,,,,
704,combined,4,1.25,12.852574340675607,0.05,0.00018365000000000005,0.04027999937534332,10497,,8,4,0,3,,,,,,
705,covariate,6,1.25,13.480154186345855,0.05,0.00018320000000000006,0.03139657527208328,10512,,6,6,1,2,,,,,,
706,concept,3,0.75,13.426144314918545,0.05,0.00018275000000000002,0.08888779580593109,10527,,10,2,0,3,,,,,,
707,combined,4,1.0,13.337195575856313,0.05,0.00018230000000000004,0.02700888365507126,10542,,7,5,1,2,,,,,,
708,stable,6,1.0,13.414068358692644,0.05,0.00018185000000000006,0.05492495372891426,10557,,3,2,0,10,,,,,,
709,covariate,6,1.25,13.4803799839349,0.05,0.00018140000000000002,0.040301498025655746,10572,,8,3,0,4,,,,,,
710,concept,7,0.75,13.508648464919847,0.05,0.00018095000000000003,0.04848209768533707,10587,13.67962110464605,12,0,1,2,46.0,2.0,3.0,9.0,0.23333333333333334,0.26666666666666666
711,combined,4,0.75,13.370869139811864,0.05,0.00018050000000000005,0.03406485170125961,10602,,9,2,0,4,,,,,,
712,covariate,7,1.25,13.530658679971754,0.05,0.00018005,0.048372600227594376,10617,,9,3,1,2,,,,,,
713,concept,3,1.0,13.402282633550172,0.05,0.00017960000000000003,0.023206159472465515,10632,,8,2,1,4,,,,,,
714,combined,6,1.0,13.285778028908027,0.05,0.00017915000000000004,0.04901660978794098,10647,,9,4,0,2,,,,,,
715,stable,5,1.25,14.045104879717867,0.05,0.0001787,0.019021891057491302,10662,,14,0,1,0,,,,,,
716,covariate,4,0.75,13.532824329548632,0.05,0.00017825000000000002,0.08506207168102264,10677,,6,3,0,6,,,,,,
717,concept,5,1.25,13.342933577984434,0.05,0.00017780000000000004,0.07946374267339706,10692,,7,0,5,3,,,,,,
718,combined,6,1.0,13.422337602143543,0.05,0.00017735000000000006,0.01964564621448517,10707,,6,4,4,1,,,,,,
719,covariate,5,0.75,13.750660306074609,0.05,0.00017690000000000002,0.024726292118430138,10722,,2,12,1,0,,,,,,
720,concept,4,1.25,13.240051108557283,0.05,0.00017645000000000003,0.017402295023202896,10737,13.629417730341704,8,2,3,2,34.0,14.0,6.0,6.0,0.6,0.7166666666666667
721,combined,4,1.0,13.36084455939773,0.05,0.00017600000000000005,0.04048364982008934,10752,,3,3,2,7,,,,,,
722,stable,5,1.25,13.922435270126641,0.05,0.00017555,0.061039019376039505,10767,,8,6,0,1,,,,,,
723,covariate,6,1.25,13.75875525942041,0.05,0.00017510000000000003,0.036451831459999084,10782,,5,8,0,2,,,,,,
724,concept,7,1.0,13.441464507622301,0.05,0.00017465000000000004,0.045842528343200684,10797,,10,2,1,2,,,,,,
725,combined,7,1.25,13.256960753861032,0.05,0.0001742,0.05442766100168228,10812,,6,5,1,3,,,,,,
726,covariate,7,0.75,13.746606116605141,0.05,0.00017375000000000002,0.07277856767177582,10827,,10,3,0,2,,,,,,
727,concept,4,0.75,13.392341556764428,0.05,0.00017330000000000004,0.04163191467523575,10842,,10,1,0,4,,,,,,
728,combined,3,1.0,13.170263979917747,0.05,0.00017285000000000005,0.015389899723231792,10857,,2,9,0,4,,,,,,
729,stable,6,0.75,13.680470622671711,0.05,0.00017240000000000002,0.08864510804414749,10872,,6,2,1,6,,,,,,
730,covariate,6,1.0,13.752148737779487,0.05,0.00017195000000000003,0.018693022429943085,10887,13.727593483761131,9,5,0,1,37.0,18.0,3.0,2.0,0.75,0.75
731,concept,3,0.75,13.274497136091346,0.05,0.00017150000000000005,0.03416074067354202,10902,,12,0,2,1,,,,,,
732,combined,3,1.0,13.416155857112798,0.05,0.00017105,0.07110660523176193,10917,,3,8,1,3,,,,,,
733,covariate,6,1.25,13.436371654463091,0.05,0.00017060000000000003,0.039260584861040115,10932,,2,3,4,6,,,,,,
734,concept,5,1.25,13.233191186354912,0.05,0.00017015000000000004,0.047641728073358536,10947,,7,2,2,4,,,,,,
735,combined,5,1.25,13.41024757365043,0.05,0.0001697,0.05651240050792694,10962,,5,6,1,3,,,,,,
736,stable,6,1.0,14.105548448769943,0.05,0.00016925000000000002,0.06971876323223114,10977,,15,0,0,0,,,,,,
737,covariate,7,1.0,13.698762924246186,0.05,0.00016880000000000004,0.054244834929704666,10992,,10,1,1,3,,,,,,
738,concept,7,1.25,13.446084184811127,0.05,0.00016835,0.007800252176821232,11007,,10,2,2,1,,,,,,
739,combined,6,1.0,13.499456330313315,0.05,0.00016790000000000002,0.07092617452144623,11022,,8,5,1,1,,,,,,
740,covariate,4,1.0,13.567782094258806,0.05,0.00016745000000000003,0.05809704214334488,11037,13.726618825489394,8,5,0,2,38.0,10.0,5.0,7.0,0.8,0.8166666666666667
741,concept,7,1.25,13.453418532686555,0.05,0.00016700000000000005,0.08494311571121216,11052,,6,4,1,4,,,,,,
742,combined,4,0.75,13.477950465956768,0.05,0.00016655,0.013979798182845116,11067,,4,8,1,2,,,,,,
743,stable,3,1.25,14.099971929561065,0.05,0.00016610000000000003,0.07223007082939148,11082,,15,0,0,0,,,,,,
744,covariate,3,1.0,13.663785802118033,0.05,0.00016565000000000004,0.09503257274627686,11097,,5,7,1,2,,,,,,
745,concept,6,1.0,13.439252905192467,0.05,0.0001652,0.05989370495080948,11112,,8,2,1,4,,,,,,
746,combined,4,0.75,13.423458589553203,0.05,0.00016475000000000002,0.021146047860383987,11127,,4,7,2,2,,,,,,
747,covariate,7,1.0,13.48792015314311,0.05,0.00016430000000000004,0.0556628443300724,11142,,4,3,0,8,,,,,,
748,concept,6,1.0,13.484287502313373,0.05,0.00016385,0.045074015855789185,11157,,10,1,1,3,,,,,,
749,combined,6,1.25,13.16025724827788,0.05,0.00016340000000000001,0.09310485422611237,11172,,5,7,0,3,,,,,,
750,stable,3,1.0,13.848660950026728,0.05,0.00016295000000000003,0.04142364114522934,11187,13.63932731333367,0,14,0,1,3.0,49.0,1.0,7.0,0.21666666666666667,0.3
751,covariate,4,0.75,13.470676598746739,0.05,0.0001625,0.07808622717857361,11202,,8,6,1,0,,,,,,
752,concept,5,1.25,13.286092056428124,0.05,0.00016205,0.03333829343318939,11217,,10,0,2,3,,,,,,
753,combined,4,0.75,13.381150045506669,0.05,0.00016160000000000002,0.022724412381649017,11232,,4,8,1,2,,,,,,
754,covariate,6,0.75,13.848638041714985,0.05,0.00016115000000000004,0.036974623799324036,11247,,9,6,0,0,,,,,,
755,concept,3,1.25,13.193401024095005,0.05,0.0001607,0.0365365706384182,11262,,9,2,2,2,,,,,,
756,combined,5,1.25,13.24527865485172,0.05,0.00016025000000000002,0.06071383133530617,11277,,9,2,0,4,,,,,,
757,stable,6,0.75,14.02766922034704,0.05,0.00015980000000000004,0.0658264234662056,11292,,10,5,0,0,,,,,,
758,covariate,6,1.25,13.662684716180506,0.05,0.00015935,0.03197960928082466,11307,,10,4,0,1,,,,,,
759,concept,3,1.25,13.291896474826858,0.05,0.0001589,0.04004427045583725,11322,,11,0,2,2,,,,,,
760,combined,3,1.25,13.255920205334862,0.05,0.00015845000000000003,0.02049546130001545,11337,13.707867666574703,4,7,1,3,43.0,11.0,2.0,4.0,0.21666666666666667,0.23333333333333334
761,covariate,3,0.75,13.834965173993902,0.05,0.000158,0.021847952157258987,11352,,4,10,1,0,,,,,,
762,concept,6,1.0,13.475823824805884,0.05,0.00015755,0.07276532053947449,11367,,11,2,1,1,,,,,,
763,combined,6,0.75,13.555316522483652,0.05,0.00015710000000000002,0.053281091153621674,11382,,7,6,1,1,,,,,,
764,stable,7,1.25,14.105547802474526,0.05,0.00015665000000000004,0.0261086355894804,11397,,15,0,0,0,,,,,,
765,covariate,5,1.0,13.595074644124349,0.05,0.0001562,0.07142326235771179,11412,,9,1,0,5,,,,,,
766,concept,4,1.25,13.311396365469072,0.05,0.00015575000000000002,0.033137135207653046,11427,,10,1,2,2,,,,,,
767,combined,5,0.75,13.40942943358124,0.05,0.00015530000000000003,0.05773456394672394,11442,,4,6,3,2,,,,,,
768,covariate,7,1.0,13.533961752826084,0.05,0.00015485,0.08827383071184158,11457,,8,5,1,1,,,,,,
769,concept,3,1.25,13.302897064959941,0.05,0.0001544,0.047988660633563995,11472,,5,5,3,2,,,,,,
770,combined,5,1.0,13.071635057386294,0.05,0.00015395000000000003,0.07814918458461761,11487,13.691948134396283,7,5,2,1,40.0,14.0,1.0,5.0,0.8833333333333333,0.9166666666666666
771,stable,7,1.0,14.099971173754636,0.05,0.0001535,0.04201507195830345,11502,,15,0,0,0,,,,,,
772,covariate,5,0.75,13.585127267571055,0.05,0.00015305,0.08124876767396927,11517,,9,1,1,4,,,,,,
773,concept,6,1.0,13.35005339936781,0.05,0.00015260000000000002,0.05505896732211113,11532,,11,2,2,0,,,,,,
774,combined,6,0.75,13.588282683811224,0.05,0.00015214999999999998,0.05356992036104202,11547,,5,5,3,2,,,,,,
775,covariate,7,1.0,13.512600480247766,0.05,0.0001517,0.026711173355579376,11562,,3,4,1,7,,,,,,
776,concept,3,0.75,13.312636912260801,0.05,0.00015125000000000002,0.04506062716245651,11577,,12,0,1,2,,,,,,
777,combined,5,1.0,13.406478538633486,0.05,0.00015080000000000003,0.06771273910999298,11592,,4,4,3,4,,,,,,
778,stable,7,1.0,13.895185137829372,0.05,0.00015035,0.060004957020282745,11607,,13,0,2,0,,,,,,
779,covariate,7,1.0,13.581390437459198,0.05,0.0001499,0.04443758353590965,11622,,6,2,0,7,,,,,,
780,concept,3,0.75,13.360113746821256,0.05,0.00014945000000000003,0.07194870710372925,11637,13.430434492433106,10,0,1,4,16.0,8.0,2.0,34.0,0.43333333333333335,0.5
781,combined,4,0.75,13.404592062046422,0.05,0.000149,0.05771365389227867,11652,,4,8,1,2,,,,,,
782,covariate,3,0.75,13.712508520003704,0.05,0.00014855,0.028766054660081863,11667,,4,9,1,1,,,,,,
783,concept,3,1.25,13.066810521890886,0.05,0.00014810000000000002,0.04828128218650818,11682,,10,0,3,2,,,,,,
784,combined,7,0.75,13.506093701856209,0.05,0.00014764999999999998,0.061578419059515,11697,,9,3,1,2,,,,,,
785,stable,5,1.0,14.070534028264921,0.05,0.0001472,0.01186465099453926,11712,,14,1,0,0,,,,,,
786,covariate,3,0.75,13.532218706956824,0.05,0.00014675000000000002,0.03537175804376602,11727,,7,1,2,5,,,,,,
787,concept,4,0.75,13.487858060155427,0.05,0.00014630000000000003,0.035590507090091705,11742,,6,4,0,5,,,,,,
788,combined,5,0.75,13.293929045766962,0.05,0.00014585,0.049069344997406006,11757,,4,5,1,5,,,,,,
789,covariate,4,1.0,13.574122407235555,0.05,0.0001454,0.030271276831626892,11772,,8,2,0,5,,,,,,
790,concept,5,0.75,13.547604974181153,0.05,0.00014495000000000003,0.03355677053332329,11787,13.732481320566201,11,1,1,2,45.0,2.0,3.0,10.0,0.4666666666666667,0.48333333333333334
791,combined,6,0.75,13.576507593249637,0.05,0.0001445,0.03735661506652832,11802,,10,0,0,5,,,,,,
792,stable,3,1.0,13.967846767135304,0.05,0.00014405,0.057604461908340454,11817,,12,2,0,1,,,,,,
793,covariate,5,0.75,13.667113108929241,0.05,0.00014360000000000002,0.06749901920557022,11832,,10,0,0,5,,,,,,
794,concept,6,0.75,13.634480657004623,0.05,0.00014314999999999998,0.04364554584026337,11847,,11,1,2,1,,,,,,
795,combined,7,1.25,13.497019756955558,0.05,0.0001427,0.05311588943004608,11862,,8,4,1,2,,,,,,
796,covariate,4,0.75,13.618819200591638,0.05,0.00014225000000000002,0.017282286658883095,11877,,7,3,2,3,,,,,,
797,concept,5,1.25,13.22867958466084,0.05,0.00014179999999999998,0.0635155737400055,11892,,8,3,4,0,,,,,,
798,combined,5,1.0,13.384935390694467,0.05,0.00014135,0.0801452100276947,11907,,6,6,2,1,,,,,,
799,stable,6,1.25,13.943224156400973,0.05,0.0001409,0.032505542039871216,11922,,8,7,0,0,,,,,,
800,covariate,7,1.0,13.65973264259819,0.05,0.00014045000000000003,0.06257100403308868,11937,13.674679745181809,9,4,0,2,38.0,12.0,2.0,8.0,0.7833333333333333,0.7833333333333333
801,concept,7,1.25,13.498229983495111,0.05,0.00014,0.027950577437877655,11952,,9,2,0,4,,,,,,
802,combined,7,0.75,13.521199121878773,0.05,0.00013955,0.01978922262787819,11967,,6,4,3,2,,,,,,
803,covariate,5,0.75,13.835899729788427,0.05,0.00013910000000000002,0.08501671254634857,11982,,4,10,0,1,,,,,,
804,concept,4,1.25,13.345640067900169,0.05,0.00013864999999999998,0.04014255106449127,11997,,10,0,1,4,,,,,,
805,combined,7,0.75,13.53376477670234,0.05,0.0001382,0.03425139933824539,12012,,5,6,1,3,,,,,,
806,stable,7,1.0,14.025217063726478,0.05,0.00013775000000000001,0.020612258464097977,12027,,12,3,0,0,,,,,,
807,covariate,7,1.25,13.606871257952909,0.05,0.00013729999999999998,0.06969782710075378,12042,,5,6,2,2,,,,,,
808,concept,4,0.75,13.281776264836909,0.05,0.00013685,0.0428093783557415,12057,,8,3,2,2,,,,,,
809,combined,5,1.0,13.372376190802346,0.05,0.0001364,0.05760525166988373,12072,,1,10,2,2,,,,,,
810,covariate,7,0.75,13.7093887745836,0.05,0.00013594999999999997,0.057011060416698456,12087,13.718559013364052,5,6,2,2,38.0,14.0,1.0,7.0,0.85,0.8666666666666667
811,concept,6,1.0,13.468387275402023,0.05,0.0001355,0.038006946444511414,12102,,9,1,2,3,,,,,,
812,combined,7,1.0,13.43948805612044,0.05,0.00013505,0.049693115055561066,12117,,9,3,1,2,,,,,,
813,stable,7,1.0,13.972357595334042,0.05,0.00013460000000000002,0.0632307305932045,12132,,13,1,0,1,,,,,,
814,covariate,3,0.75,13.844544684588206,0.05,0.00013415000000000004,0.0316862016916275,12147,,2,13,0,0,,,,,,
815,concept,6,0.75,13.580846965368618,0.05,0.00013370000000000005,0.05294234678149223,12162,,11,1,1,2,,,,,,
816,combined,5,1.0,13.241971600662788,0.05,0.00013325000000000007,0.05519695207476616,12177,,5,5,2,3,,,,,,
817,covariate,6,1.25,13.613885879205895,0.05,0.00013280000000000003,0.017863493412733078,12192,,7,4,0,4,,,,,,
818,concept,5,1.0,13.525443712477225,0.05,0.00013235000000000005,0.03908468410372734,12207,,10,1,1,3,,,,,,
819,combined,7,1.0,13.540285781506496,0.05,0.00013190000000000006,0.05820544436573982,12222,,7,1,0,7,,,,,,
820,stable,6,1.25,13.871517658834797,0.05,0.00013145000000000002,0.048469219356775284,12237,13.68409848300201,14,0,1,0,35.0,11.0,4.0,10.0,0.7833333333333333,0.7833333333333333
821,covariate,3,0.75,13.478681196929303,0.05,0.00013100000000000004,0.0737658217549324,12252,,2,4,1,8,,,,,,
822,concept,3,1.25,13.140077122346462,0.05,0.00013055000000000006,0.06255661696195602,12267,,8,1,1,5,,,,,,
823,combined,5,1.25,13.329289670633363,0.05,0.00013010000000000002,0.03792590647935867,12282,,4,7,1,3,,,,,,
824,covariate,7,1.25,13.684205702456225,0.05,0.00012965000000000003,0.08137650787830353,12297,,7,6,0,2,,,,,,
825,concept,3,1.0,13.404861421129729,0.05,0.00012920000000000005,0.03487084060907364,12312,,8,2,1,4,,,,,,
826,combined,4,1.0,13.390583157562249,0.05,0.00012875000000000007,0.04938092827796936,12327,,4,5,2,4,,,,,,
827,stable,6,0.75,13.92434368870066,0.05,0.00012830000000000003,0.034095823764801025,12342,,13,0,1,1,,,,,,
828,covariate,6,0.75,13.615955156430175,0.05,0.00012785000000000004,0.08225975185632706,12357,,10,1,0,4,,,,,,
829,concept,4,1.25,13.38723505519009,0.05,0.00012740000000000006,0.04572424292564392,12372,,9,2,0,4,,,,,,
830,combined,3,0.75,13.40615481505889,0.05,0.00012695000000000002,0.05387747287750244,12387,13.728169131296827,7,6,1,1,46.0,5.0,1.0,8.0,0.6833333333333333,0.6833333333333333
831,covariate,5,1.25,13.401913221262054,0.05,0.00012650000000000004,0.037227001041173935,12402,,7,1,4,3,,,,,,
832,concept,7,1.25,13.453715633875907,0.05,0.00012605000000000006,0.05756782367825508,12417,,10,2,1,2,,,,,,
833,combined,7,1.25,13.437546706617871,0.05,0.00012560000000000002,0.04528477415442467,12432,,5,6,2,2,,,,,,
834,stable,4,1.25,13.922935094608624,0.05,0.00012515000000000003,0.05115183815360069,12447,,3,12,0,0,,,,,,
835,covariate,7,1.0,13.816289387199602,0.05,0.00012470000000000005,0.020354928448796272,12462,,8,5,0,2,,,,,,
836,concept,6,1.0,13.528270318844157,0.05,0.00012425,0.01901581510901451,12477,,13,0,1,1,,,,,,
837,combined,6,1.0,13.480636120749251,0.05,0.00012380000000000003,0.04266790673136711,12492,,5,7,1,2,,,,,,
838,covariate,7,1.25,13.782481254261862,0.05,0.00012335000000000004,0.08991817384958267,12507,,7,6,0,2,,,,,,
839,concept,4,1.0,13.368311326500438,0.05,0.00012290000000000006,0.10604819655418396,12522,,12,0,1,2,,,,,,
840,combined,7,1.0,13.449136627400133,0.05,0.00012245000000000002,0.05207899957895279,12537,13.614927981177969,9,1,2,3,38.0,5.0,9.0,8.0,0.6333333333333333,0.7333333333333333
841,stable,4,0.75,13.910208696936635,0.05,0.00012200000000000004,0.031445782631635666,12552,,11,3,1,0,,,,,,
842,covariate,4,1.0,13.841320730342318,0.05,0.00012155000000000005,0.011278603225946426,12567,,3,12,0,0,,,,,,
843,concept,4,1.25,13.29617603871467,0.05,0.00012110000000000002,0.03246333822607994,12582,,11,0,3,1,,,,,,
844,combined,4,0.75,13.407166803575215,0.05,0.00012065000000000003,0.040454018861055374,12597,,5,6,2,2,,,,,,
845,covariate,3,1.25,13.404175249033798,0.05,0.00012020000000000005,0.042197782546281815,12612,,6,7,0,2,,,,,,
846,concept,6,1.0,13.576848680195713,0.05,0.00011975000000000001,0.026084966957569122,12627,,11,0,2,2,,,,,,
847,combined,4,0.75,13.518295176340963,0.05,0.00011930000000000003,0.05853411555290222,12642,,8,2,1,4,,,,,,
848,stable,5,0.75,13.99074058505397,0.05,0.00011885000000000004,0.017797768115997314,12657,,14,0,1,0,,,,,,
849,covariate,5,0.75,13.732373817479912,0.05,0.0001184,0.07450613379478455,12672,,3,9,2,1,,,,,,
850,concept,3,1.25,13.141823968420963,0.05,0.00011795000000000002,0.035222940146923065,12687,13.740318277723983,9,1,1,4,41.0,9.0,5.0,5.0,0.6833333333333333,0.75
851,combined,3,1.25,12.956275436874645,0.05,0.00011750000000000004,0.05642660707235336,12702,,5,6,1,3,,,,,,
852,covariate,5,0.75,13.7692097645103,0.05,0.00011705000000000005,0.037033356726169586,12717,,7,5,2,1,,,,,,
853,concept,7,0.75,13.517885452962481,0.05,0.00011660000000000002,0.02859696000814438,12732,,11,2,0,2,,,,,,
854,combined,5,1.25,13.403338476890786,0.05,0.00011615000000000003,0.050987593829631805,12747,,8,3,1,3,,,,,,
855,stable,4,1.0,14.09997225270714,0.05,0.00011570000000000005,0.04823194444179535,12762,,15,0,0,0,,,,,,
856,covariate,5,1.25,13.501375808793181,0.05,0.00011525000000000001,0.009232822805643082,12777,,8,2,1,4,,,,,,
857,concept,4,1.0,13.4116425385286,0.05,0.00011480000000000003,0.08138444274663925,12792,,9,2,1,3,,,,,,
858,combined,3,1.25,13.295531130173577,0.05,0.00011435000000000004,0.0656614750623703,12807,,6,2,0,7,,,,,,
859,covariate,3,1.25,13.71950842976246,0.05,0.0001139,0.07070398330688477,12822,,4,11,0,0,,,,,,
860,concept,6,1.25,13.497814025578833,0.05,0.00011345000000000002,0.03984610363841057,12837,13.707604299080892,8,1,0,6,43.0,2.0,5.0,10.0,0.7333333333333333,0.7333333333333333
861,combined,5,0.75,13.454229700493954,0.05,0.00011300000000000004,0.03069242462515831,12852,,6,3,1,5,,,,,,
862,stable,4,0.75,14.122266695288502,0.05,0.00011255000000000005,0.020525332540273666,12867,,15,0,0,0,,,,,,
863,covariate,6,0.75,13.858948972321773,0.05,0.00011210000000000001,0.027052922174334526,12882,,6,8,0,1,,,,,,
864,concept,5,0.75,13.441558285810466,0.05,0.00011165000000000003,0.03225164860486984,12897,,12,0,1,2,,,,,,
865,combined,6,0.75,13.561259227578528,0.05,0.00011120000000000005,0.03249342739582062,12912,,5,8,1,1,,,,,,
866,covariate,4,1.25,13.740507540724334,0.05,0.00011075000000000001,0.01681576669216156,12927,,0,14,0,1,,,,,,
867,concept,3,1.25,13.100891860486277,0.05,0.00011030000000000002,0.026156893000006676,12942,,9,0,3,3,,,,,,
868,combined,6,1.25,13.44356232354419,0.05,0.00010985000000000004,0.020388931035995483,12957,,9,2,0,4,,,,,,
869,stable,5,0.75,14.049015274628857,0.05,0.0001094,0.05171724408864975,12972,,12,3,0,0,,,,,,
870,covariate,5,0.75,13.854965934790075,0.05,0.00010895000000000002,0.04883412644267082,12987,13.770097738168825,4,10,0,1,37.0,17.0,2.0,4.0,0.65,0.6666666666666666
871,concept,3,0.75,13.319657317363168,0.05,0.00010850000000000004,0.061278726905584335,13002,,10,2,1,2,,,,,,
872,combined,7,1.25,13.33752410409412,0.05,0.00010805,0.07891246676445007,13017,,1,9,3,2,,,,,,
873,covariate,4,0.75,13.827104952716816,0.05,0.00010760000000000001,0.02478831633925438,13032,,2,11,1,1,,,,,,
874,concept,3,1.25,13.14639983895888,0.05,0.00010715000000000003,0.05904272943735123,13047,,8,1,1,5,,,,,,
875,combined,5,1.0,13.206075237747427,0.05,0.00010670000000000005,0.03566916659474373,13062,,5,6,0,4,,,,,,
876,stable,6,0.75,14.105547368021789,0.05,0.00010625000000000001,0.039856791496276855,13077,,15,0,0,0,,,,,,
877,covariate,6,1.25,13.660266210637644,0.05,0.00010580000000000002,0.05181526765227318,13092,,6,6,0,3,,,,,,
878,concept,6,0.75,13.513263940913692,0.05,0.00010535000000000004,0.022808300331234932,13107,,11,0,2,2,,,,,,
879,combined,7,1.0,13.547821334987878,0.05,0.0001049,0.03353537619113922,13122,,6,6,1,2,,,,,,
880,covariate,7,1.0,13.818455368044168,0.05,0.00010445000000000002,0.017093900591135025,13137,13.727312181500292,6,8,0,1,38.0,13.0,3.0,6.0,0.7833333333333333,0.8
881,concept,7,1.25,13.486337304678361,0.05,0.00010400000000000003,0.047956161201000214,13152,,11,2,0,2,,,,,,
882,combined,7,1.0,13.52858963257147,0.05,0.00010355,0.04885304346680641,13167,,7,6,1,1,,,,,,
883,stable,4,1.0,14.099972283227073,0.05,0.00010310000000000001,0.01294882781803608,13182,,15,0,0,0,,,,,,
884,covariate,4,1.0,13.684270125281476,0.05,0.00010265000000000003,0.04461323469877243,13197,,2,11,0,2,,,,,,
885,concept,3,1.25,13.200727979981044,0.05,0.00010220000000000004,0.04441497474908829,13212,,7,2,1,5,,,,,,
886,combined,7,1.25,13.367692559053616,0.05,0.00010175,0.022973503917455673,13227,,9,5,0,1,,,,,,
887,covariate,7,1.0,13.743860668545665,0.05,0.00010130000000000002,0.037267595529556274,13242,,5,9,1,0,,,,,,
888,concept,6,1.0,13.469546798884954,0.05,0.00010085000000000004,0.05996935814619064,13257,,11,1,1,2,,,,,,
889,combined,6,1.25,13.421607618735473,0.05,0.0001004,0.041180022060871124,13272,,4,7,1,3,,,,,,
890,stable,3,1.25,13.949062288940038,0.05,9.995000000000002e-05,0.028309736400842667,13287,13.664411791779358,14,0,1,0,32.0,18.0,6.0,4.0,0.7,0.7666666666666667
891,covariate,7,1.25,13.667682012368434,0.05,9.950000000000003e-05,0.06527771055698395,13302,,6,6,1,2,,,,,,
892,concept,4,1.0,13.181168367267174,0.05,9.905e-05,0.03345593810081482,13317,,10,2,0,3,,,,,,
893,combined,6,0.75,13.456628490045302,0.05,9.860000000000001e-05,0.037056028842926025,13332,,5,5,2,3,,,,,,
894,covariate,5,0.75,13.639766238774143,0.05,9.815000000000003e-05,0.05997003614902496,13347,,7,5,0,3,,,,,,
895,concept,6,0.75,13.532549456126207,0.05,9.769999999999999e-05,0.03743048757314682,13362,,12,1,1,1,,,,,,
896,combined,6,0.75,13.422912184134299,0.05,9.725e-05,0.08527600765228271,13377,,5,6,1,3,,,,,,
897,stable,3,1.0,13.976948288320067,0.05,9.680000000000002e-05,0.03231712803244591,13392,,12,2,0,1,,,,,,
898,covariate,4,1.25,13.656075310466203,0.05,9.635000000000004e-05,0.058488115668296814,13407,,6,6,1,2,,,,,,
899,concept,7,0.75,13.617780986542124,0.05,9.59e-05,0.07625147700309753,13422,,12,0,1,2,,,,,,
900,combined,4,1.0,13.412910255147535,0.05,9.545000000000002e-05,0.03631401062011719,13437,13.703004869201761,7,2,1,5,35.0,14.0,3.0,8.0,0.75,0.8
901,covariate,4,0.75,13.655549268157461,0.05,9.500000000000003e-05,0.022601839154958725,13452,,5,4,1,5,,,,,,
902,concept,6,1.0,13.487683218674986,0.05,9.455e-05,0.03952433913946152,13467,,10,1,2,2,,,,,,
903,combined,7,1.25,13.437333742832687,0.05,9.410000000000001e-05,0.03213430196046829,13482,,7,4,2,2,,,,,,
904,stable,3,0.75,14.105548287196092,0.05,9.365000000000003e-05,0.05828113108873367,13497,,15,0,0,0,,,,,,
905,covariate,5,1.25,13.602494547688675,0.05,9.319999999999999e-05,0.06157534569501877,13512,,3,6,0,6,,,,,,
906,concept,3,1.0,13.330523807385186,0.05,9.275e-05,0.07070089876651764,13527,,9,1,1,4,,,,,,
907,combined,6,1.25,13.089677185752,0.05,9.230000000000002e-05,0.028504878282546997,13542,,8,5,0,2,,,,,,
908,covariate,7,1.0,13.8551260184292,0.05,9.184999999999998e-05,0.03465443104505539,13557,,6,9,0,0,,,,,,
909,concept,3,1.0,13.388177930722826,0.05,9.14e-05,0.018842656165361404,13572,,2,8,3,2,,,,,,
910,combined,7,1.0,13.427780572195452,0.05,9.095000000000002e-05,0.02780892327427864,13587,13.724416097401596,7,6,0,2,34.0,18.0,2.0,6.0,0.85,0.85
911,stable,5,1.0,14.03796471084197,0.05,9.050000000000003e-05,0.06526131182909012,13602,,14,0,0,1,,,,,,
912,covariate,4,1.0,13.5649294565804,0.05,9.005e-05,0.032803066074848175,13617,,7,3,1,4,,,,,,
913,concept,4,1.0,13.4461060555397,0.05,8.960000000000001e-05,0.07231516391038895,13632,,11,1,1,2,,,,,,
914,combined,7,0.75,13.719082785475422,0.05,8.915000000000003e-05,0.022307928651571274,13647,,9,3,1,2,,,,,,
915,covariate,6,0.75,13.735742924271916,0.05,8.869999999999999e-05,0.034853048622608185,13662,,7,4,2,2,,,,,,
916,concept,7,0.75,13.615292123388238,0.05,8.825e-05,0.04125591367483139,13677,,13,0,1,1,,,,,,
917,combined,3,1.0,13.41953700179202,0.05,8.780000000000002e-05,0.03769800812005997,13692,,6,4,2,3,,,,,,
918,stable,7,1.25,13.833125695464256,0.05,8.734999999999998e-05,0.0507730171084404,13707,,10,3,0,2,,,,,,
919,covariate,4,1.0,13.83187052695597,0.05,8.69e-05,0.03811987489461899,13722,,4,11,0,0,,,,,,
920,concept,3,1.25,13.25916159973108,0.05,8.645000000000001e-05,0.02205021306872368,13737,13.729149461332202,10,0,2,3,38.0,13.0,3.0,6.0,0.8333333333333334,0.8666666666666667
921,combined,6,1.25,13.433413137450914,0.05,8.600000000000003e-05,0.06889276951551437,13752,,5,6,1,3,,,,,,
922,covariate,4,1.25,13.608336703918564,0.05,8.554999999999999e-05,0.05421106517314911,13767,,6,5,1,3,,,,,,
923,concept,7,1.0,13.534013867270925,0.05,8.510000000000001e-05,0.08363620936870575,13782,,12,1,1,1,,,,,,
924,combined,5,1.25,13.389131012574234,0.05,8.465000000000002e-05,0.03004203364253044,13797,,6,3,2,4,,,,,,
925,stable,7,1.0,13.903140510257149,0.05,8.419999999999999e-05,0.047189339995384216,13812,,12,2,0,1,,,,,,
926,covariate,4,0.75,13.724816985358812,0.05,8.375e-05,0.058574315160512924,13827,,6,6,1,2,,,,,,
927,concept,6,0.75,13.638646514925341,0.05,8.330000000000002e-05,0.04643199220299721,13842,,13,0,1,1,,,,,,
928,combined,6,0.75,13.409082710569848,0.05,8.284999999999998e-05,0.027767915278673172,13857,,10,2,0,3,,,,,,
929,covariate,4,0.75,13.833103400245255,0.05,8.24e-05,0.04418312385678291,13872,,5,8,1,1,,,,,,
930,concept,7,0.75,13.478657082737444,0.05,8.195000000000001e-05,0.029811330139636993,13887,13.731872787681947,6,6,0,3,37.0,13.0,6.0,4.0,0.85,0.9
931,combined,4,1.0,13.415480691340875,0.05,8.149999999999998e-05,0.032876498997211456,13902,,6,5,1,3,,,,,,
932,stable,3,0.75,14.105547468556184,0.05,8.104999999999999e-05,0.03673597052693367,13917,,15,0,0,0,,,,,,
933,covariate,6,1.0,13.78127029002114,0.05,8.060000000000001e-05,0.06351478397846222,13932,,7,6,1,1,,,,,,
934,concept,3,0.75,13.45882212985163,0.05,8.015000000000002e-05,0.07746778428554535,13947,,10,1,1,3,,,,,,
935,combined,7,1.0,13.523121736965908,0.05,7.969999999999999e-05,0.04736659303307533,13962,,6,7,2,0,,,,,,
936,covariate,5,1.0,13.749529427729707,0.05,7.925e-05,0.024936797097325325,13977,,4,10,0,1,,,,,,
937,concept,6,1.25,13.463463893923407,0.05,7.880000000000002e-05,0.04505075514316559,13992,,9,3,2,1,,,,,,
938,combined,6,1.0,13.470580982776633,0.05,7.834999999999998e-05,0.04368126019835472,14007,,7,3,2,3,,,,,,
939,stable,6,1.25,14.042690234698883,0.05,7.790000000000005e-05,0.01143396645784378,14022,,12,3,0,0,,,,,,
940,covariate,3,1.25,13.433426045198626,0.05,7.745000000000007e-05,0.04845676198601723,14037,13.757567786750927,4,5,1,5,36.0,18.0,2.0,4.0,0.75,0.75
941,concept,3,1.0,13.432892564851134,0.05,7.700000000000003e-05,0.06273853778839111,14052,,7,4,1,3,,,,,,
942,combined,6,0.75,13.417981093200646,0.05,7.655000000000004e-05,0.07152768969535828,14067,,6,7,1,1,,,,,,
943,covariate,3,1.25,13.687825274214273,0.05,7.610000000000006e-05,0.031093209981918335,14082,,3,11,1,0,,,,,,
944,concept,3,0.75,13.331654671085316,0.05,7.565000000000002e-05,0.08259724825620651,14097,,10,2,1,2,,,,,,
945,combined,7,0.75,13.691792746518042,0.05,7.520000000000004e-05,0.0563550628721714,14112,,8,4,1,2,,,,,,
946,stable,6,1.0,14.109536493522816,0.05,7.475000000000006e-05,0.010742398910224438,14127,,14,1,0,0,,,,,,
947,covariate,3,1.25,13.711614319088348,0.05,7.430000000000002e-05,0.030249733477830887,14142,,4,11,0,0,,,,,,
948,concept,6,1.0,13.529928330674569,0.05,7.385000000000003e-05,0.022889424115419388,14157,,13,0,1,1,,,,,,
949,combined,3,1.0,13.34787600521111,0.05,7.340000000000005e-05,0.038904525339603424,14172,,3,6,3,3,,,,,,
950,covariate,7,0.75,13.777243003181207,0.05,7.295000000000007e-05,0.029388921335339546,14187,13.723108814429956,4,9,1,1,39.0,15.0,3.0,3.0,0.7833333333333333,0.8
951,concept,3,0.75,13.327511993834369,0.05,7.250000000000003e-05,0.04548817127943039,14202,,12,0,1,2,,,,,,
952,combined,3,0.75,13.421354181696458,0.05,7.205000000000004e-05,0.0709257647395134,14217,,5,4,2,4,,,,,,
953,stable,5,0.75,14.054898234790775,0.05,7.160000000000006e-05,0.06478284299373627,14232,,12,3,0,0,,,,,,
954,covariate,3,1.0,13.645350809560028,0.05,7.115000000000002e-05,0.016614746302366257,14247,,7,4,2,2,,,,,,
955,concept,4,0.75,13.384135208770829,0.05,7.070000000000004e-05,0.01875869370996952,14262,,12,0,1,2,,,,,,
956,combined,6,1.0,13.464511828517466,0.05,7.025000000000005e-05,0.04429870843887329,14277,,8,1,2,4,,,,,,
957,covariate,5,0.75,13.68218002004039,0.05,6.980000000000002e-05,0.05159465968608856,14292,,4,6,3,2,,,,,,
958,concept,6,0.75,13.599603652611112,0.05,6.935000000000003e-05,0.06406094133853912,14307,,11,2,1,1,,,,,,
959,combined,5,1.25,13.245329758273563,0.05,6.890000000000005e-05,0.05966983735561371,14322,,5,5,2,3,,,,,,
960,stable,6,0.75,13.92883370002661,0.05,6.845000000000006e-05,0.04933839291334152,14337,13.540448135539036,11,3,1,0,20.0,23.0,11.0,6.0,0.35,0.43333333333333335
961,covariate,3,1.0,13.808420222234938,0.05,6.800000000000003e-05,0.053896330296993256,14352,,1,13,0,1,,,,,,
962,concept,4,1.0,13.36056611424946,0.05,6.755000000000004e-05,0.04362184926867485,14367,,13,0,1,1,,,,,,
963,combined,5,1.0,13.465613924198257,0.05,6.710000000000006e-05,0.0307321734726429,14382,,9,1,0,5,,,,,,
964,covariate,4,0.75,13.694840248455813,0.05,6.665000000000002e-05,0.03400140628218651,14397,,5,6,1,3,,,,,,
965,concept,5,1.0,13.386995837894919,0.05,6.620000000000004e-05,0.03051832690834999,14412,,9,2,2,2,,,,,,
966,combined,3,1.0,13.474749926618871,0.05,6.575000000000005e-05,0.02864101529121399,14427,,7,3,2,3,,,,,,
967,stable,5,1.0,14.01209333903631,0.05,6.530000000000002e-05,0.012880589812994003,14442,,14,0,0,1,,,,,,
968,covariate,6,0.75,13.755649577817783,0.05,6.485000000000003e-05,0.03469795733690262,14457,,8,4,1,2,,,,,,
969,concept,7,1.0,13.366386723163222,0.05,6.440000000000005e-05,0.041364237666130066,14472,,10,2,0,3,,,,,,
970,combined,6,1.0,13.441288933781568,0.05,6.395000000000001e-05,0.01647672802209854,14487,13.741172608758491,8,5,1,1,39.0,12.0,5.0,4.0,0.38333333333333336,0.38333333333333336
971,covariate,5,0.75,13.891109922772708,0.05,6.350000000000003e-05,0.015436800196766853,14502,,5,10,0,0,,,,,,
972,concept,6,1.25,13.303733182599121,0.05,6.305000000000004e-05,0.03651019185781479,14517,,10,1,1,3,,,,,,
973,combined,6,1.25,13.500435352898775,0.05,6.260000000000006e-05,0.005795745179057121,14532,,7,5,0,3,,,,,,
974,stable,6,1.25,13.999491396264194,0.05,6.215000000000002e-05,0.05595982074737549,14547,,14,0,1,0,,,,,,
975,covariate,6,0.75,13.830144936395152,0.05,6.170000000000004e-05,0.01919517293572426,14562,,5,8,1,1,,,,,,
976,concept,6,0.75,13.427814196214328,0.05,6.125000000000005e-05,0.06156693398952484,14577,,12,0,1,2,,,,,,
977,combined,3,1.25,13.180725338237323,0.05,6.0800000000000014e-05,0.029544835910201073,14592,,3,5,2,5,,,,,,
978,covariate,7,1.0,13.850928350787125,0.05,6.035000000000003e-05,0.013549035415053368,14607,,8,6,1,0,,,,,,
979,concept,3,1.25,13.012667539180471,0.05,5.9900000000000047e-05,0.04325864464044571,14622,,8,2,0,5,,,,,,
980,combined,5,1.0,13.300675020717092,0.05,5.945000000000001e-05,0.05263859033584595,14637,13.719790798198133,6,6,0,3,38.0,15.0,3.0,4.0,0.8666666666666667,0.9
981,stable,4,1.25,13.99055085700211,0.05,5.9000000000000025e-05,0.03964150696992874,14652,,12,2,1,0,,,,,,
982,covariate,4,1.25,13.579121210778657,0.05,5.855000000000004e-05,0.012886741198599339,14667,,6,5,1,3,,,,,,
983,concept,6,1.25,13.325317585744477,0.05,5.81e-05,0.03955512493848801,14682,,11,0,2,2,,,,,,
984,combined,3,1.0,13.400766066267941,0.05,5.765000000000002e-05,0.04054995998740196,14697,,4,6,1,4,,,,,,
985,covariate,5,0.75,13.820939378089099,0.05,5.7200000000000035e-05,0.03187261521816254,14712,,4,9,1,1,,,,,,
986,concept,5,1.25,13.436534247113883,0.05,5.675000000000005e-05,0.053311288356781006,14727,,10,1,2,2,,,,,,
987,combined,3,0.75,13.388444418666035,0.05,5.630000000000001e-05,0.054601602256298065,14742,,4,7,2,2,,,,,,
988,stable,6,1.0,13.868905059320515,0.05,5.585000000000003e-05,0.02024451270699501,14757,,13,0,2,0,,,,,,
989,covariate,6,1.0,13.709226984091503,0.05,5.5400000000000046e-05,0.06556541472673416,14772,,4,7,3,1,,,,,,
990,concept,5,1.25,13.322020674195782,0.05,5.495000000000001e-05,0.053862255066633224,14787,13.648160423416403,8,1,4,2,33.0,12.0,10.0,5.0,0.8333333333333334,0.9166666666666666
991,combined,5,0.75,13.372924596188664,0.05,5.4500000000000024e-05,0.053526587784290314,14802,,3,7,3,2,,,,,,
992,covariate,5,1.25,13.439562395183637,0.05,5.405000000000004e-05,0.043532513082027435,14817,,7,2,2,4,,,,,,
993,concept,5,0.75,13.470496003938022,0.05,5.36e-05,0.0611017569899559,14832,,10,3,1,1,,,,,,
994,combined,7,1.25,13.489474412723714,0.05,5.315000000000002e-05,0.044862933456897736,14847,,5,5,1,4,,,,,,
995,stable,4,0.75,14.078071329518256,0.05,5.2700000000000034e-05,0.058158233761787415,14862,,14,1,0,0,,,,,,
996,covariate,3,1.0,13.6060274329314,0.05,5.225000000000005e-05,0.06315317004919052,14877,,5,6,1,3,,,,,,
997,concept,5,1.25,13.466019609986159,0.05,5.180000000000001e-05,0.021680694073438644,14892,,9,1,2,3,,,,,,
998,combined,6,0.75,13.667951727362334,0.05,5.135000000000003e-05,0.049580033868551254,14907,,7,5,1,2,,,,,,
999,covariate,7,1.0,13.895182160749535,0.05,5.0900000000000045e-05,0.023927150294184685,14922,,7,8,0,0,,,,,,
1000,concept,5,0.75,13.366294751994912,0.05,5.0450000000000007e-05,0.017721859738230705,14937,13.732397915846063,11,1,1,2,38.0,13.0,3.0,6.0,0.85,0.85
